S02B0000433A2F55736572732F65726963722F446F63756D656E74732F6769746875622F53774F6E4F66665F0F
S3150800600008040020894601088746010887460108D2
S31508006010C9660008874601088746010887460108B9
S315080060208746010887460108874601087D7F0308D9
S315080060308746010800B20308217F0308B3A90308AD
S31508006040117801088746010887460108874601082E
S31508006050A19B01088746010887460108874601086B
S315080060608746010887460108874601086F9B01088D
S315080060706D9B01088746010887460108874601087F
S3150800608087460108874601088746010887460108AA
S3150800609087460108874601087B8800088746010865
S315080060A08746010887460108B14701088D47010858
S315080060B051520108555201081D3803084141030889
S315080060C0EF790308EB79030891380308057A030882
S315080060D0F379030811410308F77903086D57030894
S315080060E0A141030887460108874601088746010833
S315080060F087460108B99E00088746010887460108B1
S315080061008746010887460108874601088746010829
S3150800611087460108874601084D1D0108874601087C
S315080061208746010887460108874601088746010809
S3150800613087460108874601088746010887460108F9
S31508006140874601088746010887460108C954010899
S315080061508746010887460108FD9E03080D270308A0
S315080061608746010887460108B5250308E925030877
S3150800618070B5104A104C114DE3695E0714D40828FF
S3150800619001D12B4213D103EA00068E4207D10B4ADE
S315080061A01A40002A14BF6FF00100002070BD013AA2
S315080061B0EAD16FF00200F9E74FF0FF30F6E76FF02B
S315080061C00100F3E7809698000000035002000100E2
S315080061D04FF4803238B50E4B0E4C9A66E56941F697
S315080061E0713315400122E3630B4B0021DA60022369
S315080061F0606121202361FFF7C3FF10B92120FFF753
S31508006200BFFF0122054BDA600DB10023E36338BDF9
S315080062100090005000000350001003500020035067
S315080062202DE9F84F17464FF48032274B274D9A66CB
S31508006230EB69804603EA020941F671330122EB63F2
S31508006240234B244EDA600FB938462AE008F5005485
S315080062503440C5F81480A4EB0804EB69BC4228BF97
S315080062603C465B072DD48B465BF8043B01EB040ADE
S31508006270AB61D3450ED10423002121202B61FFF702
S315080062807FFF70B92120FFF77BFF50B95946A0441C
S315080062903F1BD8E708210846FFF772FF68B10423B9
S315080062A02B6101220C4BDA60B9F1000F03D00022F2
S315080062B0A3F50053DA63BDE8F88F5BF8043BAB61DE
S315080062C0D7E74FF0FF30ECE700900050000003508E
S315080062D00010035000E0FFFF0020035000000000FC
S315080062E029A101086C00010000000000FF00010060
S315080062F002005A0001000000000000000000000033
S3150800630000000000EF780008000000000000000010
S315080063100000000000000000030025000200000045
S315080063206DAF0008A5780008AF780008E378000884
S3150800633000000000B5A80008B5A800080000000085
S315080063400300200002000000CDB400080000000091
S31508006350000000000000000000000000000000002F
S31508006360000000000000000002008E00030000008C
S31508006370B1B900080000000000000000000000009D
S3150800638000000000000000000000000000000000FF
S31508006390020059000300000021B3000800000000B5
S315080063A00000000000000000000000003978000826
S315080063B00000000000000000020085000200000046
S315080063C009B90008000000000000000000000000F5
S315080063D0000000006DAE00087DAE00080000000059
S315080063E003008C0002000000299F0108000000003D
S315080063F000000000719B010800000000EDA60108DE
S315080064007D9B01080000000002005E0002000000FB
S31508006410A99E01080000000000000000000000001E
S31508006420000000000000000000000000000000005E
S3150800643002008600030000005BA1010800000000BE
S31508006440000000000000000000000000000000003E
S31508006450000000000000000002006C0001000000BF
S31508006460F1BA01080000000000000000000000006A
S3150800647000000000DDA00108DDA001080000000002
S31508006480020073000100000091C701080000000027
S31508006490000000000000000000000000619B0108E9
S315080064A0F5BF0108000000000200720002000000AB
S315080064B0319E0108000000000000000000000000F6
S315080064C000000000000000000000000000000000BE
S315080064D0020087000300000085B5010800000000DF
S315080064E000000000559B01080000000000000000A5
S315080064F0000000000000000002007A00050000000D
S31508006500F1C00108000000000000000000000000C3
S3150800651000000000E5B80108E5B801080000000021
S315080065200100FF00FF00000000000000000000005E
S31508006530000000000000000000000000000000004D
S3150800654000000000000000002500000090AF0020B9
S31508006550FF00000000000000080000000D3A0208D5
S3150800656018000000AF5D02082200000051BA0208B8
S3150800657001000000A95D0208050000006F5C020822
S3150800658004000000315E02080B000000155D0208D9
S315080065902500000075690208240000000D6902083C
S315080065A014000000C97502080C000000956E020868
S315080065B016000000915B0208030000002D6B02081C
S315080065C002000000895B02082A0000003106020862
S315080065D029000000551E020802000000690602088C
S315080065E0010000006306020803000000C51902083E
S30D080065F0000000005D06020828
S31508006600013800D0FCE7704730B5EFF3118130232D
S3150800661083F311880F4B104A1C78106881F3118890
S31508006620BFF36F8F0D490D6845B1FF2C06D01B7857
S31508006630012B04D80968143351F8230048B9EFF33D
S315080066401183302181F31188506883F31188BFF3D1
S315080066506F8F30BD78AE0020B88500205C0400201E
S3150800666070B50C46154610B9FFF7CEFF38B143682A
S315080066702BB12A462146BDE87040006818472320FA
S3150800668070BDD0F870311B689A6C5006FCD55964F9
S315080066909A6C9206FCD500207047D0F870311B68BA
S315080066A09A6C120643BFDB6B00200B701B207047E9
S315080066B080F89910704790F89900704790F89600FE
S315080066C0704790F8A1007047BFF34F8F0549064BF6
S315080066D0CA6802F4E0621343CB60BFF34F8F00BF72
S315080066E0FDE700BF00ED00E00400FA059A4238BF56
S315080066F088547047704710B1D1E900311847704780
S315080067002DE9F84F9846DDE90B490D9B15469A0782
S3150800671006460F4623D02A460A9B03EB040A14446E
S31508006720A24220D10D9B9B0705D5A2EB050AD145B0
S3150800673005EB0A0420D82046BDE8F88F43463946BB
S315080067402020B0470AF1010ACA450AEB0B02F5D325
S31508006750A9EB04024C4588BF00222A44DCE7A2467E
S31508006760A5EB040BF0E702F1010B434639461AF88C
S31508006770010DB0475A46D3E74346224639462020FC
S31508006780B0470AF1010AD2E72DE9F047DDE90D76AF
S3150800679016F0020F9DF82880DDE90854DDE90BCED6
S315080067A01FD106F001094FB1B9F1000F06D0B8F1B3
S315080067B0000F02D116F00C0F00D0013F4FF0300A3F
S315080067C002E005F804A00134A64501D9202CF8D129
S315080067D0B9F1000F05D04FF03009A74201D9202C96
S315080067E02DD116F0100F1FD016F4806F2CD15CB384
S315080067F0744501D0BC4227D1B4F1010E23D0BCF1B7
S31508006800100F3BD1023C16F0200F3CD1202C3CD077
S315080068104FF0780C05F804C00134202C35D04FF021
S31508006820300C05F804C00134202C2ED0B8F1000F26
S3150800683018D04FF02D0C05F804C0013426E005F8F1
S3150800684004900134C9E77446BCF1100FDBD0BCF1E3
S31508006850020FE2D1202C18D04FF0620CDAE74FF085
S31508006860580CD7E716F0040F02D04FF02B0CE2E7CE
S3150800687016F0080F0AD04FF0200CDCE7BCF1020F27
S315080068807446CCD1E8E7202CE9D12024CDE90A7654
S31508006890CDE90854BDE8F04732E72DE9F04391B059
S315080068A0189D1A9E1D9F0DB927F010077C0500D567
S315080068B015B317F0200F14BF4FF0410E4FF0610EBD
S315080068C0AC4600250DF12008AEF10A0EBCFBF6F920
S315080068D006FB19C95FFA89F4B9F1090F94BF303478
S315080068E07444E4B2B44508F8014B05F10105BCFB54
S315080068F0F6F401D3202D10D11C9C069705941B9CF9
S31508006900CDE903649DF86440CDE9015408AC0094D0
S31508006910FFF73AFF11B0BDE8F083A446D6E72DE9A4
S31508006920F04F95B0269ECDE90A23DDE91E74DDE910
S31508006930229B57EA040308BF26F010067205CDE924
S31508006940080102D557EA040337D016F0200F14BF02
S315080069504123612300250DF1300AA3F10A082146D7
S315080069604A465B4638462FF0E3FBD2B2092A94BF63
S31508006970303242444F45D2B274EB0B0405F101059F
S315080069800AF8012B01D3202D14D1259B06960593D1
S31508006990249BDDE90801CDE903939DF88030CDE914
S315080069A001530CAB0093DDE90A23FFF7EDFE15B0A2
S315080069B0BDE8F08F07460C46D1E70025E5E72DE947
S315080069C0F04F93B0CDE90A32DDE91C630E9353EC20
S315080069D0102BCDE90801104619468DED060B1E9DB4
S315080069E02FF004FB80B1DDE906014FF0FF32C84BFA
S315080069F02FF024FB40B9DDE906014FF0FF326FF4B2
S31508006A0080132FF0FDFA68B1DDE908019DED060B4C
S31508006A100E9B1E95CDE91C63DDE90A3213B0BDE86D
S31508006A20F04F8AE10022DDE9060100232FF0E8FA9B
S31508006A30002800F03781DDE906A303F1004BCBF30C
S31508006A400A5015F48063A0F2FF3008BF06260F939C
S31508006A502EF0FAFF9EA3D3E900232FF05FF89EA33A
S31508006A60D3E900232EF0A4FECBF31304894644F0A1
S31508006A707F5180460022A74B504641F440112EF024
S31508006A8095FE97A3D3E900232FF048F802460B4654
S31508006A90404649462EF08CFE2FF0C2FD04462EF0E5
S31508006AA0D3FF91A3D3E90023804689462FF036F811
S31508006AB00022994B2EF07CFE2FF0B2FD8CA3D3E971
S31508006AC000230746494640462FF028F880463846B0
S31508006AD089462EF0B9FF88A3D3E900232FF01EF8C4
S31508006AE002460B46404649462EF060FE02460B46D5
S31508006AF0CDE90C232FF012F8DDE90C2380468946F0
S31508006B00104619462EF054FE0022CDE91001834B9B
S31508006B10404649462FF02CF90022814B2EF048FEBC
S31508006B2002460B46404649462FF022F900227D4B85
S31508006B302EF03EFE02460B46404649462FF018F90F
S31508006B40DDE90C238046894600204FF080412EF06F
S31508006B502DFE02460B46404649462EF029FE0246C1
S31508006B600B46DDE910012FF003F907F2FF37002283
S31508006B706D4B2EF01DFE00223B052EF0CFFF524630
S31508006B805B46804689462FF059FA002840F08D80EA
S31508006B90CDE90C8904F16303C62B8CBF05270427AE
S31508006BA029051FD556A3D3E90023504659462FF089
S31508006BB03BFA002800F0838053A3D3E9002350460C
S31508006BC059462FF01DFA002879D0A642D8BF0024CE
S31508006BD04FF00007C4BF341B04F1FF3426463C4679
S31508006BE045F480650E9B9F422CBF4FF00008A3EB2F
S31508006BF0070815F0020903D0002F18BF4FF0000848
S31508006C003CB1DDE90C23504659462FF0B1F88246CF
S31508006C108B46DDE90601002200232FF0F1F910B1B9
S31508006C200BF100439B46DDE9080125F40063CDE935
S31508006C300183DDE90A324BEC10AB009600F07DF8D3
S31508006C4002465FB3DDE9091315F0200F089E00F12F
S31508006C5001050CBF65204520B047DDE9080105237D
S31508006C60002205930A23002CCDE9023207F1FF37EB
S31508006C704FEAD473B8BF64422A46019304970A9B25
S31508006C800094FFF70AFE0246B9F1000F06D00B9BE7
S31508006C90C41A0B9B1A190E9BA34247D8104613B069
S31508006CA0BDE8F08FDDE906ABC9E600224046494655
S31508006CB01B4B2FF05DF8013CCDE90C016AE7002E6D
S31508006CC090D00F9B002B8DD0013E8BE7AFF3008051
S31508006CD0FB799F501344D33FB3C8608B288AC63FBD
S31508006CE061436F63A787D23F71A379094F930A401F
S31508006CF01655B5BBB16B0240EF39FAFE422EE63F98
S31508006D002D431CEBE2361A3F0000000080842E411A
S31508006D10FFFFEF7F0000F83F0000E03F00002C4037
S31508006D2000002440000018400000F03F2020DDE964
S31508006D300913089DA8470134ABE72DE9F04F5BEC32
S31508006D4010AB97B0CDE90501DDE92048CDE9072369
S31508006D50504652465B465946229F2FF047F970B96E
S31508006D600323CDE902870193A34B0093DDE90501CF
S31508006D70DDE90723FFF7C4FC17B0BDE8F08F4FF035
S31508006D80FF326FF48013504659462FF039F928B16F
S31508006D900423CDE902870193984BE6E74FF0FF32CB
S31508006DA050465946964B2FF049F950B178074CBFD3
S31508006DB004220322CDE902874CBF924B924B0192E3
S31508006DC0D3E7504688A3D3E9002359462FF036F96E
S31508006DD038B987A3D3E90023504659462FF010F94E
S31508006DE060B1DDE90723DDE905014BEC10ABCDE920
S31508006DF02187209417B0BDE8F04FE0E50022002374
S31508006E00504659462FF0FCF8B8B15B46524600206A
S31508006E1000212EF0CBFC012382468B46099317F4FA
S31508006E20806F08BF0624302123460EAAA4F1200944
S31508006E30092B04D89946E41A07E00990EFE7013BC5
S31508006E404B4502F8011BF3D12024594650462FF032
S31508006E50E7FB6E4B054603EBC90393ED007B8DED0F
S31508006E600A7B2EF0F1FD02460B46504659462EF097
S31508006E709DFCDDE90A232EF051FE02460B46CDE9BC
S31508006E800C232FF0E5F806462EF0CEFD02460B46FB
S31508006E90DDE90C012EF08AFC02460B46CDE90C23EF
S31508006EA000225B4B2FF0CAF8B8B1013630462EF0F7
S31508006EB0BBFD02460B46DDE90A012FF0ABF808B127
S31508006EC000260135B9F1000F14D00A210EAB1A19A4
S31508006ED0202C40D13022A14450E00022DDE90C01EB
S31508006EE04B4B2FF08DF80028ECD10EB1F107E9D500
S31508006EF00136E7E728462EF0A7FD02460B46504620
S31508006F0059462EF053FC0022414B2FF079F810B960
S31508006F10013525F001050A210EAB1A19202C0AD0D5
S31508006F2095FBF1F001FB1055303502F8015B013491
S31508006F3005460028F2D107F00302012A38D1B8F134
S31508006F40000F35D0099A12B917F00C0F01D008F1C5
S31508006F50FF38302223E0B6FBF1F001FB1063092E5F
S31508006F6003F1300309F1FF3904F1010402F8013B8A
S31508006F70B0D90646ACE70EA90A551C46202CCAD03D
S31508006F804C4504F10103F6D104F158020DEB020455
S31508006F902E2204F8202C1C46BDE71A550134A045BC
S31508006FA006D9202CF9D1CDE9028701940EABDCE68F
S31508006FB0202CF8D0099B3BB12D2204F158036B44D1
S31508006FC003F8202C0134EEE77A0704D504F15803B8
S31508006FD02B226B44F4E73B07E5D504F1580320223E
S31508006FE06B44EDE7AFF300800000000065CDCD41AE
S31508006FF00000000065CDCDC191E3030895E30308C1
S31508007000FFFFEF7F88E303088DE3030868B20308F0
S315080070100000E03F2DE9F04F9B4691B00B1E0A9306
S31508007020B74B904614BF8146994600251A9E9BF891
S31508007030000070B9454538BF2A4643464FF0000060
S315080070400A9928BF08F1FF32C847284611B0BDE89B
S31508007050F08F25280BF1010B06D02A4643460A99DC
S315080070606C1CC8472546E2E700230CE02D2A1FD0F2
S31508007070302A05D0A2F1300009280ED8002729E0C9
S3150800708043F001038B46594611F8012B2B2A12D0DF
S31508007090ECD8202A12D0232A13D02A2A33D156F81C
S315080070A0047B8B46002FBCBF43F002037F4218E0E7
S315080070B043F00203E6E743F00403E3E743F008037B
S315080070C0E0E743F01003DDE70A208B4600FB0722C2
S315080070D0A2F13007594611F8012BA2F13000092810
S315080070E0F2D99BF800202E2A43D19BF801100BF108
S315080070F00102A1F13000092843F4806330D8002446
S315080071004FF00A0C06E00027EBE702460CFB0411D9
S31508007110A1F13004104610F8011BA1F1300EBEF1A2
S31508007120090FF2D9114611F8010B6C282BD023D878
S3150800713068282FD06A2837D093461BF8010B672892
S315080071405ED8572833D8452807D086D9462800F070
S31508007150E980472881D143F4006343F02003F5E032
S315080071602A2907D156F8044B0BF1020224EAE474E3
S31508007170D8E75A460024D5E7742801D07A28DBD107
S3150800718043F480730BE050786C28F9D143F44073CC
S315080071900232D1E75078682803D043F080030A46C4
S315080071A0CAE743F0C003F3E743F40073F7E7A0F137
S315080071B058020F2A3FF651AF01A151F822F000BF3D
S315080071C0577200085B7000085B7000085B70000867
S315080071D05B7000085B7000085B7000085B70000855
S315080071E05B7000085B70000857720008717300082E
S315080071F05772000849730008297300084973000884
S31508007200A0F16901C9B20F293FF627AF012249F259
S31508007210410C8A4012EA0C0218D10A2900F0E480CF
S3150800722007297FF41AAF43F0210305930823CDE914
S3150800723003431023CDE9012356F8043B2A4600935D
S31508007240484643460A99FFF728FB7BE06F2840F03B
S315080072502F8108220BE0582810D0622800F02681DA
S3150800726023F0100364284FF00A0200F0298123F066
S315080072700C0325E17828F3D11022F8E743F0200320
S31508007280FAE7D90506F1040A01D5316803E058067C
S315080072900DD596F90010CDE90224CDE9047300292D
S315080072A04FEAD1730193B8BF4942009120E019060D
S315080072B0EBD5B6F90010EEE779B1CDE907730023EF
S315080072C0CDE9042306F1070A2AF0070A0694029371
S315080072D0FAE80223CDE9002317E1D80506F1040AE6
S315080072E010D5CDE90473CDE90224019133680093E2
S315080072F043462A4648460A99FFF7CFFA0BE100BFEC
S31508007300F5660008590607D53178CDE904730023D8
S31508007310CDE902240193C8E7316813F0800F18BF3E
S3150800732089B2F2E743F02003CDE90173073626F068
S3150800733007060094B6EC020B43462A4648460A99C5
S31508007340FFF7FBFC054672E667280ED0CDE9017308
S31508007350073626F007060094B6EC020B43462A4683
S3150800736048460A99FFF72BFBECE743F40063EDE781
S3150800737013F0020423D04FF0010A6B1C0B932A4624
S3150800738043460A9916F8040BC8475CB354460B9A49
S315080073901EE0434620200A99C84705EB0A020AF16F
S315080073A0010A5745F5D8002F07F1FF3308BF002318
S315080073B007F1010A1D4408BF4FF0020ADDE7A2469D
S315080073C0EBE7551C434620200A99C8472A4601344C
S315080073D0A742F6D8A7EB0A03574538BF00230B9AEE
S315080073E01A440B920B9D22E63246002C52F8046B87
S315080073F014BF21464FF0FF310B92324631441078C4
S3150800740008B1914211D1A2EB060A13F480620D92DB
S3150800741002D0A24528BFA24613F002030E931BD141
S31508007420AAEB05032A460C9308E00132E7E7531C4A
S315080074300F93202043460A99C8470F9A0C9B13447A
S31508007440BB42F4D3A7EB0A03574538BF00230AF11A
S31508007450010202EB030A1D44AB1B0C9304E01C4615
S3150800746043462A460A99C8470C9B9D1916F8010BEC
S3150800747028B10D9B002BF3D0631E002CEFD10E9B79
S3150800748093B12A46AAEB050405E0561C434620207C
S315080074900A99C8473246A3189F42F6D8A7EB0A03AB
S315080074A0574538BF00231D440B9EC0E50222DEE681
S315080074B03FF6E0AE692823F010037FF4D3AE0A2224
S315080074C0590548BF23F00103692803F4007102D067
S315080074D064287FF4F1AE00293FF4D3AE073626F0D0
S315080074E00706B24670685AF8081BCDE907730023E9
S315080074F00593C30F0028029306940B46049202DAFA
S315080075004B4260EB4000CDE9003043462A464846E8
S315080075100A99FFF704FA0546564688E508B5C36989
S3150800752003B19847002008BD08B5036A03B1984718
S31508007530002008BD024BD3F8B83003B1184770478E
S31508007540B8850020B0F84E30B0F84C1002468B4291
S3150800755017D0B0F8540098B15B1A002B5268B8BF20
S315080075605B4253434FF47A72B3FBF0F3B3FBF2F387
S31508007570581C7F2803D93C23B0FBF3F07F30C0B2F8
S3150800758070470020FBE730B51A4B85B0D3F8BC30FE
S3150800759073B39A685968148810790D78ADF8004065
S315080075A094780128C4F3060408BF087A8DF80940C0
S315080075B0947818BF0020C4F3C0148DF80C40527993
S315080075C008BF00F07F0015F0020F8DF80B200CBFE6
S315080075D0252227228DF808008DF80A201C683CB160
S315080075E0054A934204D33032934201D26846A047F3
S315080075F005B030BDB88500207886002030B5062550
S31508007600164B441C05FB02331E2551FA84F405FB70
S315080076100433D4B2042C01D1234607E033F8185CAE
S31508007620541CFF2D03F106030DD113461E22062412
S31508007630504304FB030002FB0101FF22084B0B44E5
S31508007640A3F8F02030BD53F81E2C43F8242C33F849
S315080076501A2C23F8202C2246DBE700BFA886002038
S31508007660B88500202DE9F04F934602EB01091E224A
S315080076701C461B7985B0012B00934FF0000738BFD5
S315080076800123DFF828A1804602FB09A90BF1FF3088
S31508007690C0B24D46042635F806CCBCF1FF0F18D00B
S315080076A015F8022C012A14D0009A0AB9227B1AB1BD
S315080076B02268D25D62450CD103934FF0FF03F2B204
S315080076C025F8063CCDE90101FFF798FFDDE902132D
S315080076D00198013E721CA5F10605DCD10137FAB204
S315080076E09342D6D8B8F1850F58D094F80C804FF04D
S315080076F01E0943460BF1FF367218012B09FB02A23D
S3150800770038BF01234FF0000A09FB06F60192042749
S31508007710019DB5F818C0BCF1FF0F34D02A7F012AA5
S3150800772031D1009A62BBB8F1000F3AD0A26802EBD9
S315080077304A0E12F81A20624500D022BB062202FB26
S31508007740076209FB01221848024492F8F2C09EF823
S3150800775001200CF07F0E02F07F00864513D1D20976
S31508007760B2EBDC1F0FD1FF220BF1FF302A83C0B228
S31508007770FAB203930291FFF741FFDDE9021302E033
S31508007780B8F1000FD2D1013F7A1CA5F10605C0D188
S315080077900AF1010A5FFA8AF29342B8D805B0BDE841
S315080077A0F08FFF222A83EEE7B8850020A8860020FE
S315080077B030B500240331032A016004718460047320
S315080077C001D8046030BDD41E043AE4B2D2B28E2B7E
S315080077D001F1010507D1097829B95108012A017370
S315080077E003D98560EEE7A11A0171013AD2B2FF2AE0
S315080077F02946ECD1E6E7438870B5FF2B04460D46CB
S3150800780007D043692BB100262A68F3B2117899424A
S3150800781001D8002070BD5268D25C63889A4209D1AB
S315080078206A686369106898476A6800B2136803EB68
S31508007830400313600136E7E7024B034AC3F81021F9
S31508007840704700BFB8850020B8B20308002370B59A
S315080078500A681578DCB2A54201D800200AE0546807
S31508007860E65C4488A64206D1C4680CB9046914B11A
S315080078704860012070BD0133ECE710B5084B02469D
S3150800788093F81841D3F814010023D9B28C4201D8D1
S31508007890002010BD017B01339142FAD07430F4E721
S315080078A0B88500202523037001234370704770B5FF
S315080078B00E4615461C46FFF7E0FF88B190F8713072
S315080078C0103033700A23B0F84E10B1FBF3F1C9B289
S315080078D04B1E622B98BFFF212970FFF733FE2070DD
S315080078E070BD2523037003234370012070475A2275
S315080078F00346027001205870704710B50446AC3034
S315080079002FF09DFB04F1AB031A180020934200D117
S3150800791010BD13F8011F0029FAD00A2908BF013043
S31508007920F4E710B54C1C0B460119045D222C03D054
S315080079307B2C01D05C2C05D1D21A18442FF080FA82
S31508007940012010BD0020FCE72DE9F04705469146C9
S3150800795088462FF074FB2A460646134619780132E4
S315080079602029FAD0C9F800305C1B01236FF0404A81
S31508007970C8F80030A64201D8002014E02F5D291966
S315080079807B2F12D0222F2ED1D8F80030621C5344F8
S315080079902A4449F82320012C09D911F8013C13F08F
S315080079A0DF0F04D02120BDE8F0877D27F3E70134F7
S315080079B02B5DBB4209D12B195B7813F0DF03F1D19C
S315080079C0222F00D12B550134D4E75C2B07D1324640
S315080079D021462846FFF7A5FF0028E3D0013E0134DB
S315080079E0A642E5D8DEE75C2F08D13246214628466E
S315080079F0FFF797FF0028D5D0013EE4E7202FE2D114
S31508007A000022631C9E422A55DDD9EA18EB5C202B1E
S31508007A10D9D0D8F80030072B05DC49F823200133E4
S31508007A20C8F80030CFE71E20BDE72DE9F04F8046A5
S31508007A300F4615469A46044685B0DDF83CB0DDF893
S31508007A404490206808B3DBF80060DAF800108E422C
S31508007A501BDA0E9B53F8261059B30EF075F840BB87
S31508007A6061680136CBF80060087BFE281CD1109BA4
S31508007A700868CDE901B30E9B2A46009301215346B7
S31508007A80CDF80C90FFF7D1FF04462B7843B999F847
S31508007A9000302BB97FB10123444689F800302B709A
S31508007AA0204605B0BDE8F08F0123109A13702B709D
S31508007AB0EBE70C34C5E73C46F2E7F8B50B78044625
S31508007AC0302B0D46164604D14B7803F0DF03582BAE
S31508007AD010D0274F6A1E12F8011F91BB28460A22AA
S31508007AE024F076FA202C03460D462FD1B1FA81F000
S31508007AF040091BE04A1C1E4912F8013F93B9284663
S31508007B002FF09DFA04F00303032BA0F1020012D113
S31508007B100134A41084420AD1A87837288CBF0020E3
S31508007B20012003E0CB5C13F04400E5D1F8BDCCBFDF
S31508007B3001200020FAE7B0EBA40FD4BF01200020F3
S31508007B40F4E77B5C13F00400C5D1EFE726B10843E0
S31508007B5002D0013B61F100050122A240013A1A4018
S31508007B60002D08BF9A420CBF01200020DEE700BFA7
S31508007B7031F103080A7801382D2A0ABF01220022AA
S31508007B8089189AE70FB430B587B00AAC54F8045B85
S31508007B900394FEF739FD084B4FF0FF32CDE9043068
S31508007BA000942B4604A90548FFF734FA002007B0CD
S31508007BB0BDE8304004B0704703990008F76600082E
S31508007BC070B506460D462FF03AFA04463046FFF7DA
S31508007BD0D9FFAC4200D370BD0248FFF7D3FF01348A
S31508007BE0F7E700BF2FE303082DE9F0410446022119
S31508007BF04E48FFF7E5FF1E212068FFF7E1FF63689F
S31508007C005868FFF7BFFF4A48FFF7BCFF67683B7B2A
S31508007C10FD2B0CD8D7F808804FF0FF3540462FF0DB
S31508007C200EFA06460C3717F8013BFF2B01D1BDE8C3
S31508007C30F081212B48D8212B66D8DFE803F067733B
S31508007C4075114B4D4F516565656565656565535598
S31508007C5057595B5D5F6165656565656565656F63F4
S31508007C60344C1EB1202B05F10105DCD002212F482A
S31508007C70FFF7A6FF1E212D48FFF7A2FF2E48FFF7A4
S31508007C8081FF2E4920462EF097FD2D49002818BF62
S31508007C9021462C48FFF776FF3B78202B02D12B2074
S31508007CA009F01EFA2848FFF76DFF4EB118F805309F
S31508007CB01F2B05D018F805001F2801D0B54229DB6F
S31508007CC01B48FFF75FFFAEE7204C214AFE2B08BF93
S31508007CD01446C6E71F4CC4E71F4CC2E71F4CC0E753
S31508007CE01F4CBEE71F4CBCE71F4CBAE71F4CB8E752
S31508007CF01F4CB6E71F4CB4E71F4CB2E71F4CB0E762
S31508007D001F4CAEE70D4CACE7104CAAE706B101359F
S31508007D101C4CABE709F0E4F90135CBE7002E82D01D
S31508007D20013580E7184C9CE7184C9AE71AE40308D3
S31508007D303EE703089BE3030800E40308B0E30308EF
S31508007D40A0E3030813E4030802E40308A2E3030814
S31508007D50AAE30308F3E30308FAE30308EBE30308DB
S31508007D60E7E30308DEE30308D4E30308CAE30308EA
S31508007D70DFE30308D5E30308CBE30308C0E30308FE
S31508007D80B9E303089AE30308F2E30308F9E30308EF
S31508007D9010B50446236803B910BD237A13B92046E3
S31508007DA0FFF722FF0C34F5E72DE9F04F8346ADF5D2
S31508007DB0477D8022002106A82EF0E1FC58462FF0C8
S31508007DC03EF946AD01902A46584626A9FFF7BCFD5E
S31508007DD00446C0BB46982FF032F9A1460546A04690
S31508007DE02746DBF89C6096BBB9F1010F40F0C680C8
S31508007DF00DF1180840462FF022F92F190BEB070250
S31508007E001146461B08EB0504601E06EB020CACEB9C
S31508007E100105002D00F39D80002026EAE6718854AE
S31508007E20DBF890201546AF4200F39880DBF89410F3
S31508007E3032443144CBF89410CBF890202644331BB7
S31508007E40002B00F396800DF5477DBDE8F08FD6F838
S31508007E5008A0BAF1000F00F027815F4417F8012B3C
S31508007E60202A16D000270C2303FB07F20AEB02038D
S31508007E7002935AF802300093002B00F00E81269BDD
S31508007E809845049300F30981029B1A7A1AB17A1C61
S31508007E9031E00134E2E746AADBF8945052F828307C
S31508007EA02D1B2A461846009903932EF070FC059060
S31508007EB00028ECD100982FF0C2F8029B01465868BA
S31508007EC0059A90F80CC0BCF1FE0F40F0EF80049BB9
S31508007ED003F1FF3CE04500F0D080D0F800A00398FD
S31508007EE000922FF0ACF80134009A04441BF80410F1
S31508007EF019B108F101081746B5E70134F6E7009904
S31508007F0006A807F0BDFA6B4906A809F1010907F0AA
S31508007F10B7FABCE714464FF00C0A05680AFB04F2E8
S31508007F20A95819B9A1440D46019CB6E006A807F060
S31508007F30A7FA604906A807F0A3FA0134EEE712F893
S31508007F40010B002840F0AD804FF0200302F8013CF9
S31508007F50A7E010F8015F01F8015B58E71BF802007B
S31508007F6009F0BEF8DBF8902001350132CBF89020F5
S31508007F7059E714F8010B09F0B3F860E77FF763AF28
S31508007F8026AF8022314638460DF58C792EF0F7FB60
S31508007F9031464FF4007248462EF0F1FB06AB1946FF
S31508007FA04FF001089A4611F8012BD2BB49F8286010
S31508007FB03E461846019200932FF041F8DDE900325B
S31508007FC0CE4613F801CB5EF8041B814232D101324A
S31508007FD0904506F801CBF3DADBF89060AE4230DB69
S31508007FE0354A5B4651463548FFF7CCFD38462FF0F3
S31508007FF026F82C445C442246401B2F447D1E261836
S31508008000B11A00292ADC002220EAE0731A553C1826
S31508008010E31B002B7FF717AF17F8010B09F060F881
S31508008020F6E7202A06F1010604BF49F8286008F198
S315080080300108B8E75144895C6145C4D00021B954A8
S31508008040CAE7DBF8902001361BF8020009F048F869
S31508008050DBF890200132CBF89020BFE715F8011F16
S3150800806002F8011BDBF890100131CBF89010DBF811
S3150800807094100131CBF89410C2E78D423FF74AAF0E
S3150800808006A802912EF0DBFF029908447B287FF6AA
S3150800809036AF0B4906A807F0F3F95A46019B03EBDE
S315080080A00B018A427FF44BAF36689CE68D42E7DDCA
S315080080B0EDE600BF2FE303080AE403080DE403080E
S315080080C005E403082DE9F843D0E9245604460F468B
S315080080D0002294F89830012B07D10A2F07D10023E4
S315080080E084F898300020BDE8F88300F29F801B2FA3
S315080080F001D10223F4E70D2F0DD1012384F898301E
S315080081000D2008F0EDFF0A2008F0EAFF0023012001
S31508008110C4E92433E7E74FF00008082F84F898806D
S3150800812034D1454530DDB5420FD1384608F0D8FF81
S31508008130202008F0D5FF013D384608F0D1FF013E62
S3150800814004F80580C4E92456CCE7FBDA05F1FF39C3
S31508008150384608F0C5FF04EB0903A6EB09026119C6
S3150800816018462EF06DFE04F806800146013E484882
S31508008170FFF708FD35464D4501DC4D46E2E7082088
S3150800818008F0AEFF013DF6E7ACD0DBE77F2F1CD148
S31508008190002EA7DDB542A5DA6319691C21441846E5
S315080081A0721B2EF04DFE04F8068001463948FFF78B
S315080081B0E9FC0820013E08F093FFB542F9D1D4F84E
S315080081C09430013BC4F894308CE70A2F98D0092FD5
S315080081D003D12046FFF7E8FD84E7D4F88C30013B4D
S315080081E0B3427FF77FAFB54204EB050805F10109F5
S315080081F00CDB384688F80070D4F89430C4F89090B0
S315080082000133C4F8943008F06BFF6BE74146721BE4
S3150800821004EB09002EF014FE4046FFF7B3FC0820D5
S31508008220013E08F05DFFB542F9DDE2E7022B06D113
S315080082305B2F01D1032353E784F8982049E7032BE2
S315080082407FF450AF413F84F89820032F3FF64AAF9A
S31508008250DFE807F002070A160121204600F0C6FAF1
S3150800826040E74FF0FF31F8E7B542BFF63BAF605D38
S3150800827008F036FFD4F890300133C4F8903031E76F
S31508008280002D7FF72FAF013D0820C4F89050BAE7BC
S3150800829016E403081BE403082DE980480446002376
S315080082A0D0F8B052AFB0EFF31187302282F31188BD
S315080082B0A44AA549106860B1A44E3378FF2B08D1AB
S315080082C091F8190101289EBF431C81F8193103460C
S315080082D033700D6087F31188BFF36F8F116829B16A
S315080082E0012B9EBF1268143342F82350D4F8B40207
S315080082F032F00BFF94F88060002EFBD14FF001039B
S3150800830084F8803094F8883033B1D4F884109048D3
S3150800831084F88860FFF736FC00230B93FEF774F9A0
S31508008320002800F04182C568002D00F03D82012238
S31508008330006826AB1EA9A847002840F035829DF89C
S31508008340781009B90123E8E72046FFF7BBFE079036
S315080083500028E3D0012384F888302378002B74D0D2
S3150800836004F1AC05802120460DF0E4FB4FF40071C2
S31508008370074628460DF0DEFB0137C0F50070874238
S31508008380204674D82EF05BFE074628462EF057FE88
S315080083900137421C2946E8192EF052FD20462EF0D8
S315080083A04EFE2146024628462EF010FA20462EF0AA
S315080083B046FE0A23204480F8AC300023C4F8AC32C9
S315080083C0D4F8A030002B40F0E28116AF3A4620469A
S315080083D00FA9FFF7B9FA002840F0AA8016998DF878
S315080083E0980010908DF83B008DF83A0031B1594845
S315080083F00DF0AAFB10B90123079E1093D4F89C50E0
S315080084000020A8460DF13A090DF13B0A0DF1400B83
S31508008410B8F1000F41D116B101238DF83A309DF815
S315080084203A300693002B56D0002851D09DF83B30A1
S31508008430002B45D0FFF7D8FB00212046D4F88C2026
S315080084402EF09DF90023C4E92433002594F88830DA
S3150800845084F8BC52002B40F09F81002384F88030BA
S315080084600B9B002B3FF446AFD4F8B80240E7FFF762
S3150800847044FA0023C4F8AC021E93269338B194F844
S31508008480AC3023B1204626AA1EA906F083FF002297
S315080084901E9B234483F8AC2064E7D8F8080060B133
S315080084A00FAB0021CDE902A9CDE9007B26AAFFF78B
S315080084B0BCFA9DF89830002BADD1D8F80080A7E714
S315080084C0FFF766FCB8E7A86808B1FFF761FC2D68F6
S315080084D0002DF8D1B0E7002800F057810F9B0593CF
S315080084E0109B0A930A9A059B9342C0F24C81069AFE
S315080084F04368114608930B335E78581C212E0AD818
S315080085001F2E05D8103E072E98BF42F0010200E044
S3150800851007990346F0E7FF2EFBD108981B1A0A981D
S315080085200B3B0344F1B1059A013B9A421FDA2B2013
S31508008530094B0A4A03EB8003996D0948FFF722FBAA
S315080085407AE700BF5C040020B885002078AE0020DA
S3150800855013E403081FE4030868B203083EE70308A8
S3150800856011E40308002ADED1059A9A42DFD10025D4
S31508008570B846AB462F46089B09950C330493059BD2
S31508008580099A93420DDC0F9B1194129326AB139311
S31508008590109B11A81493049B1593089B1B68984776
S315080085A04AE7DDE90923934236DC049B13F80B30CE
S315080085B0202B10D1049B5B445B78FF2BB7D1069B1D
S315080085C083B9D8F80010072E7BD8DFE806F02737DE
S315080085D03A3D4143BB45212B0FD1049B5B445B7855
S315080085E0FF2BA4D1D8F800202EAB03EB870343F862
S315080085F0202C079B0137069376E0A3F11006072E79
S3150800860003D91E460BF1010BD9E7049B5B445B7843
S31508008610FF2B8CD1F6B2D2E70626D0E70022082037
S31508008620FFF74BFA00284CD0731ED8F80000042B2D
S3150800863049D8DFE803F05F687079820000221020CD
S31508008640EEE700222020EBE70820FFF793FAE9E798
S315080086501020FAE72020F8E70B787B2B31D1084663
S3150800866002234FF00009DFF880C110F8012F7D2A98
S315080086701CD1CB5C2BBB19F0010922D1CA46D8F80C
S3150800868000308DF846900C930C9911F8012F7D2A2D
S315080086900C915DD12EAA83F800A002EB87024FEA5F
S315080086A01A2A83F801A042F8203C1CE01CF802E0D4
S315080086B01EF0440F03D009F101090133D5E7202A3A
S315080086C0FBD0262034E70022114623F0E9FB1EAB37
S315080086D003EB8502C0B243F825002EAB03EB8703F4
S315080086E043F8202C01350137099B08F104080133AA
S315080086F0099344E70022114623F0D2FB1EAB03EB95
S31508008700850280B2E7E70022114623F0C9FB1EABBB
S3150800871003EB8502DFE70022114623F049FB1EAB77
S3150800872003EB850240B2D6E70022114623F040FB50
S315080087301EAB03EB850200B2CDE70022114623F0FB
S3150800874037FBE4E72EAB03EB870343F8201CCAE7A5
S31508008750202A99D009F0010109F1010911B98DF80A
S31508008760442091E78DF845200021102211A80D9389
S3150800877023F01EFB0D9B03EB0A020AF1010A907017
S315080087801FFA8AFA80E72120D2E62D20D0E6204675
S31508008790D4F8A41098474FE6D4F884100E48FFF78B
S315080087A0F1F984F8885058E6D4F88C30D4F8942037
S315080087B0013B9A4202DB94F8BC321BB1002384F8D1
S315080087C0803051E6054A06490648FFF7DBF90123DA
S315080087D084F8BC32F2E700BF13E403083EE7030857
S315080087E024E4030811E4030831F1030873B50131E1
S315080087F00446D0F8AC521CD115B1013DC4F8AC52B0
S31508008800002520462EF01BFCA84218D8D4F88C2048
S31508008810002120462DF0B3FF0023D4F8AC22C4E98A
S31508008820243322B1CDE9003394F8AC3093B902B0C1
S3150800883070BDFFF762F8A842F9D90135DEE70820CE
S3150800884008F04EFC202008F04BFC082008F048FCF5
S315080088500135D6E76A46204601A906F09BFD0028A1
S31508008860E5D0019D04F1AC06009BAB42DFD9715DF2
S315080088702046FFF727FC0135F6E7134A70B5536D16
S31508008880116D0B401149002B0B659DB202DB0126C9
S315080088906DB970BDD0680122BDE870400C4BC0F3BD
S315080088A0042003EB800382409A6031F0E9BBB5FAF5
S315080088B085F4C4F11F04E4B2204606FA04F431F044
S315080088C0DFFB25EA0405E3E7000004500020045016
S315080088D0B8850020012910B502D9022915D010BD86
S315080088E0154BD3F81C41A4F5C27414F5C27FF6D013
S315080088F0D4F8740132F02DFBD4F8703105211868CC
S315080089000FF03AFDD4F88441EDE70B4BD3F81C4140
S31508008910A4F5C27414F5C27FE1D094F8973043B930
S3150800892094F8953003F0FF011BB9D4F8740131F0BF
S315080089309DFCD4F88441EBE7B88500202DE9F74380
S31508008940D0E9043404F17C07D0F80C900646013BC4
S31508008950102200213846D4F874809DB22DF00FFFFE
S315080089600B4BC5F30A0543EA0513C4E91F3901236E
S3150800897094F8780084F88C30C4F884803A46054B1D
S31508008980009604F164010AF003FB03B0BDE8F08326
S315080089900000103099890008536910B51446002262
S315080089A0D3F8900083F88C2028B10168C3F890109A
S315080089B00260FFF7C3FF63681BB100212046A26867
S315080089C09847002010BD034693F89420084610B532
S315080089D0FAB10A69B2F5006F1DD8EFF31184302297
S315080089E082F3118893F88C204B617AB103F19002D7
S315080089F0D3F890303BB90360106084F31188BFF355
S31508008A006F8F002010BD1A461B68F3E7FFF796FF25
S31508008A10F3E70E20F6E72120F4E72DE9F04116F0FA
S31508008A20DFF9184BD3F8204131F098FF38BB34B33F
S31508008A30154B1B689C4218D02FF056FB134BD4F8E5
S31508008A4028801F68124B65691E682FF05BFB114B67
S31508008A5098450AD0BD4208D0B54206D00E4B9D4275
S31508008A6008D1A36A0BB994F85C302046BDE8F041FA
S31508008A702FF000BF094B9D4201D0002DF5D1BDE86E
S31508008A80F08100BFB88500205C040020A80D0020F6
S31508008A90AC0D00206C0D0020940D0020800D0020E8
S31508008AA073B50D46910730D483072FD1034622F0BC
S31508008AB003028118994217D14FF48031144BAC1830
S31508008AC0996641F6713103F51C33D963012103F523
S31508008AD00053D960461BA54205EB060009D102B032
S31508008AE0BDE870400FF0E4BC1C6801340ED10433B5
S31508008AF0E0E7042255F8043B0DEB0201019332F03E
S31508008B003BFB0028E7D00FF0D3FCFEE7FDE700BFEC
S31508008B100090005073B5C4070E46154600D5FEE70B
S31508008B20D10700D5FEE700F47043B3F5805F09D19D
S31508008B30C0F30B04531E04F17E64214A2344934276
S31508008B400BD9FEE700F46043B3F5005F32D1C0F3FA
S31508008B500B0404F1006404F5FC24234662199A42C6
S31508008B6029D1A2070ED04FF6FF7336F8022BA01EA6
S31508008B7043EA024304220DEB02010193FFF790FF3B
S31508008B800234023DAB070CD0023D735B04226FEA48
S31508008B9003436FEA13430DEB020160190193FFF7D4
S31508008BA07FFF25B12A4631462046FFF779FF002088
S31508008BB002B070BDFEE713F8011BFF29CFD0FEE710
S31508008BC0FF03E00F342008F0D7B908B505480CF0C4
S31508008BD0E7F9054B0549D3F82401BDE8084031F00B
S31508008BE0A3BD00BF79AE0020B8850020F18B000830
S31508008BF008B50C480CF0DDF90B4AD2F82C31012BDC
S31508008C000CD9591C1CBF03F1FF33C2F82C31074994
S31508008C10D2F82801BDE8084031F086BD002382F865
S31508008C20303108BD79AE0020B8850020CB8B00080E
S31508008C304FF4FA61014809F0B3BB00BFEC86002087
S31508008C40F8B5057A04468D4269D8437A8B4266D3CD
S31508008C500A23B0F84C00B0FBF3F3DBB28B4201D128
S31508008C600020F8BD01EB81035B00A4F84E3022B169
S31508008C70FF2A0ED194F858605EB9AB42A4F84C307E
S31508008C80236D88BF84F85710002BE9D020469847F3
S31508008C90E6E798422CBF0021012184F856104FF4CC
S31508008CA07A710A27FF2A08BF94F858201B1A12FB64
S31508008CB001F1002BB8BF5B42256898B2B1FBF5F607
S31508008CC0B0FBF7F0864220D953B2002B08DC82F0BD
S31508008CD080037E2B97BF4EF6602100217F3A5143D1
S31508008CE0B1FBF0F1142938BF14210A236160A4F8F6
S31508008CF0543004F10C05284613F0A6F858B928464E
S31508008D00616813F0C7F90120ABE7B3FBF6F36560BA
S31508008D10A4F85430EDE7284608F045F8F3E70220B2
S31508008D209FE7426B10B4B2F84C30B2F84E108B4243
S31508008D3003D15DF8044B08F025B8CC1A002CB2F81C
S31508008D405400B8BF644284420BDA0B46A2F84C10B2
S31508008D50117A99423EBF0A21B3FBF1F382F85730E4
S31508008D6008E092F856405CB103449BB29942A2F8D7
S31508008D704C30EDD0136D2BB110465DF8044B1847F7
S31508008D801B1AF2E75DF8044B704708B5054813F05F
S31508008D905BF810B1034807F0F5FF0022024BC3F851
S31508008DA0BC2008BDF0860020B885002033492DE98F
S31508008DB0F043D1F8BC20002A5ED00025032601F135
S31508008DC0C00001F1F00401F1D00701F1E00C824284
S31508008DD034D3A24232D2137B013BDBB2137383BB7B
S31508008DE08242C2E9003393601ED0BA421ED0624561
S31508008DF01FD14FF0020E7346C1F8BC500133B3FBC6
S31508008E00F6F202EB42029B1A01EB0318D8F8C0806F
S31508008E101A01B8F1000F0FD002448242C1F8BC20F3
S31508008E200CD3A2420AD20FE09E46E4E74FF0010EA9
S31508008E30E1E74FF0030EDFE79E45DFD1BDE8F043DB
S31508008E40A3E7936806339360D2F80480D2F808E063
S31508008E5098F80430B8F80290BEF8008003F07F0353
S31508008E60C14505D19EF802E00EF07F0E9E45AED0B4
S31508008E70BDE8F043FEF787BBBDE8F083B885002060
S31508008E800D4B03F59C72824214D1D3F8BC308BB1DA
S31508008E90D3E9011318884A88904207D19A780B7942
S31508008EA002F07F0203F07F039A4201D0FEF76BBB04
S31508008EB000207BE7704700BFB8850020014813F003
S31508008EC0BBB800BF30870020418808B5982908D06C
S31508008ED009D8552905D05E2903D00020C9B208F063
S31508008EE059F8002008BD9F29F6E700B5C378ABB04E
S31508008EF0012B0BD144238DF80030064B4FF4FA7240
S31508008F00D3F818326946986812F021FF2BB05DF83D
S31508008F1004FB00BFB88500200A23F0B5B1F85E400F
S31508008F20ADB0B4FBF3F4E4B2631E622B4FF0010359
S31508008F3006460D464FF0A60201F1100743734FF09F
S31508008F40000102A898BFFF242DF019FC40F2253332
S31508008F50ADF8043095F8713038468DF806308DF83E
S31508008F600740FEF7EFFA33468DF808000521034A55
S31508008F7001A812F0E9FB2DB0F0BD00BFAD8D0008C9
S31508008F8070B40B460022FF2501F10F04012801D118
S31508008F901E780EB901221D7003339C42F6D122B108
S31508008FA070BC0F22012007F0DEBF70BC704710B5F9
S31508008FB0B0B0264CA622002106A82DF0E0FB0E2212
S31508008FC000210DF106002DF0DAFB01A904F5077062
S31508008FD012F040FC40F25943ADF8143094F82832A8
S31508008FE09A1E53425341DB0143F001038DF81630B4
S31508008FF094F82932012B23D994F82422D4F81001A5
S3150800900002F07F0200EBC201097901318B4217DCBD
S315080090108DF8173003F1805350F83220023B1901BE
S3150800902002EB0313525C5B788DF819208DF81A3021
S315080090300A21074A01AB05A812F086FB30B010BD1D
S31508009040012384F829328DF81730EFE7B885002018
S315080090506DA80008ABE770B405880C888A78A54225
S3150800906007D1867886EA020313F07F0301D1964278
S315080090701DD002F07F06072E05D9837803F07F03FB
S315080090809E4207D816D3A54207D983785D060AD02B
S31508009090540608D14FF0FF300AE004D2520602D037
S315080090A083785B0606D070BC04222DF077BF18467D
S315080090B070BC70470120FBE7002310B504468360A7
S315080090C003604360027A007BFF2960F3060208BF4B
S315080090D094F86710227218BF194694F8702004F1A4
S315080090E01000FFF7ADFD2146BDE81040002006F050
S315080090F05FBD30B5294B85B0D3F8144193F81811E4
S315080091000023DAB291423ED800240A22B0F84C5025
S31508009110B0F84E30B5FBF2F5B3FBF2F3EDB2DBB2C5
S31508009120AB4238D1E36E0BB1204698476B1EDBB2D3
S31508009130622B98BFFF252146194884F8715007F01D
S3150800914043FEA37A03F08103812B15D1257815F008
S315080091500C0511D10E2229460DF102002DF00FFB48
S315080091606946204612F076FBA17A2B46FF2268460E
S31508009170C1F3450107F094FE2146012005B0BDE87C
S31508009180304006F015BD04F11002904203F10103C8
S31508009190BBD07434B5E705B030BD00BFB885002034
S315080091A0198F000810B50024436814601B0A04D000
S315080091B0012B10D06FF0850010BD038823F0FF0047
S315080091C0B0F5824F04D1413BDBB2012B00D9013106
S315080091D000201160F0E72C31FAE7F8B5134642880B
S315080091E00C460732072A4FEAD20101D0A1425AD1CA
S315080091F0D0E9016705882022184600212DF0BFFA1C
S31508009200360A034616B1012E50D1C660002C4AD044
S3150800921041F20102954205D0B5F5885F02D0B5F551
S31508009220905F08D15C6026B1B90707F0010212D435
S31508009230A2B3002011E0B5F5105F07D1182C03D0B2
S31508009240202C01D0102C2ED11C60EBE705F44F42E0
S31508009250B2F5824F02D06FF08500F8BDEAB2412A16
S31508009260F9D1202CF7D1134A25F0FF05B5F5E24FC1
S315080092701A600CD0B5F5824F15D14FF4005217F489
S31508009280705F09D017F4864F04D09A60E3E74FF46D
S315080092908042F4E742F480629A60C4E79A6842F032
S315080092A080729A60C5E76FF08600D6E76FF08B008C
S315080092B0D3E700BF200000B02DE9F0411746002291
S315080092C01C4643688CB01B0A80460D46009204D0A3
S315080092D0012B58D06FF08B0090E0038823F0FF0233
S315080092E0B2F5824F4DD14688413B0736DBB2F608C8
S315080092F0012B009605D90B78042B06D06FF0860053
S315080093007CE0BE42FAD13E4605E0013FB7EB460F88
S3150800931005F10105F2D1224631464046FFF75DFFC9
S3150800932000286BD1FA1CC4E9030522F00302626126
S31508009330002E00F0A3802022002101A82DF01FFA9C
S31508009340314601AA4046FFF748FFDDE90176DDE927
S31508009350072C0399002840F091802368A568BB4232
S3150800936040F08C806768B74240F088808D4240F0B4
S315080093708580A169914240F08180E26962453DD0CD
S315080093807CE00097BFE7032FB8D90B78012B40F094
S3150800939082804978002942D0F73908299AD801A34A
S315080093A053F821F003940008C9930008D5920008E1
S315080093B0D1930008D59200081B940008D59200089E
S315080093C00D94000815940008F8254FF410561FE070
S315080093D0FA254FF0807610271C22002102A82DF0CE
S315080093E0CEF90323CDE904350197039601AD0FCDD8
S315080093F00FC495E80F0084E80F0000200CB0BDE804
S31508009400F081F7254FF000762027E5E7FE25234E65
S31508009410234FE1E7FF25234EFAE7FC25D5E72B2F57
S315080094207FF66CAF202220462DF0A9F905F110032E
S3150800943015F0030623610DD001AB05F1280C1A4679
S3150800944028686968083503C265451346F7D1286850
S3150800945001AD10606B68103F2360AB686360EB6812
S315080094606761A3600123E3601EB12C2101A80FF0F8
S31508009470ADFA694620460FF0B4FA20B120212046FD
S315080094800FF0A4FA3AE7009E626906F11C039A42B5
S31508009490BFF44EAFF2E76FF09100AFE70044000269
S315080094A02000008000440003F0B50B46C16804465E
S315080094B001298DB033D12B2A03D86FF089000DB05E
S315080094C0F0BD13F003071A460DD001AD03F1280CC1
S315080094D02E4610685168083203C662453546F7D1EC
S315080094E0106801AA3060012111800021518021688D
S315080094F0516061689160A168D16087B101AA0BAD1E
S31508009500144603CCAC4218605960224603F108039E
S31508009510F6D120682C21186001A80FF057FA002010
S31508009520CDE72DE9F04FAFB00D4616460446039336
S31508009530B0B1A9B1A2B1B0F802B00BF10703072B7D
S315080095404FEAD30A00F0EE80038803F4E043B3F54C
S31508009550805F02D0B3F5005F05D11BF0070F06D078
S315080095606FF0860716E0B3F5804F00F0DB80202207
S3150800957000211CA82DF003F9514620461CAAFFF726
S315080095802CFE074630B963681B0A07D0012B20D08A
S315080095906FF08B0738462FB0BDE8F08F5645C0F000
S315080095A0C4802A463346DDE91E9102912299CDE907
S315080095B0202301912822002124A8DDF87080239F0A
S315080095C02DF0DDF824A831F08CFB60B16FF092071E
S315080095D0E0E70AF12C039E42C0F0A78005F11002CD
S315080095E00AF11C03DFE74FF0007325902C902690B4
S315080095F019A91CA824930FF0BBFA00286DD1199954
S3150800960024A831F078FB19F4805F4AD0B8F1000F2E
S3150800961007DB6FF0920724A831F063FB0028B9D066
S31508009620D4E74FF00109D7F800807B6804A924A87D
S31508009630CDF814900493CDF818800FF08DFBBB6815
S3150800964007A924A8CDF820900793CDF824800FF019
S3150800965083FBFB680AA924A8CDF82C900A93CDF8B9
S3150800966030800FF079FB3B690DA924A8CDF8389016
S315080096700D93CDF83C800FF06FFB7B6910A924A8E9
S31508009680CDF844901093CDF848800FF065FBBB6980
S3150800969013A924A8CDF850901393CDF854800FF051
S315080096A05BFB01231793029B013B012B1CD8019AF4
S315080096B01F4BBAB1169216A924A818930FF04CFBA3
S315080096C019A91CA80FF01DFB38B924A819A931F04F
S315080096D01BFB24A82FF0D6FC48B1482899D16FF077
S315080096E0850798E7134AE5E74FF00053E3E7636811
S315080096F01B0A0BD15A462946208807F0F5FC514625
S315080097002046039AFFF74EFD074684E7012BF6D15C
S31508009710324629461CA8FFF7C7FE0028EFD06FF08F
S31508009720890778E76FF0850734E76FF08C0731E72C
S315080097300800002078B303080028ACBF00F1604099
S31508009740064B4FEA0111C9B2ABBF00F5614000F004
S315080097500F0080F800131954704700BF14ED00E09D
S31508009760002808DB01224309034900F01F00824054
S31508009770603341F82320704700E100E0002807DB4A
S3150800978001234109034A00F01F00834042F82130B3
S31508009790704700BF00E100E000280CDB0122064903
S315080097A0430900F01F008240203341F82320BFF30D
S315080097B04F8FBFF36F8F704700E100E02DE9F0414E
S315080097C00468054694F89430002B40F08680EFF341
S315080097D01182302181F31188C4E9163382F3118886
S315080097E0BFF36F8F2EF074FE022807D1D4F81C0140
S315080097F031F04AFBD4F8A40031F046FBFCF704FF2D
S315080098008542374E0AD1EFF31183302282F311884D
S315080098100022726083F31188BFF36F8F236E93F96A
S3150800982010703846FFF79CFF3846FFF7B5FF236EE2
S3150800983093F911703846FFF793FF3846FFF7ACFFE8
S3150800984094F8A1301BB1D4F8F80031F044FCD4F8F0
S31508009850A40031F02EFCD4F81C0131F02AFC96F84D
S315080098602A32227DB3B1072A14D806EB021393F8DD
S3150800987034307BB101239340EFF31182302181F319
S31508009880118818494B65A1F580518B6282F31188BE
S31508009890BFF36F8F207D07F001FCEFF311813023B2
S315080098A083F311880023104A107B30B90133082B43
S315080098B002F11002F8D186F82A0281F31188BFF363
S315080098C06F8F0023C5E90033C5E90533EB60236EC6
S315080098D02046BDE8F041DB6818470F20BDE8F08157
S315080098E0B885002000200450E085002007B5012235
S315080098F08DF807100DF10701FCF7B2FE03B05DF80D
S3150800990004FB0B4601461846F0E7014608B100205D
S31508009910ECE7704738B5114C054694F82A32B3B1CE
S31508009920B8B10023036005F073FDA0B9EFF3118306
S31508009930302282F311882A6804EB02140122A062FD
S3150800994084F8342083F31188BFF36F8F38BD112054
S31508009950FCE72120FAE71A20F8E700BFB8850020BF
S315080099600B4B93F82A2262B107280CD803EB001395
S3150800997093F834304BB10123064A83401364002020
S31508009980704711207047212070472520704700BF77
S31508009990B8850020001004500B4B93F82A2262B1B8
S315080099A007280CD803EB001393F834304BB1012386
S315080099B0064A83401364002070471120704721200F
S315080099C070472520704700BFB88500200020045046
S315080099D000207047FEE74FF4005300204B607047A5
S315080099E001207047012070474FF0FF307047002074
S315080099F07047002373B50C4615460193FCF704FE21
S31508009A0030B1C66826B12A462146006801ABB04780
S31508009A100198002808BF4FF0FF3002B070BD10B59E
S31508009A2014460020FCF71CFE204610BD302337B52F
S31508009A30007D0DF10701434303F1A04303F580239D
S31508009A40DD6E1C6F30F082FE9DF8070040B9054BAD
S31508009A509D4203D1C4F3400484F0010003B030BD35
S31508009A600120FBE7E387002010B50446FFF7DEFF79
S31508009A7038B1236DD4E912020244934218BF18463E
S31508009A8010BD3022237D534303F1A04303F5802301
S31508009A90DB6EEFE73021037D02464B4303F1A0431B
S31508009AA003F58023D86E07491B6F884208D113F047
S31508009AB0020006D0106A136D1B1A584258417047A7
S31508009AC000207047E3870020014610B5047D204634
S31508009AD0FFF746FF0846FFF7DDFF01462046FFF77A
S31508009AE05BFF084610BD7FB504460D4690F8A16099
S31508009AF02EF0EEFC022816D1CDB1A6B9104B684659
S31508009B00CDE9003604F1FC0302932023039331F0D8
S31508009B10FCF90646C4F8F8002046FFF7D5FF10B949
S31508009B20304630F067FD84F8A15004B070BD002EB1
S31508009B30F9D0D4F8F80031F0CEFAC4F8F850F2E7C4
S31508009B4039E403082DE9F84F90F8943004460D4699
S31508009B501646002B79D12EF0BBFC022807465AD0B0
S31508009B6094F899802E44B5424AD0302794F89A3012
S31508009B70BBB32046FFF7A8FF98BBEFF3118987F31D
S31508009B801188207DFFF7ECFE2046FFF76DFFD4F81D
S31508009B9048A0411E514538BFE16C94F854B038BF0F
S31508009BA001F1FF31207D38BF5144FFF7F5FEBBF1C7
S31508009BB0000F12D10B46D4F89C0098420BD013F82C
S31508009BC00129112A01D0132A2DD1A2F111035A42D3
S31508009BD05A4184F8A020C4F89C1089F31188BFF371
S31508009BE06F8F94F8A030002BC0D0B8F1000F21D1A8
S31508009BF0236E20465B6815F8011B98470028B2D0EB
S31508009C002EF066FC022803D1D4F81C0130F0DFFFE1
S31508009C100020BDE8F88FD4F81C0131F035F900288A
S31508009C209ED03846F5E79A4582BFE36C03F1FF33C9
S31508009C305344C2E72B780A2BDAD1236E0D2120462E
S31508009C405B6898470028D3D0DAE70E20E1E72DE9CC
S31508009C50F04F0446077D85B0384604F13806FFF70D
S31508009C607FFE0021102230462CF089FD4FF0300B84
S31508009C704FF44473DFF80CA1DFF80C910AF22B2895
S31508009C8063870BFB0793C4E90F88DB6E434504D152
S31508009C90384605B0BDE8F04F7EE638460DF10F01AF
S31508009CA030F054FD9DF80F70002F61D12046FFF764
S31508009CB0DBFE9AF82A228046237DE2B1072B1AD8C2
S31508009CC00AEB031A9AF83420AAB1EFF311808BF342
S31508009CD01188D9F834100BFB0399D9F8642080F35E
S31508009CE01188BFF36F8F21FA03F3DB075CBFC2F35A
S31508009CF00A135F1C3D4604F1180710220021384656
S31508009D00D4F810902CF03BFD3022237D013D5343BF
S31508009D10C5F30A052D0145F04075C4E9065903F156
S31508009D20A043C4F8208003F580231A6F94F8241002
S31508009D30520862F3410184F82410196F94F824201C
S31508009D4027F0030761F3000284F824201B6F626A78
S31508009D509B0863F39F0247F00207626267640094F8
S31508009D60207D32462146064B09F012F9207D90E700
S31508009D7094F8443023F0020384F84430EFE700BF38
S31508009D808D9D0008B88500200000045092F85430D4
S31508009D9037B5144633B1936D0BB1D06D9847002390
S31508009DA084F8543094F89A301BB32046FFF73EFEE9
S31508009DB0F8B1236E132120465B6898471025236E59
S31508009DC020461B680DF10701984778B99DF80730BA
S31508009DD003F0FD02112A05D1A3F1110253425341A2
S31508009DE084F8A030013D15F0FF05E8D12046FFF7BD
S31508009DF02EFF002384F8543094F8A13043B12EF096
S31508009E0067FB0238012803D8D4F8F80030F0F2FBD3
S31508009E10002003B030BD002307B501A9019309F05E
S31508009E203BFB019803B05DF804FB002307B501AAC4
S31508009E30019309F0D7FB019803B05DF804FBFEE730
S31508009E400846E8E708462FF0E5BA08461146ECE763
S31508009E50BFF35F8F074B5A6A22F480325A62D3F8EF
S31508009E60942022F00102C3F89420BFF34F8FBFF36A
S31508009E706F8F704700ED00E010B50A4C94F8683211
S31508009E8073B194F869325BB12FF0CEFB002384F8E6
S31508009E90693284F86A32012384F86B3284F86C32AA
S31508009EA010BD00BFB88500200122024B83F8A82008
S31508009EB0704700BFB8850020464A70B5156F690718
S31508009EC02BD504234449454C0B6708238B62926DB6
S31508009ED012F0010F13D1424A1268B2F57A7F0ED9F1
S31508009EE0404E326C12070AD53F4A136430F06CF9BB
S31508009EF0736D23B1C4F87032012384F8743294F870
S31508009F00683213B1012384F86932FFF7B5FF0123DC
S31508009F10042284F87532344B1A6415F001062BD0E6
S31508009F2001222D4B2D4C1A6794F8743213B32FF077
S31508009F30DFFBD4F87032C01AC4F87802D4F8783245
S31508009F400BB1D4F878624FF41671C4F87862D4F875
S31508009F507832234BD4F878221B684B43234903F500
S31508009F60742303F23F23B3FBF1F3934211D2002388
S31508009F7084F87432FFF780FFAB0042BF4FF00052FF
S31508009F80154B1A67002DBEBF4FF00042124B1A67D9
S31508009F9070BD94F87C32D4F8781204EB8300D0F8BC
S31508009FA084220133511AD4F88022DBB2521AD4F82B
S31508009FB07812C4F88022C0F884120A210932B2FB4A
S31508009FC0F1F2C4F8AC20B3FBF1F201FB123384F8CA
S31508009FD07C32CCE70040005A0060005AB885002061
S31508009FE0380E002000800A5000A00A5040420F0098
S31508009FF010B52EF06DFA02280CD1074CD4F8C4021D
S3150800A00020B9064830F01AFEC4F8C402BDE810406C
S3150800A01030F03ABF10BD00BFB885002084B30308EE
S3150800A02008B52EF055FA022806D1044BD3F8C40217
S3150800A030BDE8084030F0CBBD08BD00BFB88500209C
S3150800A040B0F1006F0FD300F07843B3F1006F0CD076
S3150800A05000F06040B0F1404F09D0B0F1604F14BF36
S3150800A0600420032070470020704701207047022013
S3150800A0707047F0B5284B044693F8C8320D46164685
S3150800A08085B0002B45D0FFF7DBFF012803D904284C
S3150800A09034D1212423E014F48013C4F3130725D004
S3150800A0A01E4E96F83430A3B3012130460BF096FFC6
S3150800A0B0394630461A4A0DF10F030CF005F90446E5
S3150800A0C080B99DF80F30032B0CD0022B0CD13046EB
S3150800A0D013490BF0C1FE2860F06B08F05FFE2046BE
S3150800A0E005B0F0BD2D24F7E76124F5E700920B488B
S3150800A0F00A4639460CF0D2F90446F0E7FFF778FF2E
S3150800A10032462946204605F0C7F80446FFF788FF79
S3150800A110E5E71124E3E700BFB8850020801000209A
S3150800A12050100020184B70B593F8C83205460C46F7
S3150800A13016463BB3FFF784FF012803D9042812D13A
S3150800A14021241BE0EB02C5F3130105D522680F484D
S3150800A150BDE870400DF0AABB13460C482246BDE880
S3150800A16070400DF00FBBFFF743FF4CB12146324656
S3150800A170A8B2FEF7CFFC0024FFF752FF204670BDB9
S3150800A1802124F9E71124F9E7B8850020801000207A
S3150800A19010B504462EF004FF0C4BA0F57A729A42CD
S3150800A1A012D84FF47A73B0FBF3F05C43084BB3FB59
S3150800A1B0F0F3B4FBF3F0022806D9BDE810400323F8
S3150800A1C0B0FBF3F0FCF71CBA10BD00BFFFC99A3B01
S3150800A1D040420F000CB41FB506AC54F8043B0A46BF
S3150800A1E00094014604480394FCF714FF04B0BDE844
S3150800A1F0104002B0704700BFED66000838B5451E2E
S3150800A20015F8014F2CB90A212046FFF76FFB2046A7
S3150800A21038BD21460020FFF769FBF1E71FB5034665
S3150800A22000914FF0FF3203A90248FCF7F3FE05B090
S3150800A2305DF804FB0B99000807B5009313460A4618
S3150800A24001460348FCF7E6FE03B05DF804FB00BFD1
S3150800A250ED6600082DE9F043501E2B4AC0B292F86D
S3150800A260D642079F84424AD90C246043D2F8CC824E
S3150800A27018EB000445D06289002A42D0B4F904508C
S3150800A280B4F906608D42B4F908C01EDCB142A8BF15
S3150800A2903146BCF1000F34D002F1FF3E1FFA8EFEA4
S3150800A2A00CFB0E594C1B94FBFCF44E45D8BF72466A
S3150800A2B0A4B2A24202D3B14218BF224658F800E01F
S3150800A2C05EF822000EEB820403E02946E1E7013A34
S3150800A2D092B21AB154F8048D4045F8D0B1421EBF67
S3150800A2E01CFB02F1491909B2994203DD12B1013A80
S3150800A2F092B2E5E738600020B980BDE8F0830E2009
S3150800A300FBE70220F9E700BFB8850020FF20704769
S3150800A310004870470080FFFF0FB47FB50A4811F068
S3150800A320DDFC60B1094A09ABCDE90420039300932B
S3150800A3304FF0FF32089B064804A9FCF76BFE07B0EE
S3150800A3405DF804EB04B0704750E40308039900086D
S3150800A350F766000808B50448FFF7DEFFBDE80840C1
S3150800A360302006F009BE00BF55E4030830B5B9B081
S3150800A3706A22002168462CF002FA712200211BA8E5
S3150800A3802CF0FDF910486A236A460521D0F8D80250
S3150800A39004F04CF90C2403AD052229461BA82CF021
S3150800A3A01CFE2F2C03D009491BA82CF007FE0534E8
S3150800A3B0E4B2342C05F10505EED105481BA9FFF7D3
S3150800A3C0ABFF39B030BD00BFB885002060E903088F
S3150800A3D074E403081F4B93F8C830212B19D8212B96
S3150800A3E031D8DFE803F01432111E30202224262843
S3150800A3F0302A303030303030303030303030303055
S3150800A4003030303030302C2E1349144884E7144944
S3150800A410FBE7FE2B1BD01349114AFF2B08BF114639
S3150800A420F3E71149F1E71149EFE71149EDE711495A
S3150800A430EBE71149E9E71149E7E71149E5E711496A
S3150800A440E3E71149E1E70749DFE71049DDE7104986
S3150800A450DBE700BF78AE002088E40308B7E403080A
S3150800A4607DE4030880E403088CE403088FE403080A
S3150800A4703EE6030892E4030895E4030898E4030813
S3150800A4809EE40308A4E40308A7E40308B4E4030865
S3150800A490AAE403080CB437B506AB53F8042B0C46EC
S3150800A4A00C4860210193FFF7C7FE051E0DDD0A4B18
S3150800A4B0614201F00A0158185B5C33B111F00EFCD9
S3150800A4C018B12A460349FCF7CBF803B0BDE830407B
S3150800A4D002B070479488002094B3030837B5054640
S3150800A4E0034600910C46012000210A4AFFF7D2FFD5
S3150800A4F0012D06D064B9712003B0BDE8304006F0DE
S3150800A5003BBD1CB1032C03D13020F5E73420F3E71B
S3150800A51003B030BDBFE403082DE9F041B8B0E0222E
S3150800A520002168462CF02BF9FF232C4E8DF80030BD
S3150800A530D6F818826946D8F8040030F00DFD0128CF
S3150800A54002D038B0BDE8F08100211920244AFFF76F
S3150800A550A1FF9DF80030803B072BEBD801A252F8EB
S3150800A56023F000BF8FA5000835A50008D5A500086B
S3150800A57035A50008D5A5000835A5000835A50008A5
S3150800A58085A5000800211920164AFFF783FFD6F88B
S3150800A5903C7300253C463B789D42CBDA2379012B58
S3150800A5A007D0022B0DD04BB969462369E068984756
S3150800A5B004E09DF80420E3889A42F5D0013510346A
S3150800A5C0E9E79DF80420E3889A42F7D19DF805202B
S3150800A5D0237AF1E7FCF7AEFFACE700BFB8850020A9
S3150800A5E0E7E40308F9E403082DE9F04300242646C6
S3150800A5F0274685B0DFF86080DFF860908DF80F4059
S3150800A600D8F8400302A90297ADF80C608DF80E4001
S3150800A61030F0A2FC0128029FBDF80C609DF80E40A0
S3150800A62002D005B0BDE8F083334600211920084A58
S3150800A6300094FFF72FFF074D4D45E1D2AB88B34293
S3150800A64004D12B6813B13946204698470835F3E7F5
S3150800A65009E50308E0620008B8850020F0620008F2
S3150800A66010B504460A4A00211B20FFF713FFE378BA
S3150800A670012B08BF0022074B08BF83F84423D3F8F1
S3150800A68048331BB12046BDE81040184710BD00BF2F
S3150800A6901AE50308B8850020024BD3F818329B69DF
S3150800A6A018797047B8850020094BD3F818329B698A
S3150800A6B0D88860B1831EE62B08D9A0F58070B0F55E
S3150800A6C0806F2CBF00200120400070470120704792
S3150800A6D0B88500200128024608B501D841B90122EB
S3150800A6E0FFF7E2FF022805D1531E5842584108BD1C
S3150800A6F00020FCE70520FAE72DE9F74F804691F898
S3150800A70002900D4614469A4606F02AFC814502D860
S3150800A710B9F1000F03D14FF0010985F802904146BF
S3150800A7204846FFF7D7FF1E2100222B783A4E2370A2
S3150800A730AB780746A37009EB080301FB0366E070D4
S3150800A740134630462271D1B28F4207D82A78852A15
S3150800A75018D08E2A19D00533DBB232E030F81E1C29
S3150800A760FF29F3D010F81ACCBCF1010F07D0042B3F
S3150800A770ECD804EB030C01338CF80510DBB201327C
S3150800A7800630E0E703226270E5E74FF0000C03228B
S3150800A7901E2165464FF0060B627009F1FF324A43E7
S3150800A7A001FB08F104EB030901925FFA8CF087427A
S3150800A7B00CD8002DCFD000221C4406331D446271EC
S3150800A7C0EBB28AF8003003B0BDE8F08F36F81E8C7D
S3150800A7D0B8F1FF0FEDD016F81A0C012818D1E818B1
S3150800A7E000F1080EBEF1AA0FE3D8019A204480F8BA
S3150800A7F006800BFB0C20094A0844104405F1010E9B
S3150800A80090F8F200023559FA8EFEEDB28EF806007F
S3150800A8100CF1010C0636C8E7A8860020B88500208A
S3150800A82070B5104D134606460A46014605F5BC7036
S3150800A83013F052F804460021162096F830300A4ADA
S3150800A840FFF728FE022C09D054B996F83030EA18DA
S3150800A85005EB830582F8DC41C5F8E841012070BDA7
S3150800A8600020FCE7B885002031E5030838B50F4C11
S3150800A87094F82832022B15D194F829526B1C84F8C7
S3150800A880293206F06DFB85420CD2002104F553707F
S3150800A890074AFFF7C5FF04F553700A21BDE838409B
S3150800A8A011F0F8BB002384F8283238BDB88500209B
S3150800A8B0559000082DE9F041002501232E46194F31
S3150800A8C0194CDFF86C80C7F8144187F8183197F8E7
S3150800A8D01831AB4201D8BDE8F081632363761423AF
S3150800A8E094F87020C4E9043384F86820267604F1C5
S3150800A8F01C0001210D4AFFF793FF04F1100323659D
S3150800A9000A23A4F86430637EC4F86080A4F85C6007
S3150800A910A4F85E6084F8673084F871600135743491
S3150800A920D5E700BFB885002090AF0020238D00082A
S3150800A930F3900008002310B50478DAB2944201D8DF
S3150800A940002010BD4268D25C8A4209D0252903D16D
S3150800A950262A05D00133F0E72629FBD1252AF8E770
S3150800A9600120EEE738B50D465E21044606F012FBD7
S3150800A9702A0603D59821204606F00CFB6B0703D060
S3150800A9809F21204606F006FB8CB18521204606F05D
S3150800A99001FB8E21204606F0FDFA5921204606F0D5
S3150800A9A0F9FA6C212046BDE8384006F0F3BA55217D
S3150800A9B0F8E7034613B59C6808461146E4B11B78C8
S3150800A9C0022B0BD0032B12D0012B17D12346027A68
S3150800A9D0D0E9000102B0BDE810401847131D0093E6
S3150800A9E01368027AD0E90001A04702B010BD2346D9
S3150800A9F002B0BDE8104018472046F6E70420F4E701
S3150800AA00F8B505460E46064C064FBC4200D3F8BDBF
S3150800AA1031462046A8470028F9D12834F5E700BF73
S3150800AA20F06200084865000807B500210648FFF7E8
S3150800AA30E7FF0422054B00200DEB0201019306F007
S3150800AA4092FA03B05DF804FB2975000800010B00B3
S3150800AA5030B50B4BABB00446A82200216846D3F8A4
S3150800AA6018522BF08CFE652300226946A8688DF8DB
S3150800AA7000308DF8044011F06AF92BB030BD00BFE4
S3150800AA80B885002008B500231A461846194608F066
S3150800AA907BFC0420FFF7DCFF0022094B83F88C239C
S3150800AAA093F830215AB983F88D2383F88E2383F8D7
S3150800AAB08F2304490448BDE8084006F085B908BD57
S3150800AAC0B885002004B00020BDB701083A2370B548
S3150800AAD0C6B0634C0DF1070633703146D4F89803B7
S3150800AAE030F03AFA012801D046B070BD3578002119
S3150800AAF02B4619205B4AFFF7CDFCA5F13003082B3E
S3150800AB000CD8DFE803F056234441050B0B0B47002E
S3150800AB1094F88C33C3B1332006F02EFA2B46002165
S3150800AB200120514AFFF7B6FC712D68D0722D7ED0F0
S3150800AB30322D00F09180332D00F09080312DCCD14C
S3150800AB404A48FFF7E9FBC8E73120E5E7D4F81832A9
S3150800AB509B69197891B119200021454AFFF79AFC9B
S3150800AB600320FFF775FF012384F88C3300234FF485
S3150800AB7061711A46642008F007FCCFE719203D4AA0
S3150800AB80FFF788FC0120ECE70020FFF761FFFFF7DD
S3150800AB9079FFC3E7D4F8900303F05CFED4F8940376
S3150800ABA003F058FEFFF740FF334B344A5A6203F06E
S3150800ABB0B0FC4FF080730293D4F818329B69DB8897
S3150800ABC01BB902A8FEF791F9A8E7962200210DF114
S3150800ABD01E002BF0D4FD5A238DF81C3001231022B9
S3150800ABE0002103A88DF81D302BF0C9FD0221244A47
S3150800ABF003AB07A810F0A8FD00288FD1E1E721488C
S3150800AC0090F8203190F8242162F306030A2280F88E
S3150800AC102031B0F87431B3FBF2F3DBB22BB100216B
S3150800AC2000F58C70FEF748FA57E7FF21F8E7002190
S3150800AC300120154AFFF72EFCFC22002107A8D4F8AC
S3150800AC4018522BF09CFD13238DF81C30002228681F
S3150800AC5007A911F07CF840E70C4872E70C4870E742
S3150800AC60B88500204BE5030885E50308BFE503081A
S3150800AC7057E503086EE503080000085004001D03A5
S3150800AC80EB8E000878AE0020B6E50308D6E5030883
S3150800AC90F0E5030813460A4601460248D0F894032D
S3150800ACA003F0C4BCB8850020F0B50027064687B077
S3150800ACB002AC0F223946204601972BF060FD032E81
S3150800ACC0334D3AD0012E09D13146D5F8940301AA5D
S3150800ACD004F0FAF810B9019A0F2A29D0214630460D
S3150800ACE0FEF74EF921460F220120FFF7D3FF06276C
S3150800ACF00023284903EB4302A05C1832088007FBAF
S3150800AD0003506A4412F80F6C013380F8F26012F8A7
S3150800AD100E0C052BC0F34010087112F80E2C01F129
S3150800AD200601C2F3030201F8012CE3D107B0F0BD16
S3150800AD3021463046FFF7AEFFD0E73946062705F12C
S3150800AD40F00007FB0156038801EB4102A35496F86D
S3150800AD50F26002F118036B4403F80F6C0379467925
S3150800AD605B01224406F00F0603F02003334396786E
S3150800AD70013126F02F0633430529937000F10600AA
S3150800AD80DFD10F222146012006F0EDF8CEE700BFFD
S3150800AD90B8850020A88600202DE9F0430F4685B027
S3150800ADA0044615460021102268461E462BF0E7FC8D
S3150800ADB0012F02D8012C02D11FB100202AE0002C55
S3150800ADC03DD006F0CDF8A042F7D3032E25D11E219B
S3150800ADD0254B3A1901FB02384FF0FF090422013CC2
S3150800ADE0E4B22B78D6B2852B03D118F8023C012B96
S3150800ADF006D032463946204628F8069CFCF7FEFB64
S3150800AE00721E52B2531CA8F10608EAD10320FFF7B6
S3150800AE104BFF012005B0BDE8F083042E02D1EB7884
S3150800AE20002BD4D03246294668468E23FCF7C0FC50
S3150800AE306B46224639462878FCF714FCE6E7324684
S3150800AE408E2329466846FCF7B3FC06F089F80124E8
S3150800AE500646B442DAD822466B46002128780134E1
S3150800AE60FCF700FCE4B2F4E7A88600200120024BB8
S3150800AE7083F89A0118E700BF78AE0020002013E790
S3150800AE802DE9F04398462B4B0446D3F818920E4604
S3150800AE90D9F8183017461D78C1B04DB929461B2078
S3150800AEA0254B264AFFF7F6FA284641B0BDE8F08357
S3150800AEB055682B7903B99370AA2E38D884B1BA7815
S3150800AEC0AB780AB959060BD0602104F8041C0D2189
S3150800AED004F8022C04F8031C04F8013C0436043C6C
S3150800AEE0FC22002101A82BF04AFC01238DF804302E
S3150800AEF03B788DF80D608DF80C302B883246ADF80E
S3150800AF00BC307B7821468DF8C0306B790DF10E0088
S3150800AF108DF8C230CDF808802BF058FC4FF47A62D1
S3150800AF20D9F8000001A910F012FF0546BCE7022572
S3150800AF30BAE700BFB8850020BCB3030806E60308D5
S3150800AF40037813F00C0F084B0CD190F90820002A4F
S3150800AF5008DB93F89C03421E50425041002283F8B6
S3150800AF609C2370470120F9E7B88500202DE9F047B2
S3150800AF70D0F80490076899F801303D7A012B0E46FF
S3150800AF8005F07F0529D0022B79D13846FFF7D8FF7F
S3150800AF9018B102252846BDE8F0872846FCF76DFC5F
S3150800AFA00028F6D0252334680A2223700323637009
S3150800AFB090F871301030A370B0F84E30B3FBF2F34E
S3150800AFC0DBB25A1E622A98BFFF23E370FCF7BAFA6F
S3150800AFD0052320713371FF25DCE799F80280A8F173
S3150800AFE06403DBB29A2BD4D990F808A0BAF1020F01
S3150800AFF0CFD92846FCF741FC04460028C9D00346A9
S3150800B00079683868BAF1030F03C3B868186008BFCF
S3150800B01094F87030284608BF89F8033099F8037009
S3150800B0207B1EDBB2FD2B82BFA37A23F08003A372BB
S3150800B030FCF723FC05460028ABD0B8F1FF0F08BF84
S3150800B04090F867803A4641461030FDF7F9FD074605
S3150800B0502946002004F0ACFD012F02D0002FBAD0FB
S3150800B06097E7A57A15F00105B5D0237813F00C0FEC
S3150800B070B1D104F11000FCF765FA70718AE7002572
S3150800B08088E74107034607D4820707D410F0010072
S3150800B09005D1DB09980070470320704702207047E6
S3150800B0A02DE9F0430025FF242E46A5B0882200216D
S3150800B0B002A82BF064FB564BDFF87C91D3F8188274
S3150800B0C0D8F80C0002A98DF808408DF810608DF8A4
S3150800B0D011502FF041FF01289DF808409DF8106097
S3150800B0E09DF8115002D025B0BDE8F0830021192043
S3150800B0F0484AFFF7CFF9C42C12D8BF2CE0D9A4F1DF
S3150800B100C003042BDCD801A252F823F035B100089D
S3150800B1106FB10008C1B0000873B10008EFB10008AC
S3150800B120DD2C6BD0EA2CCBD19DF80C100029C7D1A9
S3150800B130394A02E02EB9394A00211920FFF7AAF93F
S3150800B140BEE72B4600211920354AFFF7A3F9039BD2
S3150800B150002BB5D00022ADF8042002228DF8065047
S3150800B1608DF8072001A89847FCF7E4F9A8E72D4AC7
S3150800B170E2E79DF80C7000213B4619202A4AFFF7A2
S3150800B18089F9092F9CD801A353F827F0B5B100080F
S3150800B190C1B00008C1B00008C1B00008C1B00008BD
S3150800B1A0D1B10008C1B00008D9B10008DDB1000866
S3150800B1B0E1B10008D8F818301A781AB11879FFF7EB
S3150800B1C060FF08B1FFF730FC322005F0D5FECBE76B
S3150800B1D0392005F0D1FE73E73220FAE73020F8E788
S3150800B1E000231A461946184608F0CEF868E71920CB
S3150800B1F000210E4AFFF74EF93820EAE70C4B0021EA
S3150800B200012E08BF4B4619200A4AFFF743F957E7AC
S3150800B210B885002041E60308F9E6030857E603085F
S3150800B22074E6030890E60308A9E60308BBE60308E4
S3150800B2303CE60308CCE6030834E603082DE9F041AA
S3150800B240074607980D461446984620B19DF82020D3
S3150800B2502BF039FE98B9FFF71FFAFFF712FF0646DB
S3150800B26078B1B84213D1B8F1000F10D0294640463C
S3150800B2709DF818202BF027FE08B9202D07D10120AC
S3150800B28003E0A5F1200358425841BDE8F081042E99
S3150800B29008D1722D06D1042C08BF002F0CBF01203F
S3150800B2A00020F2E70020F0E70020704773B5044657
S3150800B2B0CDE900120D461646034600211B20144A06
S3150800B2C0FFF7E8F8ACB1FFF7E7F9034645B9C6B9A1
S3150800B2D0104A02F10800002B08BF104602B070BDE4
S3150800B2E0FFF7CFFEA8420ED1002E0B4818BF00204C
S3150800B2F0F4E756B9074B03F11800002D08BF1846A6
S3150800B300ECE72846EAE70548E8E72046E6E700BF0F
S3150800B3101DE70308608900207089002078890020CD
S3150800B3202DE9FF410A9F044616461D46FFF708FE0B
S3150800B33000285FD14B78032B36D0052B5ED0012B26
S3150800B34059D1032E56D159232B7002236B708B7853
S3150800B350012BAB700BD94E49227AD1F8100102F0B5
S3150800B3607F0200EBC201097901318B4215DD012309
S3150800B370484CAB7020462BF062FE21460246281D3B
S3150800B3802BF024FA20462BF05AFEE87020462BF0C4
S3150800B39056FE04303870FF202DE050F8322002EBBC
S3150800B3A0031353F8184CE5E7394D95F828320BBBCB
S3150800B3B08B78227A13F0400F4FF0010312BF022157
S3150800B3C085F82832CB78C2F3060285F82932236835
S3150800B3D085F8C823C5F81C3263682F4A18BF85F854
S3150800B3E028125360A3689360FDF7E1FD0028D2D1C7
S3150800B3F085F82802022004B0BDE8F081CE78247AC8
S3150800B400012E04F07F0430D9214BD3F8103103EB19
S3150800B410C4031B7901339E42C8BF012605F10408FF
S3150800B420CDF80480002CE5D1012E20D1FFF734F9A0
S3150800B430FFF727FE224601463046FFF737FF01ABE6
S3150800B440029002A915480393FFF7DAFA019CA4EBC8
S3150800B4500804002CCED059232B700623E4B2EC70D6
S3150800B46004346B70AE703C7095E70126D6E7084B3E
S3150800B47006F18052D3F81031023A1B68404603EBB6
S3150800B48002139C785968640022462BF09FF9E0E77E
S3150800B490B885002040E70308D4870020F77700081E
S3150800B4A007B5027A417802F07F020120FFF7FEFE17
S3150800B4B000230090694604480193FFF7A1FA019812
S3150800B4C003B05DF804FB00BF4D780008F0B5466888
S3150800B4D0054674780F46012C85B003D0022C23D07C
S3150800B4E000241EE0026801AB1068516803C3906827
S3150800B4F01860B378643BDBB29A2B11D901A8FFF721
S3150800B500CFFF06460028EBD0C46854B16868A04748
S3150800B5103A462946304605B0BDE8F040FFF749BA35
S3150800B5200224204605B0F0BD01680846FFF708FD6D
S3150800B5300028F6D10846FFF7B3FF0028D0D00469E3
S3150800B540002CCDD0202339680B7003234B702B6851
S3150800B550CA1C187A0B1D00F07F000231A04705238C
S3150800B560FF243B71DDE72DE9F043144C0646D4F879
S3150800B57018320F469B691546DB88D4F8BC8394F8C5
S3150800B580B89385B0A3B1FFF787F8FFF77AFD78B1CE
S3150800B59094F8B0330293D4F8B433CDE900933A461D
S3150800B5A0434631462846FFF749FE05B0BDE8F08315
S3150800B5B094F8A8330293D4F8AC33EEE7B8850020A4
S3150800B5C02DE9F0410C464B79BAB091F8AE8001935B
S3150800B5D00B791B20009391F8BD302D4A0021FEF708
S3150800B5E059FF277994F8BD60384632466179FFF7E6
S3150800B5F0BAFF002849D0002594F8B030CDE90655A1
S3150800B6008DF81430B4F8B8308DF81560ADF81630EA
S3150800B610B4F8BA30AA22ADF81A300FAB1846294644
S3150800B62005AE0434089609948DF828802BF0A7F8FF
S3150800B630184BCDE903051848984208D24288BA4201
S3150800B6400AD103AA08A9FFF7B4F9042806D13AB023
S3150800B650BDE8F041FBF76EBF2830EDE79DF81040D6
S3150800B660002CF4D00228F2D00E2200210DF12E0073
S3150800B6702BF085F830460BA910F0ECF8002221468D
S3150800B68003980BAB10F060F8E1E73AB0BDE8F0813B
S3150800B69049E7030848650008F0620008F8B504465B
S3150800B6A00F461E4615461AB320B305F059FCA042AC
S3150800B6B020D31E21104B621E3A4401FB023320465A
S3150800B6C039462B60FFF706F8002206213070D3B200
S3150800B6D0984208D901FB02F42F6801323C5BFF2C23
S3150800B6E0F5D118463370B0FA80F040094000F8BD2D
S3150800B6F00320FCE70720FAE7A88600202DE9F04F8B
S3150800B700B2F800900446B9F1E80F8B4617469846FA
S3150800B71085B018D8FEF7C8FF022818D1012C12D117
S3150800B7200023204602938DF8073002AA0DF107037D
S3150800B730FFF7B4FF9DF807304BB1012B03D1029BED
S3150800B7401B88012B03D0002005B0BDE8F08F5946B1
S3150800B7502046FEF7BFFF0025BB78ADF80A5006461F
S3150800B7608DF80A30ADF808908DF80C80FEF794FF36
S3150800B770FFF787FC1E23DFF8BCA0013C04EB0B0790
S3150800B78003FB07A78DF80D00AE4237DC1E220627FD
S3150800B79002FB04F8731EDBB207FB038302FB0BF9FB
S3150800B7A0234D4B442B44B3F8F030FF2BCBD1012E5D
S3150800B7B08CBF032600265C44544307FB06439A4481
S3150800B7C0BAF80030FF2B13D0504602A9FDF743FC08
S3150800B7D000281EDD731CDBB207FB0383DAF80020A2
S3150800B7E04B442B44C3F8F020BAF80420A3F8F420FD
S3150800B7F0013E731CAAF1060AE2D10BE03B88FF2B37
S3150800B800C4D0384602A9FDF726FC063770B10135C3
S3150800B810BAE7EDD0062306FB033302981D44BDF8AC
S3150800B8200C302544C5F8F000A5F8F43001208BE764
S3150800B830B8850020A88600202DE9F04F064687B077
S3150800B8400F4615460021102202A898462AF097FFAF
S3150800B850012E03D9002007B0BDE8F08FBC78012C73
S3150800B8604AD1002EF6D105F07BFB8442F2D8434636
S3150800B8702A46394602A8FBF79BFF31462046FEF7C3
S3150800B88029FF9DF80C909DF8148009EB0805854260
S3150800B890E0DC002DDED001244FF0000BDDF808A017
S3150800B8A0049DD144CA450FD01AF8013B8DF806B05D
S3150800B8B0ADF804301BB300233146B87801AAFFF768
S3150800B8C01DFF0028EED1044605EB4808A8450ED012
S3150800B8D02B786A78ADF804308DF806208BB10123F1
S3150800B8E03146B87801AAFFF709FF58B9044603207C
S3150800B8F0FFF7DAF92046AEE7002CB4D1AAE71C46D2
S3150800B900D0E71C460235E1E770B51C464B7805467C
S3150800B910013B049E0A2B47D8DFE803F01506461EAE
S3150800B92029464646464638002846FFF709FB08B129
S3150800B930022070BD287A3346224600F07F00FEF7C3
S3150800B940DBFEFF20F5E7287A852300F07F00FFF766
S3150800B95073FF0028F5D1EBE7022AE9D913460A4610
S3150800B960287A00F07F019078FFF716FAF1E7284663
S3150800B970FFF7E6FA0028DBD18523237006236370D8
S3150800B98005F0EEFAA07003233370DAE72846FFF7CE
S3150800B990D7FA0028CCD1852323700C236370034B78
S3150800B9A093F89A31A370EEE70020C2E778AE00203C
S3150800B9B070B51D464B780446013B049E042B3AD8C5
S3150800B9C0DFE803F01203391B2A002046FFF7B8FA0E
S3150800B9D008B1022070BD207A33462A4600F07F005F
S3150800B9E0FEF78AFEFF20F5E7207A8E2300F07F0017
S3150800B9F0FFF722FF0128ECD1F4E7022A04BF00234F
S3150800BA008B7013460A46207A00F07F019078FFF77C
S3150800BA10C3F90028E6D1DCE72046FFF791FA0028AB
S3150800BA20D7D18E232B7006236B7005F099FA032362
S3150800BA30A8703370D6E70020CCE70A4930B5D1E9BB
S3150800BA40F3345D1DB3FBF4F204FB123201EB820200
S3150800BA50D2F8D403013308B9AB42F3D1C1F8CC33D9
S3150800BA6030BD00BFB8850020084B0022D3F8D0139C
S3150800BA7010B5084603F575738A4200D110BD53F810
S3150800BA80044B04B901380132F6E700BFB885002037
S3150800BA9073B54B4A002105461B20FEF7FBFC002325
S3150800BAA0484C94F8E91384F8E83319B184F8E93373
S3150800BAB002B070BD94F8EA33ABB1D4F8EC239342E4
S3150800BAC06DD101231B20404A84F8F333FEF7E2FCCC
S3150800BAD0B4F8F433A4F8F03305B1AD783B4884F8EC
S3150800BAE0F253FEF7BDFD94F8EA63D4F8EC339E42B0
S3150800BAF0DED2D4F8F83394F8FC535A789B788DF84C
S3150800BB00002045F001028DF801208DF80230FFF77C
S3150800BB1094FF01902EB9AB0744BF45F005058DF893
S3150800BB20015094F8FD53038815F00705A4F8F4337B
S3150800BB30A4F8F03306D094F8FE531DB190F90250DC
S3150800BB40ED43ED0F03F032FB94F80614C4F8B41471
S3150800BB5045B31F4B0431C4F8B834C4F8B4141D4BAC
S3150800BB606A46D4F8B804FFF78BF994F8FE3305460D
S3150800BB7023B14FF47A70184906F042FBB5B1022397
S3150800BB8084F8F233FFF770FFB0FA80F0400984F8C2
S3150800BB90F3030E4802B0BDE87040FEF761BD84F8B5
S3150800BBA0F31395E70D4BC4F8B834D8E7012384F8A6
S3150800BBB0E83394F8EA33013384F8EA3378E700BFC8
S3150800BBC05DE70308B88500207BE70308A8890020FD
S3150800BBD0BB89002091BA0008748A0020BF8900201A
S3150800BBE038B51F4D0446B5F8F4330380837843B15E
S3150800BBF0FFF73AFFB0FA80F04009E0702046FEF7FA
S3150800BC002FFD95F8C0348BB9FFF72EFFC5F8EC0366
S3150800BC10F8B103F045FAB5F8F433012823800CD0BF
S3150800BC20022815D12046BDE8384031E703F086F9E9
S3150800BC30B5F8F4330128238008D10223A370FFF74F
S3150800BC4013FFB0FA80F04009E07004E00228DBD068
S3150800BC5038BD0123E3702046BDE83840FEF700BD35
S3150800BC60B885002007B5084B8DF80600B3F8F433FD
S3150800BC7001A8ADF8043001238DF80730FFF708FF57
S3150800BC8003B05DF804FB00BFB8850020F8B504468C
S3150800BC900D46EFF31186302383F3118890F896301A
S3150800BCA0A1B173B990F898305BB1EFF3108572B60D
S3150800BCB001202EF061FB28462EF0F9FF012384F8B7
S3150800BCC0963086F31188BFF36F8FF8BD002BF8D036
S3150800BCD0EFF3108772B608462EF04EFB38462EF064
S3150800BCE0E6FF84F89650ECE703464160EFF31080D0
S3150800BCF072B6044AD2F854121960C2F854322EF0B9
S3150800BD00D6BF00BFB88500200146EFF3108072B693
S3150800BD10084AD2F8543202F515722BB1994205D168
S3150800BD200B68136000230B602EF0C1BF1A461B6810
S3150800BD30F3E700BFB885002038B50446D0F870315F
S3150800BD401D68AB6C5906FCD5002394F879111A4680
S3150800BD5094F878010CF02CFB002394F87B111A4612
S3150800BD6094F87A010CF024FB94F88031DA0707D5A9
S3150800BD70002394F87D111A4694F87C010CF018FB00
S3150800BD8094F880319B0707D5002394F87F111A464B
S3150800BD9094F87E010CF00CFB042205F500531A6595
S3150800BDA028460CF0CFFA0021D4F874012EF05EFA7A
S3150800BDB00D4A04F5C270D2F81C3102F58E713BB1FA
S3150800BDC098420DD1D4F884310B600023C4F884312D
S3150800BDD0D2F81C3113B90548FFF796FF002038BD85
S3150800BDE019461B68EBE700BFB88500207C8A00204F
S3150800BDF00246EFF3108072B60E4991F8CD34FF2B48
S3150800BE0002D1A2B12EF053BF1BB9002AFAD00122E3
S3150800BE1003E0002A14BF0122FF221344DBB281F893
S3150800BE20CD34B3FA83F35B0981F8CE34EAE71A46D0
S3150800BE30F3E700BFB88500202DE9F341EFF3118839
S3150800BE40302383F311882E4D95F8FC34002B51D1FD
S3150800BE502C48C5F8C032C5F8B430C5F8F8342FF008
S3150800BE6078F8BFF34F8F284C0CF03AFD6368012B26
S3150800BE700BD16668012E06D163682DF0F9F8022306
S3150800BE802361224B5E600CF02BFD0027E7602EF045
S3150800BE909BF90F2201261D4BA7645A641A640CF0FD
S3150800BEA01FFD1B4B5E6026612DF0E2F84021194A02
S3150800BEB04620A761C2F88811FDF760FC144B1320D1
S3150800BEC05E6401A92EF06FFF019A134B1A603AB906
S3150800BED088F31188BFF36F8F232002B0BDE8F08185
S3150800BEE03B4640F2E7310D482AF022F985F8FC6412
S3150800BEF0C5F8BC0288F31188BFF36F8F0020ECE702
S3150800BF00B8850020CCB3030800800A5000A00A5068
S3150800BF1000900A5000E100E0380E002018FCFFFFF0
S3150800BF202DE9F04F8BB004469846049102922CF006
S3150800BF30CFFA022805464ED1D4F8A4002EF0A4FF65
S3150800BF40002840F07C8194F8A130002B43D0D4F827
S3150800BF50F850002D3FD02EF001FD064600283AD1B4
S3150800BF602CF0A6FA2CF02AFA2B68DA071ED4B54B61
S3150800BF70B5491B68B54B4FF0FF361A689161AA6838
S3150800BF8019689068CA6119680862196818314160A9
S3150800BF9019681B68183191602A1D9A626B6801211D
S3150800BFA001334FF0FF306B602CF0DEFA2CF0E2FB29
S3150800BFB08EB108B92EF023FCA44B1A6818681968C4
S3150800BFC0C36A9269C3F138038B61930103D42CF0D9
S3150800BFD08BF82CF097F80026C8F80060029BB3EBA4
S3150800BFE0060900F0C180049B9E1900F0BD8020461A
S3150800BFF0FDF76AFD0746002840F0B6802046FDF7A3
S3150800C00033FD216D94F89AB088429BBFD4E9125348
S3150800C010ED18451A6D1A4D4528BF4D46BBF1000F60
S3150800C02000F0D180EFF3118A302383F31188D4F816
S3150800C03050902046FDF7FAFC4B46A94659199942F5
S3150800C040D4F89CC040F0A180D4E9122313449C453F
S3150800C05008BFC4F89C208AF31188BFF36F8F834604
S3150800C060207DFDF77DFC2046FDF7E0FC06462046D0
S3150800C070FDF7FAFC236D8246984240F2B280A26C24
S3150800C080AEB2934240F0A580059304F128072369D0
S3150800C09010223846002103932AF071FB3022039BB5
S3150800C0A0013EE362059BC6F30A062363237D360138
S3150800C0B0534327F0030703F1A04346F0407647F0C1
S3150800C0C0020703F58023A6621F67236DD4E91212BF
S3150800C0D02B440A44934208BF0B469A45236529D147
S3150800C0E094F8A13003B3D4F8F850EDB12EF036FC2D
S3150800C0F0002800F09B802EF0A3FB2EF0ACFB6FF01F
S3150800C10001030693524B0022CDE907350123099313
S3150800C110504B06A918682EF037FA28B14FF0E023DD
S3150800C1204FF08052C3F8042D0123204684F854307A
S3150800C130FDF78DFD207DFDF72FFC94F89A303BB175
S3150800C140BBF1000F04D0236E112120465B68984787
S3150800C150B9F1000F08D0D8F80060029B4E449E4201
S3150800C160C8F80060FFF43AAF2CF0B2F9022803D100
S3150800C170D4F8A4002EF02BFDD8F80030002B14BFFD
S3150800C18000201B200BB0BDE8F08F9C4503F101028F
S3150800C19008BFC4F89C201B7808BF5F4603F0FD0C57
S3150800C1A0BCF1110F03D006F8013B134647E73FB130
S3150800C1B0A3F1110CDCF1000343EB0C0384F8A03067
S3150800C1C009F1FF39F1E72A4630462AF0FFFAA9466F
S3150800C1D046E7238DC3F30A12164466F30E13238526
S3150800C1E073E7207D86B93023434303F1A04303F563
S3150800C1F08023596E5A6EC1F30A1129446FF30E1241
S3150800C20042EA01125A6660E7CDE9005452462369AC
S3150800C210214606F039FE3022237D534303F1A0431D
S3150800C22003F580235A6E22F48012EBE72BF05CFFAD
S3150800C2302B6823F001032B602BF064FF74E7284674
S3150800C240A0E700BFBC0D0020010000805C040020B0
S3150800C25065A80308500E002000232DE9F04FA54ECF
S3150800C26085B00393D6F830320D469A42104604D26A
S3150800C27039B912B103A907F00FF9039805B0BDE85B
S3150800C280F08F1AB908462DF0C5F8F6E7EFF31187CF
S3150800C290302383F3118831F8063C07304FEAC30888
S3150800C2A020F00704A045A1F1080C80F0958031F82C
S3150800C2B0022C002A7AD0D11A012977D10CEBC209AF
S3150800C2C01CF83220D20771D4B9F80210A8EB040B77
S3150800C2D01BEBC10B6AD4BBF11F0F42DD05EB040A49
S3150800C2E0C4F3CF0425F8064C0134504625F8024C11
S3150800C2F009F0F8FA35F8022C4FEADB03AAF804200D
S3150800C300B9F80620AAF802303AB3B9F80210511A59
S3150800C31011FA83F39BB209EBC202AAF8063093809E
S3150800C32000224946504603F0DDFA484609F0DAFA93
S3150800C330002235F8061CD6F83432039503EBC10300
S3150800C340D6F83812A3EB08038B42C6F8343240D825
S3150800C3508AB3083BC6F834322DE00023AAF8063023
S3150800C360DEE7D6F83C220133013AC6F83C22B9F892
S3150800C37006200B4425F8063CA2B1B9F80210511A5A
S3150800C38011FA83F39BB209EBC20225F8023C9380AB
S3150800C39001226046494603F0A5FA484609F0A2FA82
S3150800C3A00122C6E7002325F8023CF1E7204603A947
S3150800C3B007F072F820B187F31188BFF36F8F5CE737
S3150800C3C04246294603982AF001FA28462DF022F813
S3150800C3D0F1E7C6F83832BBE77FD931F8021CA8EB7B
S3150800C3E0040B4A1ED21A002942D01CF831300CEB35
S3150800C3F0C109DB073DD4002A3BD1C4F3CF0305EBC3
S3150800C400040A25F8063C013325F8023C504609F093
S3150800C41069FAB9F8022002EBDB0335F8022CAAF810
S3150800C4200230AAF80420B9F80620F2B1B9F80210C9
S3150800C430511A11FA83F39BB209EBC202AAF8063025
S3150800C440938000224946504603F04CFA484609F0C4
S3150800C45049FA0023D6F8342203951444A4EB0804B9
S3150800C460002B3CD1C6F83442A5E7AAF80620E8E72F
S3150800C4708946BBF1270F30D9C4F3CF0305EB040A6D
S3150800C48025F8063C013325F8023C5046019209F08E
S3150800C49029FA35F8021C0BF1FF33DB08AAF802303B
S3150800C4A0AAF80410B9F1000F14D0019A013212FA51
S3150800C4B083F39BB2AAF80630A9F804300022D6F80E
S3150800C4C03C32114601335046C6F83C3203F00AFAAC
S3150800C4D00123BFE7AAF80690F0E703956BE7D6F8BD
S3150800C4E0383208349C42C6F8344288BFC6F8384207
S3150800C4F061E700BFB885002080B5B64C8CB094F8CB
S3150800C500FD3463BB0222B44EB44D3046AD1BC4E9BC
S3150800C5108B65C4E98D33C4F80455C4F83C3284F8F5
S3150800C5204822C4F85032C4E99066C4F8006509F098
S3150800C530D9F9D4F83C32013D0133ED087580C4F8C9
S3150800C5403C32D4F83432D4F8382208339342C4F84B
S3150800C550343288BFC4F83832012384F8FD344FF4E6
S3150800C56080309F499F4A4B6E5066486E4FF0004197
S3150800C5704AF6CD3551669C4903F480334A6C0D64FE
S3150800C58002F001024D6BEE07FCD4012597494D6078
S3150800C590A1F500510D6BED07FCD50AB1944A0A6462
S3150800C5A00028A2BF4FF00041924A51661BB94FF4CA
S3150800C5B08032904B5A6690482EF0CBFC8F4B904DAC
S3150800C5C01B6AC5F8A031EFF31183302282F3118874
S3150800C5D094F80825002A40F0FC84012284F80825EE
S3150800C5E083F31188BFF36F8F6FF004021046013290
S3150800C5F0052152B2FDF7A0F84C2AF7D14FF00043B7
S3150800C600784F07227B664AF6CD33774E0B20D6F84D
S3150800C610448033647B4BDA630BF060FE7368012059
S3150800C62023F4F87343F48073736040F20913B3601C
S3150800C63040F20313336105F02BFB18F0010F18BF06
S3150800C6406B4B4FF0800018BF3364654BD3F864809A
S3150800C6504FF000437B664AF6CD33776C33640BF0B4
S3150800C6603DFE336AFF0723F00F0343F006033362E8
S3150800C67048BF5F4B644848BF3364B8F1000FA2BF98
S3150800C6804FF000425B4B5A662EF063FC5F4AD2F8C5
S3150800C6904C3113F4802300F0A2844FF07E6292F8A6
S3150800C6A09C3092F99C20002AB8BF26234FF400013B
S3150800C6B04C4A022051664FF4D15102F5B832516204
S3150800C6C053494F2B486028BF4F23012001F580515D
S3150800C6D0DBB24860116911F48031FBD143F4007371
S3150800C6E0536140F201439360484B5160D3F84C21A3
S3150800C6F0100300F17884D3F85071FFB2454BDFF888
S3150800C700388193F90090444BB944C8F80030344B4B
S3150800C71089F308091B6F03F00703032B01D12CF0DB
S3150800C7203FFC02F05FFE032800F088804FF4801279
S3150800C7302C4B3A4E5A6645F60E034FF0A062C6F8E1
S3150800C7408030374B9A624FF4803203F580539A62F1
S3150800C750B36DD903FCD4B36D5A00FCD4314B4FF4F6
S3150800C76000623361B3694FF4406103F0004343EA62
S3150800C770094343EA072343F0007343F03C03B361DC
S3150800C78029480BF02DFA336A284923F00F03336240
S3150800C790B26A274B134043F48033204AB362936D41
S3150800C7A031EA0303FBD14FF080701D498862136993
S3150800C7B023F4700343F4401313614FF000434FF41E
S3150800C7C080328B611B4B98629A62144A936D5B00A8
S3150800C7D0FCD433E0B8850020F8B40020000001201E
S3150800C7E00080005000900050004009500060095039
S3150800C7F03254FFFF00A00050D0B303080040065093
S3150800C80078AE002000400050CCB303080080E00F4B
S3150800C810001002505CAE0020C01753020040005AB8
S3150800C8200050005A2008C00B3840005A0300010087
S3150800C830C7FFFEFE0060005A3CAE00204FF4C0223F
S3150800C840C04BD3F89860C04B5A6603F598335A68BC
S3150800C850012A00F0CF8302F0C5FD05280CD100217E
S3150800C860BA480BF0B1FCBA4A136F43F480631367F6
S3150800C8704FF48032B44B1A67DFF81493B54BD9F8E6
S3150800C880007026F040769F4202D8B04806F064FD54
S3150800C890B14BDA6812F0060FFBD19A689E60996868
S3150800C8A04E4016F4F81F0BBFA84B9A60C9F8003023
S3150800C8B0B94608BF994602F095FD05280FD12CF018
S3150800C8C06FFB06460BF09AF90128D4BF0121002117
S3150800C8D030460BF079FC0BF0C3FC0BF065FCB94550
S3150800C8E002D8002006F038FD4FF40022954B964FEB
S3150800C8F0D3F8C0307A664FF0B442954E23F04073B1
S3150800C900936096482EF025FB0BF08AFC336F0020C7
S3150800C91023F0070343F0030333670BF0B7FC336FC9
S3150800C92023F4744333678E4BD3F8FC2012F08072DD
S3150800C93040F06683C7F88020854B4FF48031D3F8E2
S3150800C9402021884822F0070242F00202C3F820217B
S3150800C950D3F8282122F0070242F00202C3F8282160
S3150800C960D3F8802122F0030242F00102C3F88021A5
S3150800C970D3F8902222F0030242F00102C3F8902273
S3150800C980D3F8402122F0030242F00202C3F8402104
S3150800C990D3F8602122F0030242F00202C3F86021B4
S3150800C9A0D3F8402222F0030242F00202C3F84022E2
S3150800C9B0D3F8002222F0070242F00102C3F800224F
S3150800C9C0D3F8082222F0070242F00202C3F808222E
S3150800C9D0D3F8502222F0030242F00202C3F8502292
S3150800C9E0D3F8702222F0030242F00102C3F8702243
S3150800C9F0D3F8202222F0070242F00102C3F82022CF
S3150800CA00514A5E6E5166426AF60322F0010242629C
S3150800CA105CBF554A51664FF0E0210A6942F00402AC
S3150800CA200A61D3F8602222F0070242F00102C3F835
S3150800CA306022FFF701FAEFF3108772B64B482EF023
S3150800CA4088FA94F80965F6B949482EF082FA494BEE
S3150800CA50494ADA610122C3F838214FF4807203F596
S3150800CA60E2239A64454BC4F8D0641B68C4F8546240
S3150800CA70C4F80C35424B5A6F42F001025A67DA6E17
S3150800CA8022F03002DA664FF00009484684F810951D
S3150800CA9006F062FC95F8A431D4F80C659BB13849C8
S3150800CAA0D4F8B0204B6F23F440734B67B301354974
S3150800CAB003F5742303F23F23B3FBF1F31344C4F8DD
S3150800CAC0B03085F8A4914FF48011214BD3F800219A
S3150800CAD01D4A51664FF4003151661A6F02F007027B
S3150800CAE0C4F85C22196F032A01F47441C4F8B4121D
S3150800CAF02549896901F00200C1F3400184F85912F9
S3150800CB0000F08E82D3F8202102F00702022A00F0F4
S3150800CB108782D3F8283103F007039C1E63426341DA
S3150800CB201A4D85F8A83000285FD0094A93BBD2F879
S3150800CB30003103F00303581E4342434185F8A830E9
S3150800CB4028E000BF0080E00F0090005000B4C40445
S3150800CB5000800050FFB3C40400000150D4B303089A
S3150800CB6000ED00E000C0075000A00050A8B103087F
S3150800CB70D8B3030800800350010F0C00380E0020BC
S3150800CB800040005040420F0000C00150B885002008
S3150800CB9038AE0020D2F8003103F00303022B00F070
S3150800CBA04182032B00F04182012B1ED1D8F80020C8
S3150800CBB0DAB1B94BDFF8E482DC6800231946C4F31E
S3150800CBC00B040134501E04EB8404E4FB080129F02D
S3150800CBD0AFFA704300F5742000F23F20B0FBF8F07E
S3150800CBE0D5F8B0301844C5F8B000C6EB4613AB4AC2
S3150800CBF003F5742303F23F23B3FBF2F3D5F8B01021
S3150800CC0038460B44C5F8B0304FF4C8735E4306F592
S3150800CC10742606F23F26B6FBF2F60123C5F8D4645D
S3150800CC2085F809352EF043F8FDF712F99C4A9D4C14
S3150800CC30D2F8C0309C4E23F0FF0343F0A003B44261
S3150800CC409A49C2F8C03000F0F28126F01F03203B53
S3150800CC50B3F1005F80F0EC81954B0A68904823F0A9
S3150800CC601F0343F00303C0F89820C0F89C30914B8B
S3150800CC700132C0F8A0300A60BFF35F8F0522884BE7
S3150800CC80C3F894205A6A42F480325A62BFF34F8F2F
S3150800CC90BFF36F8FBFF34F8FBFF36F8F2DF05EFE1D
S3150800CCA038B92BF005FC012803D1834B1A6802B961
S3150800CCB018600026814A824B1660566004221E7050
S3150800CCC05E70804B804F1A711A733146102205A880
S3150800CCD01E609E603E6029F052FD29238DF81430AF
S3150800CCE07A4B4FF480610693794B282007930223E9
S3150800CCF08DF82030774BCDE9091308230B93FDF700
S3150800CD008AF8044600287ED03146282229F037FDC5
S3150800CD1005AE231D0DF12C0C324603CA6245186078
S3150800CD205960164603F10803F6D1106818601020FA
S3150800CD30FDF771F86062002800F092811022002148
S3150800CD4029F01DFD2379666A9A0740F081812379C7
S3150800CD501B0706D504202DF066FFB060002800F0FA
S3150800CD607D812379D80605D52EF083F83060002812
S3150800CD7000F074812379990608D50022E169608B51
S3150800CD802DF05BFEF060002800F06881012384F82E
S3150800CD90203023799A0734D09B0703D438680028B3
S3150800CDA040F078811C20FDF736F8002800F05881FD
S3150800CDB00022237C037123798260C3F34003437501
S3150800CDC094F820308261037502610260C260002B0C
S3150800CDD000F069810122027562698168914238BF53
S3150800CDE08260C26800F10C01002A40F05E81226070
S3150800CDF00C6033B13B68344A002B40F0598103601C
S3150800CE001060354B1C603C68002C40F0548121466C
S3150800CE10324A33482DF081FEC5F820012DF09EFDDB
S3150800CE200446002840F0D4802BF042FB012840F04D
S3150800CE30CF80214B1A68012A40F0CA80022229496C
S3150800CE401A6005AA11F8016B02F8016B002EF9D1D8
S3150800CE50254FA02207F16003CDE900632348334636
S3150800CE60029705A92DF04DFD002800F0AE802CF0A4
S3150800CE7047F81F4B1B68002B00F0A78007F538738F
S3150800CE800293372307F550770093A02233461949B2
S3150800CE901948019732E000BF00C0015040420F0018
S3150800CEA000ED00E020AE0020C0AC002048110020B4
S3150800CEB03FAE0020E1FF0020C40D00200412002030
S3150800CEC0011200203C0E00200C12002049550108D2
S3150800CED08546010805000400340E0020E4B3030863
S3150800CEE01B8A0008D7EE0308CC8A00207D92030827
S3150800CEF0500E002090E70308AD8C03082DF001FDC5
S3150800CF00002862D02DF09CFC4FF0FF32904B1A603F
S3150800CF100122904B1A60904B4FF07F421E604FF0F3
S3150800CF20E0230596C3F81C2DD3F81C3D1B0E8DF87F
S3150800CF3013309DF813309DF813309DF8133013F015
S3150800CF40800F059B40F0FB80082B4FF0E02318BFAD
S3150800CF50059C6FF0040018BFC4F10704240204F40A
S3150800CF60E064C5F8D44AD3F8202D002442F47F02A1
S3150800CF70C3F8202DD3F8202D214642F07F42C3F86E
S3150800CF80202D4FF47A72C3F81C4DFCF7D5FB734B72
S3150800CF901B6803F2E733B3FBF2F3714A13604FF0F1
S3150800CFA0FF32B2FBF3F36F4A0A3B13602CF0A0FB87
S3150800CFB06D4B186001202CF011F96C4B1C602BF09E
S3150800CFC083F82BF039FA08F02FFA694BD3F8A03119
S3150800CFD0FEE783F31188BFF36F8FFFF70FBBD2F815
S3150800CFE05021FFF763BB634B1F88FF2F88BF6A2753
S3150800CFF0FFF784BB60494A605A689707FCD42AE45D
S3150800D000D3F8FC2022F08072C3F8FC200022C7F86F
S3150800D0108020D3F8FC2042F08072C3F8FC208BE411
S3150800D02001237DE54FF40042C3E5544AC1E5544B5C
S3150800D0300868544FC2F8980043F001030130B4421F
S3150800D040C2F89C70C2F8A03008603FF415AE03E63B
S3150800D0502DF00FFF706000287FF479AE666A1EB95E
S3150800D06020462CF0D7F9CEE6706808B12DF01AFDE7
S3150800D070F06808B12DF016FDB06808B12DF012FD64
S3150800D080306808B12DF00EFD606A2CF0C3F9002354
S3150800D0906362E5E7437D23B90179227C91423FF437
S3150800D0A099AE00687BE6012396E6114612689BE670
S3150800D0B01A461B68A0E6A6690EB12468A4E6E368CA
S3150800D0C008202361FCF7A7FEA06158B106604660F8
S3150800D0D0A368A7694FEA93082DF0CBFE786058B984
S3150800D0E0A669CEB9E668002EE7D0F36813B1192110
S3150800D0F0002098473668F6E7019722791C4B314697
S3150800D100134493F87431424600931F4823462DF082
S3150800D110D6FC0128E4D1D0E7306830B11B4B1B6838
S3150800D120984208BF00202BF0A5FB706808B12DF0C7
S3150800D130B9FCA0692CF06EF90023A361D2E701338C
S3150800D14005939DF813305B00DBB28DF81330F4E6D7
S3150800D150C0080020B00D0020C4080020380E0020AA
S3150800D1601412002010120020181200202CAE0020E5
S3150800D17068B203080001E00F00E0015080D54302C1
S3150800D1800000012003000020495601085C04002025
S3150800D1900246807848B1054B90681B68181A044BFC
S3150800D1A05B6898422CBF002001207047C408002005
S3150800D1B02826002050B1D0E90123934205D39B1AB3
S3150800D1C08B4234BF00200120704700207047084B6F
S3150800D1D0D3F8BC301B78032B05D0022B05D1C31E10
S3150800D1E0584258417047012070470020704700BFD9
S3150800D1F07CAE002030B50A4A92F8E830D2F8BC4036
S3150800D2001C3302EB8303D2F8101160895D68248908
S3150800D210491B204488423CBFD2F810215A6030BDD1
S3150800D2207CAE0020084A92F8C530D2F8BC20032B01
S3150800D230928914BFFA204FF47A7022B1032B40F278
S3150800D240823018BFE02070477CAE00200022034BD6
S3150800D250032083F82920D3F8D03018477CAE002065
S3150800D260B0B1A9B1A2B1038803F44F41B1F5824F19
S3150800D27007D1DBB2413B012B03D8136823B98023BE
S3150800D28013606FF0850070470733DB08102BF8D062
S3150800D2906FF086007047028810B502F4E043B3F5D4
S3150800D2A0005F2ED102F4E063B3F5806F29D181F0D7
S3150800D2B0AA6383F4807333F47E1306D081F0AA63DD
S3150800D2C083F4007333F47E1324D1C1F30543154C5C
S3150800D2D021F47E11A1421FD1B2F5105F1FD14288F9
S3150800D2E022F04001802902D0B2F5807F17D11A1F9B
S3150800D2F00C2A14D813F0010F14BF6FF08600002013
S3150800D30010BD42F204039A4204D181F0052383F446
S3150800D3108013D7E70023DAE76FF08500F0E76FF0B0
S3150800D3208600EDE700014005074A92F8343053B10C
S3150800D3300023064982F834300B68013B0B6013B9A9
S3150800D340D36B5B6818477047286F0020441100208C
S3150800D350094B93F86B20910708D593F96A20002AA0
S3150800D360B4BF0222012283F86D20704712F0080F1D
S3150800D37014BF04220322F6E7286F002010B508B967
S3150800D380094B186803681B7D8B420BD9EFF3118391
S3150800D390302484F31188006940F8212083F311882A
S3150800D3A0BFF36F8F10BD00BF503F0020044B10B570
S3150800D3B00446D3F8B4002AF081FC001B10BD00BF58
S3150800D3C07CAE00200E2838B529D8164C30B1032873
S3150800D3D01ED1B4F8F0301E3B1BB201E0B4F9F030B0
S3150800D3E0B4F8EE20B4F9EA509B1A1BB29D42D4F861
S3150800D3F0B400A8BF1D4627F0D5FF6FF06301A94208
S3150800D400B8BF2946D4F8B40020F006F9002038BD84
S3150800D410B4F8EC3000EB8000A3EB4003DCE7042013
S3150800D420F5E700BF7CAE002038B50C4CB4F8EE30FA
S3150800D430B4F9CE50C01A00B28542A8BF0546D4F842
S3150800D440B40027F0AFFF6FF03B01A942B8BF2946E9
S3150800D450D4F8B400BDE8384020F0DEB87CAE002031
S3150800D46070B5194CE378012B06D9D4F8B400A57821
S3150800D4702AF006FC85421BD9E678012E17D1D4F886
S3150800D480B400A5782AF0FCFB013585420FD80023A5
S3150800D490A2780E49D4F8B4002AF0E6FB00233246F7
S3150800D4A00A49D4F8B4002AF0DFFB0023E37070BD04
S3150800D4B00023A2780549D4F8B4002AF0D5FBE3780E
S3150800D4C0013BE370CEE700BF7CAE002080AE0020B3
S3150800D4D010B50F4C2178012918D194F8C430D4F826
S3150800D4E0B400203B012B03D994F8C830032B0BD189
S3150800D4F0012211462AF06CFC00221146D4F8B40029
S3150800D500BDE810402AF08DBA0022F9E710BD00BF29
S3150800D5107CAE002008B5084BD3F8B4002AF074FA9C
S3150800D52010F0010305D000F00600003818BF0120EE
S3150800D53008BD1846FCE700BF7CAE00200279FF2A2A
S3150800D54002D043691AB93BB16FF0860070476FF095
S3150800D5504042013B9342F7D2836823F47F4323F08A
S3150800D5600303002BF0D14FF6F87342889A428CBF1A
S3150800D5706FF08500002070472DE9F04FB9B01E46C0
S3150800D580DDE94584DDE94773A34281468A4601926F
S3150800D59005D86FF0890B584639B0BDE8F08F3B19AE
S3150800D5A0009321B118B1B8F1000F03D13CB16FF067
S3150800D5B0860BF0E71CB1002FF9D0499B03E0499B85
S3150800D5C0002BF4D03B19002BF1D0B9F8003003F446
S3150800D5D0E042B2F5005F2CD103F4E062B2F5806F49
S3150800D5E027D186F0AA6383F4807333F47E1306D0BA
S3150800D5F086F0AA6383F4007333F47E1322D1C6F34C
S3150800D600054531464846FFF746FE83460028C2D1FF
S3150800D610014628222EA829F0B2F82022594626A823
S3150800D62029F0ADF82EA82DF05CFB68B16FF0920BCF
S3150800D630B1E742F20402934204D186F0052383F44B
S3150800D6408013D9E70025DCE751464846019A26AB00
S3150800D650FBF732FE834600289DD1489B1A1BAA4237
S3150800D66097D3474509D908EB0402974205D24146A4
S3150800D6702246384629F0E4FBB8465F4A26F47E1669
S3150800D680964240F0AF806CB1B8F1000F05D16FF04B
S3150800D690860B0022499B1A607DE7002FF7D0B4F568
S3150800D6A0803FF4D2022DF2D0102DF0D815F00102E9
S3150800D6B0EDD1524938198842E9D8514926A82E9100
S3150800D6C023A92F92369230920BF052FA002840F096
S3150800D6D08C8023992EA82DF00EFB45F450212EA8F8
S3150800D6E02DF009FB44992EA82DF005FB21462EA8FE
S3150800D6F02DF001FB01220392299A013A012A6ED8DC
S3150800D7002C99404A002968D0029102A92EA80492B1
S3150800D7100BF022FB05A926A80BF0F3FA002864D122
S3150800D720012605A92EA844F0005A0BF015FBCDF8E2
S3150800D7308C8023AA24960DF12008CDF894A0449B4A
S3150800D74007CA88E80700439A0DF12C09209243F08E
S3150800D75000522196229220AA07CA89E80700429A0F
S3150800D7600DF1380C1D92284A1E961F921DAA07CA4B
S3150800D7708CE8070061462EA80BF0EEFA49462EA85B
S3150800D7800BF0EAFA41462EA80BF0E6FA1A97009B28
S3150800D7901B9611AFCDF870A01AAA07CA87E807002A
S3150800D7A045F0005217931896199214AE17AA07CA8D
S3150800D7B086E8070039462EA82DF0A6FA31462EA887
S3150800D7C02DF0A2FA2EA82BF05DFC21283FF45FAFBE
S3150800D7D070B9499B25441D60DDE60C4994E74FF076
S3150800D7E0005292E76FF0880B53E721283FF44FAFBA
S3150800D7F06FF0920B4DE700BF0001400500000120C5
S3150800D80000000504080000200D00002078B3030876
S3150800D8102DE9F04FA1B006468A4617461D46DDF8A3
S3150800D820ACB0002B00F0A780BBF1000F00F0A3807E
S3150800D830002800F0A08016AC28220021204628F0F7
S3150800D8409EFF20462DF04DFA814628B16FF09205CD
S3150800D850284621B0BDE8F08F2A9B0F2B40F28E8018
S3150800D8600DF1480801461022404628F088FF336823
S3150800D870103B102B79D8434A22FA03F3DB0774D5F9
S3150800D880CDF85C90404BCDF86090CDF878900DF1CE
S3150800D8903C094946304616930BF06AF9002862D1CE
S3150800D8A020460F992DF027FA394620462DF023FAFF
S3150800D8B001230193F368013B012B51D8B269334B1D
S3150800D8C0002A4BD000926946204602930BF044FA90
S3150800D8D0304603A90BF015FA002844D10126204644
S3150800D8E003A947F000570BF037FACDF830A006AB7E
S3150800D8F00D960CAA0E9707CA83E807001946204614
S3150800D9000BF02AFA224BCDF83C801096119309ABFE
S3150800D91099E8070083E80700204619462DF0F4F930
S3150800D92020462BF0AFFBF0B94246134603CBA34281
S3150800D930286069601A4605F10805F6D11025002108
S3150800D9402A46404628F01BFFCBF800500025204603
S3150800D9502DF0C7F900283FF47BAF77E70D4AB1E70A
S3150800D9604FF00053AFE7212802D16FF08605EEE7A6
S3150800D9706FF09205EBE76FF0860569E76FF08905AA
S3150800D98066E700BF0101010000000404080000204A
S3150800D9901000002078B30308F0B5044615461F4664
S3150800D9A00E468BB019B96FF086000BB0F0BD002893
S3150800D9B0F9D02022002102A828F0E1FE2388CDE92B
S3150800D9C00665B3F5105FEED16388C02B14D0B3F5A6
S3150800D9D0807F13D0802B13D1102085420290E2D38A
S3150800D9E0139B03900193129B3946009302A8DDE925
S3150800D9F01023FFF70DFFD8E71820EEE72020ECE705
S3150800DA006FF08500D1E72DE9F047A8B00C46164619
S3150800DA101F460546DDF8C090002800F0CE80002994
S3150800DA2000F0CB80002A00F0C880B9F1000F00F0A2
S3150800DA30C480202200210EA828F0A1FE21463246E5
S3150800DA4028460EABFBF738FC044670BB2D8805F458
S3150800DA504F43B3F5824F2CD1413DEDB2012D94BF12
S3150800DA600025012516AE0DF1380CBCE80F000FC6CF
S3150800DA709CE80F0086E80F0000232022DDF840808E
S3150800DA8007EB050ACDE9193A009328F0807323F4C9
S3150800DA908043694643F4005316A81B9218930AF06C
S3150800DAA0C9FF014638B16FF09204204628B0BDE898
S3150800DAB0F0870125D6E7009E2E44202E00967FD8B3
S3150800DAC028221EA828F05BFE1EA82DF00AF90028B9
S3150800DAD0E9D1012316A91A460EA80AF0E8FF00287C
S3150800DAE05FD118F4C04F5CD0384B0DF12C081F904D
S3150800DAF02690209041460EA81E930BF039F8002870
S3150800DB0061D10B991EA82DF0F6F801230393119BFA
S3150800DB10013B012B3FD8149A2D4B002A39D002928B
S3150800DB2002A91EA804930BF017F905A90EA80BF075
S3150800DB30E8F8002847D105A91EA80BF00DF901A998
S3150800DB4016A80AF077FF60BB019B202B29D8012273
S3150800DB5043F00053CDF82CA00C920D9308AB98E82F
S3150800DB60070083E8070019461EA82DF0CDF84FF0E8
S3150800DB7003081EA82BF086FA01280FD1B8F1010870
S3150800DB80F7D16FF08B041EA82DF0ABF800288CD0C7
S3150800DB9089E7104AC3E74FF00053C1E720B1482888
S3150800DBA008D06FF09204EEE70DB104233B70C9F874
S3150800DBB00060E8E76FF08504E5E76FF0860474E730
S3150800DBC06FF0890471E70128DBD0E8E7000001025D
S3150800DBD00800002078B303082DE9F04FBDB01E46B3
S3150800DBE0DDE949858146CDE900124B9F60B303887C
S3150800DBF003F4E042B2F5005F29D103F4E062B2F51E
S3150800DC00806F24D186F0AA6383F4807333F47E137D
S3150800DC1007D086F0AA6383F4007333F47E1340F0CA
S3150800DC201281C6F30544AC420ED8B8F1000F0BD0EA
S3150800DC30102C09D82D1B08EB050A2246514626A8A2
S3150800DC4028F0C4FD009B63B96FF0860BDDE042F255
S3150800DC500402934240F0F78086F0052383F480138C
S3150800DC60DBE7002FF0D04D9B002BEDD03146484620
S3150800DC70FFF711FB8346002840F0C780014628229B
S3150800DC8032A828F07CFD202259462AA828F077FDDC
S3150800DC9032A82DF026F8002840F0D280DDE90012DF
S3150800DCA048462AABFBF708FB8346002840F0AD80C0
S3150800DCB04C9A954200F2BE80B84507D2BA4505D9B6
S3150800DCC041462A46384629F0BBF8B846614A26F442
S3150800DCD07E16964240F0B18014F03D0FB4D014F091
S3150800DCE00102B1D15C4978198842ADD85B492AA8A6
S3150800DCF0329123A933923A9234920AF039FF0646B2
S3150800DD00002840F08F80239932A82CF0F4FF44F4C1
S3150800DD10502132A82CF0EFFF489932A82CF0EBFFDF
S3150800DD20294632A82CF0E7FF012203922D9A013AE0
S3150800DD30012A70D830994A4A00296AD0029102A964
S3150800DD4032A804920BF008F805A92AA80AF0D9FF08
S3150800DD500646002866D1012605A932A845F00059CD
S3150800DD600AF0FAFFCDF88C8023AA24960DF1200834
S3150800DD70CDF89490489B07CA88E80700479A0DF1A2
S3150800DD802C0A209243F000522196229220AA07CA12
S3150800DD908AE80700469A0DF1380C1D92314A1E96FC
S3150800DDA01F921DAA07CA8CE80700614632A80AF026
S3150800DDB0D3FF514632A80AF0CFFF414632A80AF0EF
S3150800DDC0CBFF1A970DF1440C1B961AAACDF8709042
S3150800DDD007CA8CE80700614632A82CF095FF44F084
S3150800DDE0005426AA1792189617AA199414AC07CAAB
S3150800DDF084E80700214632A80AF0AEFF32A82BF0C5
S3150800DE0041F9064650B94D9B1D6058463DB0BDE8E0
S3150800DE10F08F154992E74FF0005290E729463846A9
S3150800DE200AF0DCFD212E3FF40FAF2C2E08D16FF03F
S3150800DE30940BEAE76FF0890BE7E76FF0880BE4E7E6
S3150800DE406FF0920BE1E7B8F1000F3FF4FDAE002446
S3150800DE50F0E600BF000140050000012000000604AE
S3150800DE60080000200D00002078B303082DE9F047CC
S3150800DE70A4B00446DDE92D86DDE92F7992460D46E4
S3150800DE8081B37AB306B96FBBB9F1000F2AD02388DC
S3150800DE90B3F5105F40F0A780282200211AA828F0C1
S3150800DEA06EFC2022002112A828F069FC1AA82CF082
S3150800DEB018FF28B16FF09205284624B0BDE8F08710
S3150800DEC029465246204612ABFBF7F6F905460028C6
S3150800DED0F2D1129B103B102B04D8464A22FA03F3C0
S3150800DEE0DB0702D46FF08605E6E7B0456CD208F189
S3150800DEF010039E427AD20F2FF4D94146102230469B
S3150800DF0028F09EFFB0463C4B0DF13C0A1A930023BD
S3150800DF10514612A81B9322931C930AF029FE044625
S3150800DF20002844D10F991AA82CF0E5FE10211AA84A
S3150800DF302CF0E1FE01230193159B013B012B4BD8E5
S3150800DF40189A2E4B002A45D0009269461AA80293C1
S3150800DF500AF002FF03A912A80AF0D3FE044630BB52
S3150800DF6003A91AA80AF0F8FECDF83C804FF001087C
S3150800DF70234CCDF8408006AB11949AE8070083E855
S3150800DF80070019461AA80AF0E7FE0C9609ABCDF861
S3150800DF9034800CAA0E9407CA83E8070019461AA803
S3150800DFA02CF0B2FE1AA82BF06DF80446B8B1394623
S3150800DFB030460AF013FD0023012CC9F800307FF41F
S3150800DFC079AF6FF08B0577E70F2F8BD9002E9AD193
S3150800DFD02124ECE70B4AB7E74FF00053B5E71023C7
S3150800DFE0C9F8003068E76FF0850565E70F2F8AD80E
S3150800DFF078E700BF010101000001000408000020C5
S3150800E0001000002078B3030810B5104C94F80431BA
S3150800E010A3B10023062084F80431D4F8D4309847F5
S3150800E0200122D4F8B400114629F0F0FCD4F8B40063
S3150800E0300022BDE81040012129F024BED4F8B4001E
S3150800E04029F0E2FC0528EBD1E3E700BF7CAE00200F
S3150800E05010B5044660B1074B07481B689847204629
S3150800E06007F092FBBDE81040044B03481B681847AD
S3150800E07010BD00BF20AE0020BC0F002024AE00203B
S3150800E0802DE9FF47474B06461B6847488846984789
S3150800E090044628B16FF08F04204604B0BDE8F08727
S3150800E0A033795BB973690024C8F80030337E012BD5
S3150800E0B06CD0C8F800406FF0960442E0D6E908A78D
S3150800E0C0BAF1000F65D0002F63D0B7F5005F63D2B1
S3150800E0D007F1240949460120FBF7A7FE0546002853
S3150800E0E05DD0324A84601368514603605368243011
S3150800E0F040F8203C73683A4640F8183C338820F8C4
S3150800E100143C738820F8123CB36840F8103CF36856
S3150800E11040F80C3C336940F8047C40F8083C28F089
S3150800E12055FB77692146384602AA0BF005F98C306B
S3150800E13010D06FF08A044946284607F0ACFA002C3E
S3150800E140B0D01B4B18481B6898470028A4D0002C51
S3150800E150A2D19FE721462B464A46384600940AF044
S3150800E16081FE014678B9384602AA0BF0E5F804465E
S3150800E17020B9029B9945DED06FF0980438460021F5
S3150800E1800BF0E7FAD7E76FF09804D4E70223337663
S3150800E190D7E76FF08604D4E76FF08D04D1E76FF008
S3150800E1A08C04CEE720AE0020BC0F002000C0030878
S3150800E1B024AE00202DE9F043444E0746337897B045
S3150800E1C01BB9002017B0BDE8F083414B187800282A
S3150800E1D0F7D10DF11E0118F015FDBDF81E10002926
S3150800E1E0EFD13C4B1B78012BEBD12E220AA828F045
S3150800E1F0C6FA18F005FB044600284AD0364B5B7869
S3150800E200033B012B45D804210BA813F0CDFA05468C
S3150800E21000230A933378042B47D12F4B5B78022BC4
S3150800E22001D0042B3CD1282318228DF82D30DFF895
S3150800E230AC80B8F80000002C39D008AB00264FF0A7
S3150800E240030904934FF48053014640F6FF72CDE963
S3150800E250005304200BABCDE902690596CDE90866A3
S3150800E26015F098F94FF4E0434FF49672CDE9047629
S3150800E270CDE90132CDF80C900095044640F6FF72C0
S3150800E2800420B8F800100BAB15F084F92040C0B292
S3150800E29098E701210BA813F087FA00240546B7E78B
S3150800E2A0272310228DF82D30C1E71122BFE72B1D39
S3150800E2B00092FF21CDE90174DBB20AAAC0B21CF0B4
S3150800E2C0CFFE003818BF01207CE700BFC7900020AA
S3150800E2D0CA9B0020D09B0020D63F00209018002023
S3150800E2E00023044A1360044AD36008B1034A137032
S3150800E2F0704700BFD63F002000000850DA3F0020D4
S3150800E30070B5014600220C25194B05FB02F4E018EE
S3150800E3101C5B8C420DD00132402AF6D100220C2615
S3150800E32006FB02F41D5B181925B91D51C0E90155F4
S3150800E330195370BD0132402AF2D1012000229D688E
S3150800E3400B4C66690C34AE4238BFC2B200F101000C
S3150800E35038BF35464028F4D10C200024424398188B
S3150800E3609C50C0E901449952024B1C60E1E700BF8A
S3150800E370302600203C2900202DE9F04385B00028EE
S3150800E3804AD1002301AFC7E90133414C0193414B00
S3150800E3901D682368002B5DD14FF0000846464146AC
S3150800E3A0DFF8FC90B9F800304BB14846FEF7F0FEAE
S3150800E3B028B199F80330002B61D00131C9B208F1B0
S3150800E3C00608B8F5C07F09F10C09EBD1731813F0EC
S3150800E3D0FF0318BF42F210724FF064001CBF4A4395
S3150800E3E0B2FBF3F32C4A8DF8056052782B4E424364
S3150800E3F09A4294BF012202228DF806208DF8072042
S3150800E40001228DF804108DF80820039397E8070079
S3150800E410256086E8070024E000230C25204A05FB32
S3150800E42003F4A118145B844210D10846FEF7B0FE27
S3150800E4300028A6D0887904281ED001281CD04B793C
S3150800E4401BBB0B79002B9CD0022015E00133402B17
S3150800E450E5D196E74EF65F22EB1A93429CD80F4B0E
S3150800E4609B680D4A117869B95078642210FB02F04E
S3150800E47098428CBF0220012005B0BDE8F083013622
S3150800E480F6B29CE741F28830F2E70320F4E700BFD2
S3150800E4903C290020C4080020282600203029002016
S3150800E4A03026002010B5002409490B883BB90634EC
S3150800E4B0B4F5C07F01F10C01F7D1002010BD084664
S3150800E4C0FEF766FE0028F2D0C8780028EFD0F5E7F8
S3150800E4D0302600200A78497802F00F0303EB01235F
S3150800E4E002F0F002134401460A2298B229F065BCEC
S3150800E4F0036810B52BB1002499421A6804D10CB9E7
S3150800E500026010BD2260FCE71C46002AF9D01346BB
S3150800E510F2E7BFF34F8F0549054BCA6802F4E0627C
S3150800E5201343CB60BFF34F8F00BFFDE700ED00E05C
S3150800E5300400FA050048704700010B000B207047DD
S3150800E540012070470020704740F6B7320A4B5B68D7
S3150800E5509BB293420AD84FF47A72B3FBF2F3074A96
S3150800E5601344187A052802D1022070470020031F99
S3150800E57058425841704700BF0080E00F00C00308AA
S3150800E5801FB50023044601A8CDE90133039306F01D
S3150800E590A4FEBDF80E209DF8043002F00102A26028
S3150800E5A05A1E534253412370029B636004B010BD48
S3150800E5B038B54FF4FA73174A174D044611462846DC
S3150800E5C0536108F0CDF908BB022C16D0032C1FD0D6
S3150800E5D0012C09D04FF6FF72104BC3E92725C3F863
S3150800E5E0980003F1940038BD4FF482210C480D4B76
S3150800E5F0C561C0E905131030F5E74FF4A0220848B5
S3150800E600094BC562C0E909232030ECE70020EAE798
S3150800E6100348E8E740AE002080100020286F00205D
S3150800E6205CB10020FFFF0400FF9F0500F8B5074610
S3150800E6300C4616461D46FEF7BDFD002835D0002EB1
S3150800E64033D0002D31D03B78022B03D9032B0BD0C6
S3150800E6500120F8BD2A46314678682044FBF709FDB3
S3150800E660003818BF0120F4E705290DD16A2D1CD101
S3150800E6705A2231460E48FBF7FCFC0028E8D1102246
S3150800E6800C4806F15A01E9E74C1E032C0DD8DFE8C1
S3150800E69004F008020A0608482A463146DEE7074813
S3150800E6A0FAE70748F8E70748F6E70420D1E700BF86
S3150800E6B000345AE0603410E0C03320E05C3401E0F6
S3150800E6C0741001C0E03320E010B50D4C237A33B93D
S3150800E6D00C481023224603210068FFF7A7FF237A78
S3150800E6E063F03F032372E37A23F00103E372237B8B
S3150800E6F063F03F032373E37B23F00103E37310BD49
S3150800E700C89000209088002030B500248DB0CDE94F
S3150800E7100744CDE90944ADF82C40FFF7D5FF184B5F
S3150800E7209B68CDF82A30174B1D88284618F0BEFF7F
S3150800E73007ABB0B142F20462CDE904340323ADF865
S3150800E7402820CDE902434FF4805206232946CDE915
S3150800E7500032042040F6FF720AAB14F01BFF0DB01E
S3150800E76030BDCDE9013042F201621023ADF8282010
S3150800E7700093FF210A23284609AA1CF071FCEEE73C
S3150800E780C890002090180020F7B507460E461C468C
S3150800E7901546002A4FD0002B4DD0FEF70BFD00285A
S3150800E7A049D03B78022B04D9032B0CD0012003B0A7
S3150800E7B0F0BD2246294678683044FBF7B3FC00389A
S3150800E7C018BF0120F3E705290DD16A2C33D15A2247
S3150800E7D029461A48FBF7A6FC0028E7D11022184854
S3150800E7E005F15A01E9E74E1E042E24D8DFE806F0A3
S3150800E7F00E03100A0C00134E042C0BD9E30717D589
S3150800E8002120DCE7104EF7E70C4EF5E70F4EF3E74D
S3150800E8100F4EF1E70CD04FF0FF332246294601A8E8
S3150800E820019327F0D3FF04220DEB02013046C4E71B
S3150800E83022462946FAE70420B9E700BF00345AE021
S3150800E840603410E0C03320E05C3401E0741001C08D
S3150800E850E03320E02DE9F04105468CB0282200215E
S3150800E86002A827F08CFF2DB3D5E901329A4221D3AD
S3150800E8702B78022B1ED84FF00008CDF80480AB6821
S3150800E8800A2200936B68E86802A908F0A3FE002430
S3150800E890064602AFB44205D1002CEED120460CB094
S3150800E8A0BDE8F08157F8041BE86809F0FDF818B9C7
S3150800E8B00134EFE70420F2E70120F0E7044B93F870
S3150800E8C0C500023801288CBF00200120704700BF10
S3150800E8D07CAE002010B4EFF31184302282F3118845
S3150800E8E0094A92F8A81082F8A80084F31188BFF3A1
S3150800E8F06F8F814205D0D2F8A43013B15DF8044B6E
S3150800E90018475DF8044B7047286F0020034BD3F86F
S3150800E910DC300BB1C8B21847704700BF7CAE002088
S3150800E920022813D003D8012808D0002070470338DE
S3150800E9300128FAD8C81C6423C00003E05023C81C69
S3150800E94058436023B0FBF3F080B270470523881C58
S3150800E950F8E710B50446042C084611460BD8FFF70D
S3150800E960DFFF054BD3F8E020431C02EB84029169D4
S3150800E97011FA83F3936110BD7CAE0020212826D8B6
S3150800E980DFE800F02626262625191B1D1F1125154A
S3150800E9902525252525252525252525252525252519
S3150800E9A02525252521230B4B0B44D87A7047094B7F
S3150800E9B00B44D87B70470420704705207047062013
S3150800E9C07047072070470A2070470B2070471020B1
S3150800E9D0704700BF00C003087FB51422002101A8B4
S3150800E9E027F0CDFE064B0221D3F8B40001AA29F080
S3150800E9F03DF9003818BF012007B05DF804FB00BFD9
S3150800EA007CAE0020044BD3F8BC0018B1C08800388F
S3150800EA1018BF0120704700BF7CAE00202DE9F04FDB
S3150800EA208DB01D46DDE91867169B14460893179B9B
S3150800EA30DDF8688081468B46099318F09DFD002213
S3150800EA40C8F80020824606F013FF38B16FF0860931
S3150800EA50484618F03FFC18F021FD4CE0484653465E
S3150800EA604FF400720BA90AF0F3FD814600283FD146
S3150800EA70274A2AF47E1191420B9845D1D0E908120B
S3150800EA8043681B0A012B1CD0DFF888E0734518D0B1
S3150800EA90002B36D1099BCDE906780493089BCDE96E
S3150800EAA000B4CDE9025305965346FFF795F810F1E1
S3150800EAB0860F814613D13A460021304627F05FFE7D
S3150800EAC010E0099BCDE906780493089BCDE900B4CC
S3150800EAD0CDE9025305965346FFF77EF88146B9F10C
S3150800EAE0000FE8D10B9806F0F6FFB9F1000F02D037
S3150800EAF019F1950FACD148460DB0BDE8F04F18F0A6
S3150800EB00E9BB6FF08609D6E76FF08509EAE700BF2B
S3150800EB1000014005020080007FB500250F4C9B00D0
S3150800EB20C4F8265184F829310D4BC4F82251A4F8AB
S3150800EB302001C4F82421CDE90235A4F82A51094850
S3150800EB40009502AB04F5907215F060F818B9012229
S3150800EB50054B83F8312004B070BD00BF286F002034
S3150800EB605D82020820A30020CC950020034642F2CD
S3150800EB701071024A024818F039BE00BF81820208A5
S3150800EB8088A60020F7B5324C217E631893F85830D2
S3150800EB90012B5BD055222F4B66881D782E4B278C70
S3150800EBA01A70AA19BA42C7F3022262F01F025A70F3
S3150800EBB0C6F30222258042EA0112C8BFBD1BE169DD
S3150800EBC0C8BFADB2DA7031442A462448C8BF25808A
S3150800EBD09F701E7127F0FAFD691D1F48C9B235449A
S3150800EBE018F0DAFAAF420CD101251D2084F87A50C4
S3150800EBF018F0E0FA84F8235003B0BDE8F04019F0A5
S3150800EC0085BB002341F28831154A164818F0EEFDF7
S3150800EC102288A37B94F8221007326089D2B243F087
S3150800EC20010389B1104900910B4918F023FB012310
S3150800EC3040F2DC5184F8233000230C4A0C4803B018
S3150800EC40BDE8F04018F0D2BD0A49ECE703B0F0BDC4
S3150800EC50409D0020C0A6002050A6002055A60020F2
S3150800EC6055790208689D00203F85020899830208A5
S3150800EC7074A10020F9710208F7B5074602201E465E
S3150800EC800C46154614F0C2FB002318B39DF8202045
S3150800EC9080F8203080F83C20144AA0F84E7091780D
S3150800ECA0137063F30001A307917015D5FF23104A6B
S3150800ECB0A0F85030137824F0030423F002031370ED
S3150800ECC044602B46CDE9006001210220094A13F071
S3150800ECD067FE012003B0F0BD022124F00104446060
S3150800ECE02B46CDE90060034A0846F0E7C0900020AD
S3150800ECF0A5380020E7370020024805230221024AEA
S3150800ED00006841E5B01F00201C3A00201322104B72
S3150800ED1001211A700022C3E90212C3E905225A60CA
S3150800ED2083F828201A8683F8322083F8382083F857
S3150800ED30402083F8482083F85020A3F85A20DA6543
S3150800ED4083F860201A74DA611A8483F822207047DF
S3150800ED50CC9500200246054808B511210123006814
S3150800ED60FFF764FCB0FA80F0400908BDB01F002028
S3150800ED70F8B5BDF81850BDF81CC03A2D089C2DD81A
S3150800ED8041EA020EBEF1FF0FCFB2D6B222D9120A5D
S3150800ED90A2700422090A21706770E67090F8CF10F5
S3150800EDA0A718A154B0F8CE10961D7970D0F8CC10DB
S3150800EDB0023D090AB970D0F8CC102A46F9704FEA14
S3150800EDC01C21397187F805C0991CA01927F0FEFC8B
S3150800EDD0A819F8BD022227706670DFE70020F8E759
S3150800EDE038B50D4604460621284628F01CF94FF08A
S3150800EDF03033053444F8053C04F8013C2B18AB4283
S3150800EE0001D0052800D938BD13F8012D04F8012DC5
S3150800EE10F5E7F7B5054617461E460C4621B31146D3
S3150800EE20FEF7C8F9C0B131462846FEF7C3F998B1CE
S3150800EE30B74219D82B780020022B0DD86B680190A1
S3150800EE401E4400960A222146E8683B4408F0C2FBA5
S3150800EE5004EB8002944201D103B0F0BD23686968CF
S3150800EE605B1A44F8043BF5E70020F5E710B5B2B0A5
S3150800EE700446B222002105A827F081FC40F27A5305
S3150800EE800E48ADF81C300E4B90F8A5201B7801A94A
S3150800EE909B1A8DF81E309430230A8DF81F308DF892
S3150800EEA020400CF0D7FC0521064A01AB07A80CF058
S3150800EEB04BFC80F00100C0B232B010BD44B0002057
S3150800EEC083150020F19E010873B506460C461546C3
S3150800EED0FEF770F960B35DB33378022B0DD8154B86
S3150800EEE01B7853B173681C442046FBF7A9F8012820
S3150800EEF005D90238C0B2012811D901200DE0002336
S3150800EF006A4600930C4801ABC4F3130107F00EFBE5
S3150800EF10003818BF0120019B2B6002B070BDC4F3F6
S3150800EF200C44FBF765F82C60FBF77AF80020F4E749
S3150800EF300420F2E780880020801000202DE9F04F99
S3150800EF40002487B002AD00204FF0010A81464A4BE3
S3150800EF504A4E19684A4F4B682C60AC80019391F869
S3150800EF600880C3B2984502D84C600C7231E006227C
S3150800EF7002FB03FC019A02EB0C0E9EF8022002F03B
S3150800EF807F0B019A32F80CC00BF1FF32002B43D1EC
S3150800EF905FFA82F9B9F1060F15D89EF805E00AFA64
S3150800EFA002F2ADF80A308DF80C3062F30603ADF8BC
S3150800EFB008C08DF80A308DF80DE03368E146013354
S3150800EFC033600130CBE79DF80A2063F3C7128DF84A
S3150800EFD00A2000232B4E33709DF90A30002B3FDAA6
S3150800EFE04B78BDF808208DF8103001238DF81130C4
S3150800EFF08B7825488DF812302449254B09681A80E4
S3150800F0000068244B04AA0595FBF73AFF003818BF99
S3150800F010012007B0BDE8F08FCC455FFA82FB02D12C
S3150800F020BBF1060F0AD9A8EB0302BBF1060FC1F81C
S3150800F03004E00A7212D9184A1360CAE79DF80A3022
S3150800F0400AFA02F2134363F07F038DF80A30336835
S3150800F0505A1E47F8224047F82340AEE70123B9E78E
S3150800F06000211B200D4AFBF715FA3378002B7FF495
S3150800F0706AAF0220CDE700BFB089002074160020D1
S3150800F0808C890020788A0020708A00206C8A0020EB
S3150800F090AC890020E1BB0008848900203EE703080C
S3150800F0A02DE9F041C8B000211D2201A827F067FB11
S3150800F0B00021344B344D1970344B1C78344B641A88
S3150800F0C018BF01241E682C70AA2E57D8FC2209A83E
S3150800F0D027F055FB2F4B32460A932F4B0DF12E0086
S3150800F0E019688DF82D6027F071FBFCF7BDFC2B4FD6
S3150800F0F00128386044D92A4B93F80080B8F1000FEC
S3150800F1003ED1284B1E68B369187910F0070333D02F
S3150800F110254B44F002041B681B788DF8DD30FF236D
S3150800F1208DF8DC30FBF7ADFF04238DF8DE002C707C
S3150800F1308DF824300022306809A90CF008FE003842
S3150800F14018BF012048B0BDE8F081FCF776FC0178CD
S3150800F15011B101A80CF0EEFD01343B689C42F4D3D2
S3150800F160032337AD01AC8DF824300FCC0FC594E8D6
S3150800F1700F0007C52B70DDE71C46EEE70120E1E727
S3150800F1800220DFE7A2890020B4890020B689002082
S3150800F1906C8A002065BC0008708A0020A4890020BB
S3150800F1A0788A002070160020B08900206C23084A4F
S3150800F1B00849137101235371074B09781B7803F02B
S3150800F1C03F0343EAC1139371044B1B78D37170470D
S3150800F1D0B789002050160020511600206C16002012
S3150800F1E02DE9F041047806462CB14FF0FF33C4F1FF
S3150800F1F0200423FA04F4274D29F0E0F828F074FFD8
S3150800F2002B6893F85C30022B27D128F07BFF002768
S3150800F21029F0B0FA17B108B92BF0F1FA28F064FF13
S3150800F2206FEA04082B689F6D2B6893F85C30022BF5
S3150800F23001BF2A68936D03EA080393652B680025C6
S3150800F24083F85C5028F05EFF3C401ED1B36803B1DA
S3150800F250984707EA0800BDE8F08101272B689A6DF0
S3150800F2609A652B6883F85C7028F04CFF39464FF096
S3150800F270FF3029F079F9CBE724FA05F3DB0703D544
S3150800F280736853F825309847013533789D42F3D390
S3150800F290DFE700BF5C04002073B504460E4615463A
S3150800F2A002B119B92124204602B070BD4BF234616F
S3150800F2B083B28B421DD14FF0FF3369462448CDE90E
S3150800F2C00033FFF7E9FF082204462249684627F07B
S3150800F2D065FE30B92A46694641F2F010FFF7DCFFB1
S3150800F2E00446002CDFD12A466946304627F06EFAD6
S3150800F2F0D9E741F2F0118B420CD1174B082A996CC9
S3150800F300DB6CCFD8CDE900136946304627F05EFAA4
S3150800F3100024C8E7FAF794FE022809D1C4F30C437F
S3150800F3209D42BFD8C4F30B012A4601F17E61ECE782
S3150800F33003280BD1C4F30C439D42B3D8C4F30B0482
S3150800F34004F100612A4601F5FC21DEE70124AAE75B
S3150800F350021008C013C003080080E00F37B50C4C34
S3150800F3600546A0220021204627F009FA0C2384F836
S3150800F370253004F13403A3622023201D0193019B49
S3150800F38025632BF031FA01232462237703B030BDBD
S3150800F3903087002070B50023012400F1AC06D0F8B0
S3150800F3A0AC52AC420FD3AC30B3F5007F10D301207A
S3150800F3B070BD0D6801350D60156801351560F55C81
S3150800F3C001330A2D02D0B3F5007FF2D30134E6E704
S3150800F3D0C15C0A29EBD00029E9D011680133013153
S3150800F3E01160E1E7094B186F00F00700431E032B75
S3150800F3F003D8DFE803F00608090400207047082050
S3150800F4007047022070470520704700BF00800050F3
S3150800F410134B30B51968EFF31184302383F3118841
S3150800F420D1E900351A7D4FF0FF3393402B43DB4378
S3150800F43005D184F31188BFF36F8F1A2030BDB3FA54
S3150800F44083F30122C3F11F03DBB29A402A434A60C1
S3150800F450037084F31188BFF36F8F0020EEE700BFB7
S3150800F460503F0020044A054B013800D2704753F834
S3150800F470041B42F8041BF7E7C0AC002080610008B3
S3150800F48038B50D464FF0FF31044606F053FB7F288A
S3150800F49007D800222318C0F17F00A95C11B9002201
S3150800F4A01A7038BD8242FAD203F8011B0132F4E71A
S3150800F4B000232DE9F3410B600093438807460D4668
S3150800F4C0002B00F0AE80038803F4E043B3F5804FC9
S3150800F4D000F0A780FEF732F8044600286CD169468A
S3150800F4E0384606F003FA009E0446002864D1736A7B
S3150800F4F0B3B1009E33467168376A090A53F8248FF8
S3150800F5005ED0012900F087806FF08604009D286A86
S3150800F51010B1696A06F0BFF80023C5E908334BE065
S3150800F5207B681B0A41D138887F8800F4E042B2F52F
S3150800F530805F02D0B2F5005F10D1394606F0E2F8D6
S3150800F5400446002838D1FB1DDB0801933046019993
S3150800F55006F007F904460028CBD02DE000F44F4109
S3150800F560B1F5824F02D1B2F5E04F02D06FF08504B3
S3150800F57022E047F20102904206D17B080133DB08FC
S3150800F58003EBC3033B33E0E747F20202904204D1A0
S3150800F590FB0803EB43035A33D7E720F0FF00B0F527
S3150800F5A0E24F04BF0737FB08CFE7384601A906F044
S3150800F5B0D3F904460028C9D00098FEF749FD20E093
S3150800F5C0328852040BD4338803F4E043B3F5805FE2
S3150800F5D01BD14146384609F0D0FB044608E04246AE
S3150800F5E039463046F9F79DFF10F1860F0446EAD0F2
S3150800F5F0002C8BD129460098FEF742FD04460028C8
S3150800F600DAD1204602B0BDE8F081B3F5005FE0D05C
S3150800F6106FF085047AE7424639463046F9F781FFA6
S3150800F620DBE76FF08604ECE700232DE9F04385B0AD
S3150800F6300F461360904603A91A460AF009F80446CD
S3150800F64000284BD1039D2B885A0406D5D5E9089680
S3150800F6506A68120A04D0012A44D06FF0860437E09B
S3150800F66003F4E043B3F5804F08D12B8803F4E04256
S3150800F670B2F5804F0FD06FF0850429E03B4632463D
S3150800F68049462846CDF80080FEF7BDF910F1860FE9
S3150800F690EBD004461CE044F2010223F440519142A7
S3150800F6A007D003F44F43B3F5824F02D0B3F5844F26
S3150800F6B0E1D1202E1FD832464946384627F086F82B
S3150800F6C00021C6F12002B81927F059F8C8F80060D9
S3150800F6D0039806F000FA002C08BF0446204605B039
S3150800F6E0BDE8F0833B46324649462846CDF80080B9
S3150800F6F0FEF789F9CDE76FF08904E9E72DE9F043CC
S3150800F70020260446B3B00F4690460021324610A87C
S3150800F71099463A9D27F033F83246002118A827F073
S3150800F7202EF83246002120A827F029F828220021A1
S3150800F73028A827F024F80CB107B12DB96FF0860474
S3150800F740204633B0BDE8F0832288638802F4E0419E
S3150800F750B1F5804FF2D0D91DB8EBD10F4FEAD100E1
S3150800F760ECD3202800F2998047F241118A4202D050
S3150800F7706FF08504E4E7FF2BFAD14B4B204618932C
S3150800F7804A4B4246CDE92436394610ABCDE91C969C
S3150800F7902196F9F791FD04460028D1D14FF400537C
S3150800F7A028A81A932BF09DFA002879D1002318A9C6
S3150800F7B01A4610A809F07BF9002867D103A918A8EA
S3150800F7C009F00FF9002861D1109A3749039B8A423C
S3150800F7D003D018318A4218BF5B00202BAED84FF0F1
S3150800F7E060632893002302A910A8299330932A93CB
S3150800F7F009F0BEF9002849D1029928A821F4F06138
S3150800F80002912BF078FA01A920A809F0B1F900288D
S3150800F8103CD1019928A82BF06EFA01230893139B73
S3150800F820013B012B2ED8169A214B4AB3079207A9FA
S3150800F83028A8099309F090FA0AA910A809F061FA0C
S3150800F84020BB0AA928A809F087FA04A918A809F06C
S3150800F85058FAD8B904A928A809F07EFA0DA920A84B
S3150800F86009F04FFA90B90DA928A82BF04DFA0326EE
S3150800F87028A829F007FC012807D1013EF8D15DE741
S3150800F8800C4AD3E74FF00053D1E718B148287FF464
S3150800F89055AF6DE720232B6052E76FF089044FE7D9
S3150800F8A06FF092044CE700BF200000B0D8A70020F4
S3150800F8B00800002078B30308094B5A68D0070DD50D
S3150800F8C0EFF31182302181F31188596AC9075CBFA9
S3150800F8D00121D96082F31188BFF36F8F704700BF8B
S3150800F8E00040005B30B5204DD5E905340AB38B429C
S3150800F8F000D089BB2B6993B340B92B681A78D20715
S3150800F90007D5DA8822B103EBC203F7E70346F5E722
S3150800F91013468C4200D0B1B92A69CAB1002818BF6B
S3150800F92004462278D2070ED5A2888AB1A4EBC2046F
S3150800F930F7E78B420AD0834228BF03468C4209D098
S3150800F940844238BF0446C5E9053430BD0346F5E7A9
S3150800F9501446F8E70446F6E78C42F4D1DCE78C4215
S3150800F960D9D11C46EFE700BFE48700204FF00063BB
S3150800F9709B6A014603F17842B2F5C04F08D21B6B69
S3150800F98003F17842B2F5C04F02D200209B681847AF
S3150800F9904FF4817070472DE9F04F9A468BB09DF869
S3150800F9A05030DFF854B10293DBF8103080465345E7
S3150800F9B00D461646C0F09A80D146DBF8043001930E
S3150800F9C0B9F1000F00F08E80D8F83C3001225B694F
S3150800F9D007A901989847079BDBF80010C3F3D312D1
S3150800F9E0914240F0868013F07E0F1CD1D8F83C3047
S3150800F9F002225B6908A90198984708A806F0FCFA4C
S3150800FA0008270446019B029A3B44002A3BD1A6429A
S3150800FA100FD9361B14464046019906F06FF9A9EB33
S3150800FA2004090190CCE707A806F0E6FA042704467D
S3150800FA30E8E7A41B544528BF5446032C03EB0607E6
S3150800FA40AAEB040A1DD9D8F83C30294638465B6922
S3150800FA50A208984724F0030304F003061F441D4434
S3150800FA60002ED8D0D8F83C3001225B6908A9384660
S3150800FA7098473246284608A9354426F0A7FE0026A8
S3150800FA80C9E72646ECE7274604F003020392234417
S3150800FA902A1904920593049BDD1B059BD81B039B1F
S3150800FAA09F420FD1002FB6D0D8F83C30012208A9C2
S3150800FAB05B6998473A46284608A927F06FFA78B945
S3150800FAC03D44A8E7D8F83C30012208A95B69984765
S3150800FAD00422284608A927F061FA08B9043FDAE79C
S3150800FAE04FF0360948460BB0BDE8F08F4FF0630972
S3150800FAF0F8E74FF06F09F5E750100020034B5A68F6
S3150800FB00D20702D55A6D0242F9D1704700000A5051
S3150800FB1010B540F6FF70FFF7F1FF0823204C214986
S3150800FB20A363FFF7EBFF02235020A363FFF7E6FF6B
S3150800FB304B68012B04BF1C4A53604B689807FCD4DA
S3150800FB408B6C184B9A6C120628D49A6C4FF48072F8
S3150800FB50134CA2639A6C12F00072FBD1042112486E
S3150800FB6021610161216101612161016121610161F7
S3150800FB702021196141F20201DA609A6059614FF455
S3150800FB80A02159620949DA611A629A619A62DA62AF
S3150800FB901A65C1641A635A631A6310BDDA6BD1E732
S3150800FBA000100A5000000A5000200A50FF3F0D03BB
S3150800FBB0252307B5002200918DF8060069460448FA
S3150800FBC0ADF804300CF0C3F803B05DF804FB00BFD1
S3150800FBD04C3D00202DE9F04F314B80461B780D46F1
S3150800FBE08FB0002B59D00746DFF8C8A0002D54D097
S3150800FBF0FFF762FE2B4BFF2DA7EB080901A8DAF8E1
S3150800FC00004099442E4628BFFF2607F0EBF89DF8DA
S3150800FC100C303C44012B20D1B4F1006F3DD3224B6C
S3150800FC209C423AD832199A4237D80023E258013210
S3150800FC3033D104339E42F9D846EA04039B072CD1F4
S3150800FC404FF48032194B49469A66204632462BF0C5
S3150800FC5093FA10BBAD1B3744C8E74FF0006BDBF8CF
S3150800FC60283003F17841B1F5C04F16D21B6B03F16A
S3150800FC707843B3F5C04F10D20D4806F0B3FFDBF852
S3150800FC80283020461B6B324649469B6B98470446EC
S3150800FC90074805F064FB002CDCD00FB0BDE8F08FF8
S3150800FCA0EA1B002088150020000008080090005074
S3150800FCB078110020EC1B00202DE9F04F8DB01D4671
S3150800FCC0DDE91867169B14460893179BDDF86880CC
S3150800FCD081468B46099317F04FFC0022C8F800208E
S3150800FCE0824605F0C5FD48B16FF08609484617F00B
S3150800FCF0F1FA0DB0BDE8F04F17F0D0BB48465346B1
S3150800FD004FF480720BA909F0A3FC81460028EDD1B7
S3150800FD10234A2AF47E1191420B983ED1D0E9081263
S3150800FD2043681B0A012B1BD0DFF878E0734517D010
S3150800FD3083BB099BCDE906780493089BCDE900B4FB
S3150800FD40CDE9025305965346FDF716FC10F1860FCA
S3150800FD50814613D13A460021304626F010FD10E0C0
S3150800FD60099BCDE906780493089BCDE900B4CDE953
S3150800FD70025305965346FDF7FFFB8146B9F1000F7E
S3150800FD80E8D10B9805F0A7FEB9F1000FAED10DB07A
S3150800FD90BDE8F08F6FF08609DCE76FF08509F0E7BC
S3150800FDA00001400502008000034804230021034A9D
S3150800FDB00068FEF7E9BC00BFB01F002074BB03084B
S3150800FDC00022024902480BF0C2BF00BFE0A600208D
S3150800FDD0D035002010B3204BD3F8C020F2B193F9E8
S3150800FDE0252080321AD00022828002605A8C028036
S3150800FDF093F82420427193F82020FE2A027115D127
S3150800FE001A78012A0BD07F22C27093F92520002A7E
S3150800FE101EDB931C00D5531D9B1083707047D3F8C7
S3150800FE20BC1089890029EED10271ECE77F21032AEB
S3150800FE30C170EAD8D3F8C01011440A7E032AE4D167
S3150800FE4093F8262005490F2A28BF0F228A5CDBE78C
S3150800FE50931E48BF531CDFE77CAE002050B703084B
S3150800FE6070B5144C94F80431E3B1D4F8B40027F013
S3150800FE7025FF0546104E94F804313BB12846FDF798
S3150800FE8095FAB042F7D9002384F804312846FDF7DD
S3150800FE908DFA094B984205D8D4F8E03013B1DA6ADE
S3150800FEA00132DA62D4F8B4000122BDE870400021BC
S3150800FEB027F0ACBD7CAE0020DF930400012837B5DF
S3150800FEC0044602D1FEF7FAFC0446154D2B78A342E8
S3150800FED011D0012C11D0022C13D00DA3D3E9002385
S3150800FEE0CDE900234FF0FF324FF0FF33D5F8B400C9
S3150800FEF027F018FE2C7003B030BD4FF4A202002381
S3150800FF00EEE705A3D3E90023EAE700BFAFF30080D5
S3150800FF10088D415522020000088DC15522020000B5
S3150800FF207CAE002003220A4B83F83620094AD2F811
S3150800FF30BC100978022907D1042183F8361006492E
S3150800FF40D2F8B40027F0A4BF0329F8D10221F4E7B8
S3150800FF505CB100207CAE00208CB1002010B50C4CA2
S3150800FF60FEF752F8D4F8C010D4F8B40027F036FFDC
S3150800FF70FFF7D8FF0122D4F8B400114627F028FF6E
S3150800FF80D4F8B4000349BDE8104027F0C7BD00BF48
S3150800FF907CAE0020B8B503082DE9FF476A4C9846A1
S3150800FFA0D4F8BC3091461B780646022B0F469DF8BE
S3150800FFB0342045781DD1032D28BF032562B1284674
S3150800FFC0FDF705F940B194F8C630012B17D1D4F8DE
S3150800FFD094300133C4F89430D4F8B40027F014FDF3
S3150800FFE0052802D0D4F8C0308BB9022004B0BDE889
S3150800FFF0F087032BE2D12B1F5D425D41DEE7022B22
S315080100007CD1D4F8A0300133C4F8A030E4E7EFF38B
S315080100101183302282F3118894F8042122B183F3E3
S315080100201188BFF36F8FE0E7012284F8042183F377
S315080100301188BFF36F8F2378934201D1FFF78EFFA3
S315080100404FF0000A0020FFF739FF4FF6FF71D4F889
S31508010050B40027F065FD01233A464946D4F8B400B1
S3150801006084F803A084F8E85027F0FEFD874203D000
S31508010070002384F80431B8E7534642460C99D4F86C
S31508010080B40027F0F1FD8045F2D12846FDF79FF827
S315080100902946814658B3B6F90800FDF7C5F92B4B31
S315080100A01B68C4F81031338A53B3B4F8FA303BB33A
S315080100B0D4F8B40027F002FE4FF47A72338AC4F8F2
S315080100C0080153430022C4F80C31631993F800312F
S315080100D0294684F8F73000921D4BD4F8B40027F06E
S315080100E09EFC054630B3002384F8043106E0307AD5
S315080100F0FDF768F90028D2D084F80491012075E744
S31508010100002302930123F068ADF80C3048B1FDF7DE
S315080101104DF940F2F13398429EBFC0F57C7002302A
S315080101200290002200922946D4F8B40002AB27F0C7
S3150801013074FCD6E732794744707831783A44FEF749
S3150801014008FC284652E700BF7CAE0020C408002000
S3150801015070AF00202DE9F743037901F101089146B3
S3150801016008EB0302192A05460F4600F2CE80002B3A
S3150801017000F0CB808379002B00F0C780644CD4F85B
S31508010180B40027F041FC052803D1022003B0BDE8DD
S31508010190F083D4F8C030002B00F0AF802378012B10
S315080101A001D1FFF7DBFEEFF31183302282F31188C9
S315080101B094F8042122B183F31188BFF36F8FE4E722
S315080101C0012284F8042183F31188BFF36F8FD4F8D1
S315080101D0BC306E781B78022B40F08180032E28BF35
S315080101E0032684F8E8602A79E9784A4826F0C7FAA6
S315080101F028796A79231805301A7149463A462044FE
S3150801020026F0E4FA2B7930464344A370FCF7DFFF66
S3150801021031468046002869D0B5F90800FDF704F98A
S315080102202979D4F8B400C90026F01AFFAB7900225F
S315080102300121D4F8B400E370677027F023FD29790A
S315080102406278053121440023D4F8B40027F00CFD67
S31508010250E378013BE370FDF703F90220FFF72EFE71
S31508010260A178D4F8B400490027F008FD2A4BB4F860
S31508010270FA801B68D4F8B400C4F81031B8F1000F3D
S315080102803DD02B8A3BB127F019FD4FF47A722B8AA0
S31508010290C4F8080153434FF00008C4F80C31A319F8
S315080102A093F80031222284F8F730CDF800803146E0
S315080102B01A4BD4F8B40027F0B2FBE0B90021D4F800
S315080102C0B40027F02DFC2B79AA793B4403FB0222C3
S315080102D06878297892B2FEF73CFB002056E7032B93
S315080102E07FF47FAF331F5E425E417AE7287AFDF7D6
S315080102F069F8002894D084F80481012046E743462A
S315080103002222314627F087FBD7E704203EE700BFC4
S315080103107CAE002080AE0020C408002070AF00200B
S3150801032038B505460C46FCF745FF70B12B78022B0C
S315080103300BD8064B1B7843B1696805482144C1F3BC
S315080103401301BDE8384007F0AFBB38BD80880020EF
S3150801035080100020002310B5074C20226FF07F0182
S31508010360204684F8243084F8253026F008FA4FF020
S315080103708033236210BD00BF543F00202DE9F84F9A
S31508010380DFF8F0A0DAF8BC201278022A68D0032A2E
S315080103900CBF4FF002094FF00309DFF8DC80002596
S315080103A0A8F11F0B01275E46ECB2FDF7B3F800284A
S315080103B059D12146DAF8B40027F00CFD0028B8BF58
S315080103C0033040F3870010F1800218BF012217405D
S315080103D096F8242006EBC501885400210A460BF13C
S315080103E0FF3C0BF1070E1CF9010F10F1800F1FBF1F
S315080103F08018013102B2C9B2F445F4D1B1B392FB06
S31508010400F1F252B2204608F8012FFCF7E0FE58B186
S31508010410032D04D19AF8C640013C18BF01240C23C8
S3150801042003FB04A484F898200135EAB24A450BF186
S31508010430080BB9D3EFF31182302383F3118896F8A9
S315080104402430013303F0070386F8243082F3118838
S31508010450BFF36F8F17B1012386F82530BDE8F88FF2
S315080104604FF0040999E76FF07F00ACE76FF07F0260
S31508010470C8E700BF7CAE0020733F002008B508F02E
S315080104807CFC20B10522024B5A62FEF742F808BDF0
S3150801049000000850002313B504460193A0B10421B6
S315080104A00DEB0100FFF7EAFF0198B0F1404F3CBFA1
S315080104B040F040400190431CF1D0030E2370030C19
S315080104C06370030AA370E07002B010BD002307B57C
S315080104D001210DF107008DF80730FFF7CFFF9DF8D1
S315080104E0070003B05DF804FB37B5234CD4F8BC30DC
S315080104F0D4F8C010DA88D4F8B400A4F8FA205B78E6
S3150801050084F8F73027F06AFCD4F8BC30D3F8013008
S31508010510C4F8003194F9C9307F2B1FBF4FF001325F
S31508010520DBB25343C4F80031144B154A5B6823F018
S31508010530404323F440031B0C1B04934211D032257C
S3150801054001210DF107008DF80750FFF797FF9DF878
S315080105500730B3FBF5F205FB12332B44DBB2A4F8E3
S31508010560EE30FFF7DFFC01221146D4F8B40003B0E0
S31508010570BDE8304027F02CBC7CAE00200080E00F9F
S315080105800000170338B515460C46FDF7B9FEDDB16F
S3150801059000238471013CC371032C07D8DFE804F0FA
S315080105A0110E0A02C3704FF48073838000220D4B2B
S315080105B01A6038BDC37040F20113F6E7C370012310
S315080105C0F3E701238370F1E7C3790133DBB2022B29
S315080105D0C371EBD9023C012C9EBF01238580C370F0
S315080105E0E4E700BF3C29002010B4094C2278012A0F
S315080105F00BD8084B03F81200501C03EB420320707A
S3150801060059705DF8044B1AF025BD5DF8044B704727
S3150801061019A800201BA8002008B50220FDF7C8FF6D
S31508010620054B186038B118220021044826F0A7F8AE
S315080106300122034B1A7008BDAC1F0020941F00202D
S31508010640901F002008B509F0D1F828B116F042FE2E
S31508010650BDE8084016F022BF08BD002370B58CB06E
S31508010660CDE906330D461646194B4FF4807207A994
S3150801067008F0EEFF0446B8B907984368B3F5007F5A
S315080106804FEA132202D3134B9A421BD106AB0493AA
S315080106901023CDE90263002301950093D0E90812DE
S315080106A008ABFDF7E3FB0446079805F014FA0CB905
S315080106B058B10446204616F00DFE0CB0BDE8704050
S315080106C016F0ECBE6FF08604EEE70CB070BD00BF05
S315080106D000444004020080002DE9F04F1F46002324
S315080106E08FB0049388469146384B4FF4806205A92A
S315080106F008F0AEFF044658B9059E338803F4E04274
S31508010700B2F5005F02D113F4E06F15D16FF08604DC
S31508010710102300200493C0F110022121384426F049
S315080107202EF8059805F0D7F9002C4AD0204616F080
S31508010730D1FD16F0B3FE46E00125C3F302239D4021
S315080107402B1F102B37D8102D38D8D6E908AB73686C
S315080107501B0A012B14D01E4A934201D0002BD5D176
S3150801076004ABCDE902535A46434651463046CDE9D4
S315080107700097FDF711F904460028C9D10498CAE77C
S31508010780BAF1000FC2D00146202206A825F0F7FFCC
S315080107905A465146304606ABF8F78EFD0446002800
S315080107A0B6D104ABCDE900534A463B46414606A8B5
S315080107B0FDF72EF8DFE76FF08504A9E76FF08904E6
S315080107C0A6E70028B3D10FB0BDE8F08F0002C00339
S315080107D002008000002337B5044601A88DF80430CD
S315080107E0FEF7B8FA002852D0FF2C9DF8043001D044
S315080107F0002B4CD0E143CDB21940284B284819703B
S3150801080016F0CEFEFF2C44D1264808F0EFFF264805
S3150801081008F0ECFF4FF0071008F0E8FF234808F04E
S31508010820E5FF234808F0E2FF224808F0DFFF2248E7
S3150801083008F0DCFF214808F0D9FF214808F0D6FF67
S31508010840204808F0D3FF204808F0D0FF1F4808F0D9
S31508010850CDFF1F4808F0CAFF1E4808F0C7FF1E480B
S3150801086008F0C4FF1D4808F0C1FF1D4808F0BEFF87
S315080108701C4808F0BBFF9DF804301B481D40112198
S315080108800123006801AA8DF80450FDF77DFF03B026
S3150801089030BD802016F029FDEBE700BF9E18002029
S315080108A0A820002001000700040007000A0007002D
S315080108B00D000700100007000200070005000700E9
S315080108C0080007000B0007000E00070011000700CB
S315080108D00300070006000700090007000C000700CF
S315080108E00F00070012000700B01F002030B5234C87
S315080108F087B0237C0F2B3ED84EF6550200251B01E7
S3150801090041F288311E48ADF808208DF80A301D4A93
S31508010910002316F06BFFA379009502A9032220880C
S3150801092043F0010316F0A6FC0122237C04F12C00F6
S31508010930234483F83D201023A4F81651237416F096
S31508010940FBFF052016F036FC0F4B94F8322134F8DC
S315080109504D1B83F82C51A3F834110C49A3F83851CF
S31508010960098803F5967303A8598103948DF8102015
S31508010970059319F059FD07B030BD00BF58A10020F5
S31508010980689D002055790208286F002090180020DC
S315080109907FB54FF2550341F288311D4A1D48ADF81E
S315080109A00C30002316F022FF1B4991F8703091F89C
S315080109B02220B1F86A0043F001036AB14A7E03A90D
S315080109C08DF80E20154A0092032216F053FC0620D4
S315080109D016F0F0FB04B070BD11490C7C102C0BD03D
S315080109E0B1F8324191F81561B4FBF6F506FB1544E9
S315080109F0EAB20CB10132D2B24A748DF80E20002245
S31508010A0003A90092032216F035FC0520E0E700BF92
S31508010A1055790208689D0020409D00203F850208FF
S31508010A2058A1002008B5C82200210B4825F0A7FEC9
S31508010A3014220021094825F0A2FE10230021074AA5
S31508010A401374054BA2F8161103F1CB001A22BDE85F
S31508010A50084025F094BE00BFA5A1002058A100209A
S31508010A6010B50A4C22686AB1094B1978012903D1D4
S31508010A7008490978490706D1074B00201988904784
S31508010A800023236010BD00221A70FBE7349600206C
S31508010A9030960020C895002090180020F0B41E4614
S31508010AA0214D12B32B460024DF78CFB19F78BFB111
S31508010AB01F78874214D15F788F4211D11C235C437A
S31508010AC0306871680122231D2B4403C342F2107159
S31508010AD02B199A700C34154A2819F0BC16F086BEE3
S31508010AE001340F2C03F11C03DED100240E4B9F7831
S31508010AF09FB91C235C432B19DA7028555970306845
S31508010B007168221D2A4403C2012204F10C009A705D
S31508010B1042F21071054A2844DFE701340F2C03F12C
S31508010B201C03E4D1F0BC7047381A00206959020841
S31508010B3070B5044600F0FC052E1DE82D1AD8A8B29A
S31508010B4015F06AFE10B90135B542F6D10D4DA10869
S31508010B5095F83C309B08B3EB940F0AD060B10A486C
S31508010B604C230A4A006801F50071FDF75FFD85F817
S31508010B703C4070BD0020E9E74C22FF21034825F0DF
S31508010B80FEFDF4E75CB10020B01F0020FCA40020A4
S31508010B9070B50546084619461C46164615F09EFECA
S31508010BA0AB78E3B1EB78190903F00F03F61A042EB3
S31508010BB016D92B441A792A7231B96378C2F34100DE
S31508010BC023F0030303436370032023784900884015
S31508010BD0C2F3C10223EA00038A401343237070BD9E
S31508010BE00822237823F0030343F0010323702A72B2
S31508010BF0EAE708B50B4A0346D2F8BC201078032861
S31508010C0003D8DFE800F00303040C032008BD33B959
S31508010C10054B188816F04AFD4000C0B2F6E70220D7
S31508010C20F4E700BF7CAE00209018002013460A4660
S31508010C30014601480CF050BEE41F00202DE9F041A1
S31508010C401D461646074688460A4CE02200212046DC
S31508010C5025F095FD2A46314604F10900A4F80680D7
S31508010C602771257225F0B2FD82232370BDE8F04174
S31508010C70FFF7A6B8E0A6002005292DE9F0470546A5
S31508010C800F4691465AD92E4E2322002106F17000AD
S31508010C9025F075FDEB7806F1680A13F0040023D1F7
S31508010CA043F00403EB702B68B366AB88AAF80430EB
S31508010CB096F86D3086F86E30FCF74AFB062F86F8F3
S31508010CC06F0039D0BA1F232A84BF292723221D483A
S31508010CD0A91D25F07BFD3C46631F4946BDE8F04743
S31508010CE08420194ADBB2A9E72B2F3C4628BF2B24BF
S31508010CF029462246504625F069FD96F86B30A046EE
S31508010D009B07E9D4FCF724FB2A2F88BF4FF02A0852
S31508010D106B7998BF013486F86E30AB79A8F1070272
S31508010D208CBF2B24E4B2222A86F86F30D4D8E91D69
S31508010D30044825F04BFDCFE70824CDE7BDE8F08749
S31508010D40286F0020986F0020956F0020002313B5A7
S31508010D500C46CDE9003383074CBF072105216A46B6
S31508010D60204612F0FBFD002321461A468220FFF792
S31508010D7065FF02B010BD0146002201480AF0E7BF2F
S31508010D80B033002010B50446C06A58B100220321C9
S31508010D9029F09AF930B194F83010A06BBDE81040EB
S31508010DA00BF068B910BD10B5044690F83010806B89
S31508010DB00BF060F9034BE06A0221BDE810401A689E
S31508010DC029F082B9C40800202DE9F34706460D46E5
S31508010DD000295BD00C7814F00C0457D191F80490D3
S31508010DE0B1F802A091F80880012021460DF103030C
S31508010DF001AA01948DF80340FAF750FC9DF8037097
S31508010E0009F07F09002F41D0012F08D1019B1A88CB
S31508010E10524504D19B7803F07F034B4536D01D48D4
S31508010E200BF012F81C4BA0B11A46002011688E422D
S31508010E300AD15168097A88EA0101490604D1154897
S31508010E4002B0BDE8F047AEE704300C2802F1100203
S31508010E50ECD11A682AB11A69B2B11A6A002AEED116
S31508010E60022422019E5003EB0414019B6560A360D2
S31508010E700A4B27731A684AB9FA2106481C6002B058
S31508010E80BDE8F0470BF006B90124EAE702B0BDE870
S31508010E90F08700BFF086002078860020748600203F
S31508010EA0F0B5ADB004460F4616460021A5220DF150
S31508010EB009001D4625F063FC4FF41B730022ADF8AB
S31508010EC004300521234601A88DF806708DF80760C0
S31508010ED08DF808500AF038FC2DB0F0BD08B58378B6
S31508010EE0A3F16402D2B29A2A15D9003B18BF01238D
S31508010EF00A4A5B42DBB21370094A1370094A137036
S31508010F000AF01EFB5023084A084811461373FFF7D7
S31508010F105BFF012008BD0020FCE700BF45890020D2
S31508010F204689002047890020DC1B0020BDB701083F
S31508010F3010B504460AF088FF10B12046FFF722FFD4
S31508010F40064B40F2DC52197B42F210732046BDE88B
S31508010F50104001FB02310BF09DB800BF44B00020E0
S31508010F6001207047704713460A4601460148006842
S31508010F70FDF70ABC4C89002007B500228DF8070049
S31508010F800DF1070102480AF0E2FE03B05DF804FB21
S31508010F90403D00202DE9F0410C4680BB294EDFF883
S31508010FA0B480294D21462846F9F7C4FC214607464F
S31508010FB04046F9F7BFFC0743FFB221463046F9F729
S31508010FC0B9FC002F3BD1002839D19F2C35D8892C63
S31508010FD019D8202C33D0A4F12003542B05D85D2C25
S31508010FE026D8222C16D0552C14D02B786A68591C71
S31508010FF02970D45433787268591C317016E000266A
S31508011000B0463546CEE704F17602104BD2B2D3404C
S31508011010DB07EAD52B786A68591C2970D45498F8E5
S315080110200030D8F80420591C88F80010D45406E07A
S31508011030A4F15E02064BD2B2E9E7FF2CD5D1BDE891
S31508011040F08100BF708900206089002029402000B6
S31508011050014040006889002010B508B90E4B186890
S3150801106003681B7D8B4215D9EFF31184302383F373
S315080110701188012243688A4023EA02034360002358
S31508011080026942F82130426942F8213084F3118815
S31508011090BFF36F8F10BD00BF503F00200D4B10B539
S315080110A01B780446A3B1072812D80B4BC1B218689E
S315080110B0FFF7D2FFEFF31182302383F31188002162
S315080110C0064B03EB0413197382F31188BFF36F8F71
S315080110D010BD00BFE28700204C3F0020E0850020BC
S315080110E0C1B20020F8F702BC20F0FF03B3F5E24FC6
S315080110F00ED1C0B241280BD1FF2A09D10B7823F0B2
S3150801110007030B70CB7F03F07F0343F04003CB77D4
S3150801111070472DE9F04F8046B1B00E4614460021BE
S31508011120182210A825F02BFBD8F8000010A908F002
S31508011130F1FA002800F0F680D8F80050A94BA5F579
S31508011140E027B7F5803F109308D2119B1595DAB2BF
S3150801115022B923F0FF0343F001031193A24B9C42EA
S3150801116042D14FF4805326A8269316F0A7F8269B5A
S315080111701293B7F5803F139451D2FDF7E5F902288A
S3150801118049D140F20113119300231022C8F8003007
S3150801119010A803930592FCF7D1F90446D8B903A917
S315080111A010A804F0A3FB039D0446A0B96B6A002BA3
S315080111B047D0039D6B88D5E9087904936B681B0AA8
S315080111C0012B00F0BF80894A934200F0AE80002BC4
S315080111D04FD06FF086040398FCF73AFF204616F0C5
S315080111E079F816F05BF99DE0814B9C4209D14FF4E1
S315080111F0407326A8269316F061F8269B7D4C129318
S31508011200B7E74FF4807326A8269316F057F8269B5E
S31508011210794C1293ADE70128B6D11190B4E7033D95
S31508011220032DB1D8FDF790F902284FF0000304D138
S315080112304FF4807211921593A6E70128A4D1119350
S31508011240F9E7119B1B0A04D0012B0AD0674A93427E
S31508011250BFD12846059904F084FA04460028A8D087
S31508011260B9E705A910A804F077FB04460028F0D0D1
S31508011270B1E72C8804F44F43B3F5824F0AD004F43E
S31508011280E043B3F5805F0FD0B3F5005F0CD06FF084
S315080112908504A0E73146284604AAFBF7E1FF863014
S315080112A097D104F4E043EFE7DDF810A0BAF1000F97
S315080112B002D180239A4604932046514604F022FA25
S315080112C00446002887D10AF10703DB08102B80D1D1
S315080112D0B9F10F0F40F2068106F1100356F8042BF7
S315080112E09E4247F8042BF9D110236B620398438871
S315080112F0002B40F0F380A0F802A0BDF840301BB1E6
S3150801130002889A427FF465AFBDF842301BB1428824
S315080113109A427FF45EAF4146FCF7B2FE04460028C6
S315080113207FF459AF31B0BDE8F08F2B8803F44F43F2
S31508011330B3F5824FABD104AA31462846FBF790FF95
S31508011340044648E7002F3FF444AFB9F1000F3FF4D4
S3150801135040AF002E3FF43DAF002180222B88696201
S3150801136003F44F43B3F5824F049202D1069106AABC
S31508011370E2E74FF0100A202216A8CDF818A025F0AA
S31508011380FEF95146284616AAF7F727FF044600280C
S315080113907FF421AF199B0DF1780E0DF1580C0193CD
S315080113A0BCE80F00AEE80F009CE80F008EE80F00BE
S315080113B02822214626A8CDE92146DDF870B0CDF8C8
S315080113C08CA025F0DCF96B681B0A04D0012B15D01B
S315080113D06FF08B04FFE6B9F10F0F1DD86FF08C047F
S315080113E0F9E600BF002480000002C0030200800065
S315080113F0000150050001480500444004B9F13B0FBE
S31508011400ECD92C2407F1100626A829F06AFC034614
S3150801141028B16FF09204DEE64C463E46F4E7012217
S3150801142016A91EA8CDE91A6407F041FB70B9019BFC
S31508011430013B012B0AD84FF0807327902E902890F4
S315080114400DA916A8269307F093FB60B16FF09204D5
S3150801145026A829F046FC0028DBD1002C7FF4BBAE78
S315080114604FF0800A42E70D9926A829F044FC07A9FE
S315080114701EA807F046FC0028E8D107A926A807F008
S315080114806BFC01230B93194BBBF1000F23D0CDF84D
S3150801149028B00AA926A80C9307F05EFC0DA916A880
S315080114A007F02FFC0028D1D126A80DA929F02CFC7C
S315080114B026A827F0E7FD0028C8D14A46394616A8C6
S315080114C0F7F7F2FF70B91021284605F12402F7F75C
S315080114D069FE0446BCE7064A0A92DAE753457FF4F1
S315080114E078AE0AE76FF0890475E600BF08000020A8
S315080114F078B30308052373B50C4615460146084A11
S3150801150001A80193FFF705FE019E2A4630462146AA
S31508011510FFF7A3F8304602B0BDE87040FFF792B86E
S31508011520004440042DE9F04788B080460F46202242
S31508011530002168466C4625F022F94FF0000A08F1A9
S31508011540010508F11106A14604EB0A0208F110018A
S315080115500B780133DBB201F801390BB94145F7D1F3
S3150801156029463046FFF7C6FFBAF1000F23D07B1E86
S315080115701F3799F8002013F8011F4A40BB4209F8A2
S31508011580012BF6D1334604AA264603CE96421860A5
S315080115905960344603F10803F6D12B46144603CCA9
S315080115A0596008A98C421860224603F10803F5D14F
S315080115B008B0BDE8F0874FF0100AC4E770B50446D5
S315080115C00D4662B14B1E013A01F11F0013F8011FC6
S315080115D012F8016F834281EA06011970F6D11022C9
S315080115E0002104F1110025F0CAF80021601C10221F
S315080115F025F0C5F80023237029462046BDE870402A
S3150801160090E770B5054688B020220C466846002149
S3150801161025F0B5F8691C05F1100213780133DBB220
S3150801162002F801390BB99542F7D16E466A4605F1BA
S315080116301100FFF75FFF234604AC324603CAA242F4
S3150801164018605960164603F10803F6D120220021D5
S31508011650684625F094F869462846FFF763FF08B0FF
S3150801166070BD2DE9F04F07460C469846534BAFB06F
S315080116700AAD03F1100C2E4618685968083303C6DB
S3150801168063453546F7D11EAD04F110062B46206891
S315080116906168083403C3B4421D46F7D122AC02F18E
S315080116A01005234610685168083203C3AA421C462E
S315080116B0F7D106236846424A0AA90093FFF729FD8E
S315080116C0009C06AB204620221EA9FFF705F82046F6
S315080116D0FEF7B8FF02AB1C463A4D05F108061A4655
S315080116E028686968083503C2B5421346F7D12868E0
S315080116F0A9881060AA790EAD99809A710DF14809E9
S3150801170010220021284625F03AF826AE102200219B
S31508011710484625F034F894E80F0007C626F8023B38
S315080117201B0C337000232AAE8DF8A73094E80F00FE
S3150801173007C633801B0C06F8023F01238DF8B73024
S31508011740062306A901A81E4A0193FFF7E2FCDDF864
S3150801175004B00DF1980A2B46514658462022FEF749
S31508011760BBFF95E80F008AE80F000DF1A80C94E875
S315080117700F00ACE80700ACF800301B0C33700223ED
S315080117805146202258468DF8B7304B46FEF7A4FF3E
S315080117905846FEF757FF95E80F0016AC1AAD84E8D0
S315080117A00F0099E80F0085E80F00424621463846A2
S315080117B0FFF704FF2FB0BDE8F08F00BFC9F003089B
S315080117C00002C00354EF0308F7B5089F15461E46E5
S315080117D0019058B1A0F5E024B4F5803F04D23B4608
S315080117E032462946FEF778FF03B0F0BD062301A865
S315080117F0074A0193FFF78DFC019C3B46204632467A
S315080118002946FEF769FF2046FEF71CFFECE700BFF5
S315080118100002C0032DE9F0430746884614468BB0FB
S31508011820129D994602F1080602AB9C46106851685A
S315080118300832ACE80300B2426346F6D101233068A8
S31508011840CCF80000B188B2793846ACF804108CF8A7
S31508011850062041468DF81730CDF80090102302AACC
S31508011860FFF7B2FF4B460DF1080C09F1100E62465F
S3150801187018685968083303C273459446F7D1224656
S3150801188006AB9C46106851680832ACE80300B242C0
S315080118906346F6D102233068CCF80000B188B279E4
S315080118A03846ACF804108CF8062041468DF82730E6
S315080118B00095202302AAFFF787FF2B460DF1080C96
S315080118C005F1100E624618685968083303C2734554
S315080118D09446F7D1224606AB9C46106851680832F1
S315080118E0ACE80300B2426346F6D1032330681035EB
S315080118F0CCF80000B188B2793846ACF804108CF8F7
S31508011900062041468DF827300095202302AAFFF7C5
S315080119105BFF2B4602AD03F1100C2A46186859687D
S31508011920083303C263451546F7D1224606AB1C4662
S3150801193010685168083203C4B2422346F7D104231A
S315080119401068206091889279A180A2718DF827305C
S31508011950139B414600933846202302AAFFF734FF1A
S315080119600BB0BDE8F0832DE9F041441E10EA0408E6
S3150801197005460E4692B04BD110F0870F48D002AFFC
S3150801198040224146384624F0FAFE384615F060F9F9
S3150801199000283DD0641144EA550404F00304802D5F
S315080119A007EB041037D13346044606F1100C2246DC
S315080119B018685968083303C263451446F7D1184CA9
S315080119C040233A4610212068FCF7DEFE00BB8DF85D
S315080119D000006846FDF7BEF9D0B19DF80010114F19
S315080119E029431148397015F0DBFD3B786A468DF8B5
S315080119F00030112101232068FCF7C6FE40B92846AC
S31508011A0015F073FC31460190084A01A8FFF781FBDE
S31508011A1012B0BDE8F0811022414624F0B0FECEE7AF
S31508011A20B01F00209E180020A82000200002C00335
S31508011A304368DB0744BF0223C36070474368DB077B
S31508011A4044BF0123C36070472DE9F74F9046022230
S31508011A50C6889946036875007F2E1F68044680F874
S31508011A6078204FF0000AAAB2019105F0FE0518D9AF
S31508011A70120A02F00602AA4642F0F00508F04AF8F0
S31508011A80834608F047F87A4BA0EB0B0098420FD92A
S31508011A9020220B230720FA6084F8793003B0BDE8C9
S31508011AA0F08F90F87A20012A08BF45F00105E5E78D
S31508011AB03A6CF96B0A4012F4C06014D06D4807F508
S31508011AC00051C863002320219005F96084F8783015
S31508011AD04BBF0423052331202F204CBF84F87930CE
S31508011AE084F87930DAE794F8781002390B2900F28C
S31508011AF0B480DFE801F0060E2EB2B23840B247577D
S31508011B006CA003223846FFF799FF7D63A4F8782075
S31508011B10B7E7510611D5402107F500527F2ED1634B
S31508011B2005D90422C7F834A084F87820A9E794F8DF
S31508011B307A20012A3CD10C22F6E71206A1D580218A
S31508011B4007F50052D1633846FFF772FF40F20D22BE
S31508011B50DCE75306F1D5402107F50052D16394F825
S31508011B607A20012A24D145F001023846FFF766FF9B
S31508011B707A630822D8E75006DFD5402107F50052D7
S31508011B80D163D8E7226F424506D2511C019B2167D2
S31508011B909A5C7A630B22C7E794F87A20022A3FD126
S31508011BA00722C1E7510605D5402107F50052D16341
S31508011BB00A22B9E712067FF564AF802107F50052BC
S31508011BC0D1633846FFF734FF40F20D329EE793069C
S31508011BD07FF557AF202107F500520C9BD163626F41
S31508011BE09A4214D2511C61677969C805FCD5796A8C
S31508011BF021487B69C9B21840B0F5003F01BF4FF4CF
S31508011C000053786A07F50050C36309F80210626F3A
S31508011C100C9B93427A6808D1D10744BF0822FA601F
S31508011C203846FFF705FF0D227EE7D2077FF529AF74
S31508011C300422FA6025E7D3057FF523AF4FF48072B6
S31508011C4007F50053DA6394F87930022B0BD0032B8E
S31508011C500BD0012384F8793020E74FF40063012083
S31508011C60A4F878301AE72D2018E7062016E700BFF2
S31508011C70DF930400FFFF1F0020000200012303FA7F
S31508011C8001F130235843014B1950704740E0035086
S31508011C904FF0004238B51D4B1D4C5A664AF6CD33F6
S31508011CA0656C236405F00105C0B9012006F016FB31
S31508011CB06368D90701D42DBB38BD0122154B5A607B
S31508011CC0154B226BD207F6D4013BFAD1F3E7013360
S31508011CD0216B080705D59342F9D1ECE700230F4A92
S31508011CE0F6E79342E7D020220A4B9A620122A3F52E
S31508011CF080535A60084B064A916A8906DBD4013B30
S31508011D00FAD1D8E7024B064A1A64D5E70090005083
S31508011D10004009500060095041420F0040420F003F
S31508011D203254FFFF074B1B7833B9074B1B780BB1AE
S31508011D300020ADE70120FCE7012BF9D0022BF9D0F1
S31508011D40704700BF71490020704900200C4B0D4AAD
S31508011D509B6A13F00801936208D001210A4B197096
S31508011D600823D3621022094BDA62DBE7DB06FCD5CE
S31508011D70054B19701023D3620822044BF4E700BF00
S31508011D800040095000600950704900200050095070
S31508011D90012814BF0420022070B5002442431C7098
S31508011DA0CC7D101D02F002024CB91AB1012220F0B5
S31508011DB003001A7000F108034868184470BD1AB187
S31508011DC0012220F003001A7000230C7E01F1200580
S31508011DD0DAB2944201D80020F0E735F833205E1CC8
S31508011DE0824206D901EBC30300F10802D8691044FF
S31508011DF0E4E73346801AEBE77FB590F8426004467C
S31508011E0001920DF10B030A4630461149FFF7C0FF4F
S31508011E10012E0546E36B17D132465B6903A998473C
S31508011E209DF80B10039B019A59B19BB243EA0243F1
S31508011E30012228460393E36B03A99B69984704B0DB
S31508011E4070BD62F30F03F3E701229B6901A9F5E768
S31508011E505010002038B5036805461C68B4F1B64F22
S31508011E6023D0154B9C421FD11D20F7F795FC2369FA
S31508011E70DA0744BF2023E360C023E3606369DB0517
S31508011E8015D4202204F50053DA630C4ADA632B7958
S31508011E907BB995F87A30002B14BF4FF4FC634FF4E5
S31508011EA0F86304F58054236438BD1C20DDE7636AB2
S31508011EB0E4E7034BF5E700BF00800650FFFF1F006C
S31508011EC0E4060100154BDA6A012303FA00F0104211
S31508011ED00DD0EFF31183302282F31188104A506531
S31508011EE0A2F58052906283F31188BFF36F8F0B4B73
S31508011EF0DA6A012303FA01F111420DD0EFF31183D6
S31508011F00302282F31188064A5165A2F58052916200
S31508011F1083F31188BFF36F8F704700BF0000045029
S31508011F200020045010B50D4C0D4829F012F823680D
S31508011F305A0106D44FF080631A20C4F88031F7F7A6
S31508011F401DFC23681B0108D44FF000631B20C4F84D
S31508011F508031BDE81040F7F711BC10BD00E100E083
S31508011F60A8B10308436803B11847704748B190F808
S31508011F70203033B103791B0703D5436A986826F0E5
S31508011F803DBD704730B5274B0446184287B011D07E
S31508011F90254D1422002101A824F0F1FB0321D5F8CF
S31508011FA0B40001AA25F062FE014618B1D5F8B400BD
S31508011FB025F062FE22074FF0000504F0080324D538
S31508011FC0194C1422294601A824F0D9FB0321D4F877
S31508011FD0B40001AA25F04AFEA8B19DF80430072BE2
S31508011FE011D1D4F8B40025F045FE60B194F8293032
S31508011FF02BB104F12C0027F001FE84F829500120A9
S31508012000D4F8D030984707B030BD04F480741C4327
S31508012010F9D0054BD3F8E030002BF4D01A69013218
S315080120201A61F0E7000D01007CAE0020F8B5264DD7
S3150801203004461C220021284624F0A1FB4FF07F33D9
S3150801204094F83400C5F805306B72FEF7D2FD022804
S31508012050064618D004F1650739460EF046FD90B1DB
S31508012060304639460EF0D2FC0646287158B10EF0B4
S31508012070A9FB30B304F17101042E3246134828BF77
S31508012080042224F0A3FB6389A26A03F067036B7435
S31508012090637F2B7394F82330AB7494F82430EB7474
S315080120A094F825302B7594F82130AB7294F82230C8
S315080120B0EB72074B1B689B1A2B6094F83C30AB7686
S315080120C0F8BD04F17001D7E75C9C0020699C0020EB
S315080120D0C4080020F8B50446EFF31187302383F3CB
S315080120E011883A4E96F8C530012B06D008B1036817
S315080120F023B1374DD5F8B03043B90CB1002323606D
S3150801210087F31188BFF36F8F0020F8BDB4B3226837
S31508012110934203D105F5807027F070FD00232168ED
S31508012120236000222B4850F8044F8CB18C4202F1EF
S31508012130010326D1D31C9B002748191DC2F113029E
S3150801214001449200184424F07BFE0023C5F8FC30B4
S3150801215087F31188BFF36F8FD5F8B040631CD3D0CE
S31508012160C4B127F0C5FAD5F8B010091A00290CDD53
S3150801217000231A4A1A4828F0D4FFC5E74FF0FF3161
S31508012180CFE7142BE4D01A46CDE70021084600F024
S3150801219029F8B9E795F8A830022B14D1FDF760FEA6
S315080121A0FCF78CFB60B196F8E60048B10120FDF713
S315080121B085FE22462146D6F8B40025F057FE0120B1
S315080121C0FCF788FBA0E701209FE700BF7CAE002053
S315080121D0286F0020D46F0020CC6F0020E52101086C
S315080121E02870002007B5054B01A8D3F8B030019334
S315080121F0FFF770FF03B05DF804FB00BF286F0020EE
S315080122002DE9FF47534E044696F8C5308946012BFA
S3150801221000F09B804FF0FF339842039306D003A941
S3150801222027F0A0FB039C002CC0F2918027F060FAEE
S31508012230494F631CC7F8AC0003D00444012C38BFCE
S315080122400124EFF3118A302383F31188D7F8FC5060
S31508012250002D62D1414951F8043FEAB20BB1A342BC
S3150801226063D3281DDFF800818000011FC2F1130224
S3150801227092004144404407EB850524F0E1FDC5F889
S31508012280B040D7F8B030013B03330ED827F030FA07
S31508012290D7F8B01008F15C03091A0029019349DD42
S315080122A000232F4A019828F03CFF97F8A830022B03
S315080122B026D0D6F8B40025F0A7FB337813B910F069
S315080122C0060F1DD1FBF7A0FE0020FDF7F7FDD6F896
S315080122D0C010D6F8B40025F081FDFDF723FE0122D2
S315080122E0D6F8B400114625F073FD1E49D6F8B40098
S315080122F025F014FC0022D6F8B400114625F091FB0E
S315080123008AF31188BFF36F8F0220FCF7E3FAB9F15C
S31508012310000F1AD0C9F8004017E08AF31188BFF3F5
S315080123206F8F012004B0BDE8F0870135132D92D1D6
S315080123302A4696E7019827F061FC8AF31188BFF3CC
S315080123406F8F00210846FFF74DFF0020EAE70420BA
S31508012350E8E700BF7CAE0020286F0020D46F00207C
S31508012360E5210108B8B50308CC6F002007B50B4A6B
S31508012370034692F8C5200846012A0DD01A6819465F
S315080123800192FFF73DFF28B901A8FFF7A3FE03B0A5
S315080123905DF804FB0120FAE70020F8E77CAE00208F
S315080123A0E4E738B54B4D6B78013B032B00F291807E
S315080123B0DFE803F0020A8385022347486B704FF46E
S315080123C07A64FFF787FE1FE02B78072B6DD8DFE8C5
S315080123D003F004313E48525C67710021B1F5FA6F8A
S315080123E038BF4FF4FA612B78A1F5FA64082B9CBF24
S315080123F001332B7014F004FA00280CBF01230323C0
S3150801240035486B70FFF766FE344B2A68DA606B78DD
S31508012410002B5ED0324B1B78042B5AD8314BB4F5BE
S315080124207A7F2146186838BF4FF47A71BDE838407B
S3150801243009F030BEFEF74AF81123B0FBF3F303EBBC
S315080124400313C11AC9B24FF47A735943C6E7FEF7A3
S315080124503DF81123B0FBF3F303EB0313C11A103153
S31508012460F0E7FEF733F82123B0FBF3F303EB43134D
S31508012470C11A2031E6E7FEF729F84123B0FBF3F349
S3150801248003EB8313C11A4031DCE7FEF71FF88123FA
S31508012490B0FBF3F303EBC313C11AC9B28031D2E718
S315080124A0FEF714F800F58071CDE70F4B19784FF454
S315080124B0FA33CAE74FF4FA2190E704237DE70123AB
S315080124C04FF4FA6104486B704FF4FA64FFF768FF3A
S315080124D09AE738BDD63F0020DC3F002000000850AF
S315080124E0CD3F0020883F002025B100202DE9F3418A
S315080124F00024DFF80081384DD8F80000CDE9004402
S31508012500FEF740FC2B78022B0AD1214620460FF014
S3150801251085FA03232B7000F06FF802B0BDE8F0814D
S31508012520032B34D12D4E376847B32D4BCDE90044E3
S315080125301B78012B19D16846FBF73CFE3368D8F89E
S315080125400040013B3360B3B1FDF7C0FF4623B0FB42
S31508012550F3F202FB130164224FF47A63C9B211FB49
S315080125600231204609F096FDD7E7022BE6D16846E7
S3150801257019F086FAE2E74FF47A61F2E701232B7044
S3150801258000F03AF83946072008F02CFFC5E7042B76
S31508012590C3D1144BD3F8BC301B78023B012B0BD8A3
S315080125A014F02EF9A8B1104B5B78033B012B94BFAD
S315080125B0032001200EF05CF80C4B684600930023BB
S315080125C00193FBF7F7FD41F288310948FFF7E8FE69
S315080125D0A3E70120EEE700BFCD3F0020D03F002052
S315080125E0CC3F00207CAE0020D63F0020A323010863
S315080125F0DC3F0020883F00202DE9F043414C8DB097
S315080126002378013B032B5BD8DFE803F06E025D6B91
S315080126100024DFF8048101203B490FF0FFF9B8F8DF
S315080126200090CDE90844484615F040F8374F05466D
S3150801263008AE002839D03D78022D2FD1344B40F60B
S31508012640FF72B3F81B304946ADF81C300AABCDE929
S3150801265003434FF480530420CDE90053059407AB97
S315080126600294CDE90A4410F095FF4FF4E0434FF484
S315080126709672CDE90464CDE901320394009540F6DA
S31508012680FF720420B8F8001007AB10F083FF214B46
S315080126904FF4FA61186809F0FDFC11E0324621464B
S315080126A040F6FF7011F05AF9F1E701463246FF206C
S315080126B011F054F93B78022BE9D12846FFF716FFAA
S315080126C00DB0BDE8F083114B0F491B78022B0CBFE7
S315080126D0032002200FF0A2F900200DB0BDE8F04357
S315080126E004E704200849F5E7002108460FF096F9A2
S315080126F0084B1868FEF746FB0120FBF7F1FD00239E
S315080127002370DDE7CD3F00201D270108CC3F0020BF
S3150801271000C00308883F00209018002030B5044601
S31508012720354DA3B02868FEF72DFB012C16D10020E4
S31508012730324CFBF7D5FD23780146042B0AD1052037
S3150801274008F050FE2E492F48FFF72AFE052323706D
S3150801275023B030BD062008F045FEF7E7022C11D15B
S31508012760294B1B78022BF3D10122284B4FF4FA612E
S315080127701A700322214B28681A7023B0BDE830402D
S3150801278009F088BC002CE3D1214A1378012B31D0FA
S31508012790204A117841B120490C781CB1003B18BF79
S315080127A00123DC0000231370002014F0F3F9134B06
S315080127B01A781AB101221A70FFF71EFF082C11D1D7
S315080127C017F0A2F888220021684623F0D8FFC4230F
S315080127D068468DF80030FEF7CEFA0A4823B0BDE800
S315080127E0304077E400210120FBF77AFD084608F01E
S315080127F0F9FDF2E71470ABE7883F0020CD3F0020D2
S3150801280090D00300DC3F0020CC3F0020D63F0020BB
S3150801281030960020843F0020C89500200A2310B571
S3150801282003FB00F406482146FFF7BAFD054B21468E
S31508012830BDE810401B68044A044814F0D7BF00BF1E
S31508012840A8A60020C4380020E9A10208ACA60020E9
S31508012850F0B51E46B04C154694F8E53085B0022B06
S3150801286006F4007727D150024FF0000310D504F182
S3150801287020021146D4F8B4002362636225F0E5FA12
S315080128800320D4F8D0309847D4F8B40025F0C7F916
S31508012890A24B1D4203D028463146FFF773FB002F92
S315080128A000F0378100221146D4F8B40005B0BDE81E
S315080128B0F04022F08FBD2378012B17D013F0FD0FBE
S315080128C050D150024ED594F82930002B00F0B38030
S315080128D00A2003A927F046F80346002842D1904A60
S315080128E0039904F12C0028F01CFC3BE069024FF027
S315080128F0000302F4800240F18C808A4AD4F8B400BD
S3150801290011462362536025F0A0FA94F828304BB992
S31508012910638CFF2B02D1FBF777FB23E040F6FF72AE
S315080129209342F8D094F82030FE2B18BF84F8E8308B
S31508012930D4F8BC309B89002B68D001230A2003A94F
S3150801294084F8293027F00EF8034620B9744A03990A
S31508012950754828F0E6FB41F288317448FFF706FD11
S315080129600028D8D16D4B1D4260D1290201D5FAF74D
S3150801297077FD05F0AA4306F0220213438FD094F897
S315080129800431002B8BD0B20706F0020376D5D4F8B2
S31508012990B40025F093F9D4F80831C01AD4F8E03018
S315080129A013B15A6801325A60D4F80C21237890423F
S315080129B04AD200255E4E022B00950CBF22222A46DA
S315080129C0334694F8E810D4F8B40025F028F800281E
S315080129D03FF465AF16F8F43C022B09D12846FDF7FA
S315080129E06DFA4FF6FF71D4F8B40025F099F8E57041
S315080129F000220121D4F8B40025F044F90023062069
S31508012A0084F80431D4F8D430984748E740F6B83109
S31508012A10A3E705F480131A4302D0FDF7AFFC7AE762
S31508012A2005F480321A439DD0FBF7EEFA2846314663
S31508012A30FFF7A8FA99E7FBF741FF002892D1D4F8E6
S31508012A40B40025F0ECF88DE7022B0AD10020FDF73A
S31508012A5035FA4FF6FF71D4F8B40025F061F8002372
S31508012A60E37000220121D4F8B40025F00BF9002304
S31508012A70072084F80431D4F8D430C5E72278022A2D
S31508012A801DD105F080451D4317D0E378002B0CBFF7
S31508012A9004250625FAF7AEFB0020FDF70FFA4FF6D7
S31508012AA0FF71D4F8B40025F03BF800232846E370FB
S31508012AB084F80431D4F8D430A6E70625ECE705F006
S31508012AC080752B43D4F8D4601FD0D4F8E03013B105
S31508012AD01A6801321A6094F8E800FAF778FB60B1CF
S31508012AE094F8C6300C22013B18BF012302FB0343AD
S31508012AF0D3F890200132C3F89020FAF77BFB002324
S31508012B00022084F80431B047C9E6062084F8045146
S31508012B10F9E705B0F0BD00BF7CAE0020088D0100C5
S31508012B204DD200089CAE0020A8AE0020E8AE0020D9
S31508012B3070AF002003292DE9F84307460E4625D82C
S31508012B40354C94F8C430834203D194F8C8308B428B
S31508012B5054D0324B93F8A880FAF7DCFC05460028D6
S31508012B6057D1EFF31189302383F31188FBF74CFA18
S31508012B703146384684F8C47084F8C860FBF7FEFE0F
S31508012B800F2806D989F31188BFF36F8F0420BDE892
S31508012B90F8830C22224B02FB0030224B07C883E83C
S31508012BA00700FBF78BFE30B194F8E6301BB1FAF754
S31508012BB039FB27F0B7FCFDF797FCB8F1010F24D0D4
S31508012BC0B8F1020F1CD0B8F1000518BF0125FBF7B3
S31508012BD075FE20B11449D4F8B40024F09FFF2DB135
S31508012BE00022D4F8B400114624F01BFF89F311889A
S31508012BF0BFF36F8F8020D4F8D83098470020C6E7F6
S31508012C000020FDF75BF90125E1E74046FDF756F996
S31508012C10DDE70120BBE700BF7CAE0020286F00205E
S31508012C20BCB5030834AF0020B8B50308F8B53E4C67
S31508012C300C2394F8C610012914BF0126002603FBAC
S31508012C40064393F998200CBF012500254A32B8BFDF
S31508012C506420D3E92472A8BF3220002F60D06423F0
S31508012C605343B3FBF7F39042DBB20AD3322B0AD8AC
S31508012C70D4E92A03012B4FF004018CBF2B4A2C4AB5
S31508012C801DE0092B2CD90C2202FB0542D2F8900033
S31508012C9040B16427D2F894207A43B2FBF0F2D2B25B
S31508012CA0934237D9012914BF0121022194F8C4009E
S31508012CB0FFF740FF38B164220421D4F8A800BDE823
S31508012CC0F84027F001BAD4F8AC300133C4E92B3007
S31508012CD094F8C630012B14BF0123022384F8C630A9
S31508012CE0002E14BF0C22002200239032A118A350F3
S31508012CF0C1E90133D4F8B020132AB9D99D4214BFCA
S31508012D000C221A469032A118C4E92B33A350C1E903
S31508012D100133ADE7D4F8B0300133C4F8B030DFE79A
S31508012D209042DDD3A4E700BF7CAE002000BADB00E9
S31508012D3080EE36000A4908B5024681F8E600FBF737
S31508012D40BDFD60B12AB1FAF76DFABDE8084027F072
S31508012D50E9BB01F14C00BDE8084026F04FBF08BDAC
S31508012D607CAE002070B50B4D04462B7803F0FD00B0
S31508012D70012801D1FFF7DEFF074B2A781B78134399
S31508012D8006D12146BDE870401A468320FDF756BF95
S31508012D9070BD00BFC89B0020C790002008B5C36856
S31508012DA000209847024B1868BDE8084027F07FBF06
S31508012DB0201000202DE9F0432F493048ADF5197D43
S31508012DC003F0CEFDDFF8B480044690B904AD0146A0
S31508012DD05022284623F0D3FC294B14220093294676
S31508012DE023464046019404F0F5FB064628B9FAF74E
S31508012DF09BFA0DF5197DBDE8F083A14603AF3B4665
S31508012E0055F824101D4802AACDF80890C7F8009075
S31508012E1003F08CFB3B68B3F5007F14D855F82410F2
S31508012E2018AA164803F0F6FA55F824103B68B1F5C6
S31508012E30A02F28BFA1F58031124818AA28BF45F846
S31508012E40241004F09FFC0134A4B2B442D6D398F8F6
S31508012E503430002BCBD00221084803F0BFF80021FB
S31508012E60064802F0BCFF0021044803F079FCD8F8B3
S31508012E703C00FFF793FFBAE720C00308286F00203C
S31508012E80FFFF0500801000202DE9F04F87B0009361
S31508012E90364B05461B788B461746002B60D007280C
S31508012EA060D8002A5ED0009B002B5BD0109BB3F53F
S31508012EB0006F57D82E4A030102EB0018019398F8C0
S31508012EC00C30002B50D000242A4E4FEA401906EB4D
S31508012ED0401A0AF5A073102221461846CDE9034483
S31508012EE0059423F04CFC4FF444724280DBF8003021
S31508012EF006F5A0760293009BCAF84871CAF84431D0
S31508012F00109B56F809201C49013BC3F30A031140DB
S31508012F1041EA0311164A194B46F80910290153507B
S31508012F20119BE9B2C8E90134154B06EB090703EB16
S31508012F308503DA6B134B1868FAF720FA3B4602AA9F
S31508012F402946114805F084FC0F48294605F0BCFCC2
S31508012F50012320460D4AAB40536507B0BDE8F08F03
S31508012F601120FAE72120F8E72520F6E7E287002075
S31508012F70E0850020286F00200F80FFF38D9D000853
S31508012F8000C003084C3F0020000004500010045004
S31508012F90F8B504461648069E007838B3072C25DC92
S31508012FA0144D270105EB041090F80CC0BCF1000F75
S31508012FB01CD0EB5100234660836013460E480A462F
S31508012FC0214605F045FC01230C4AA34053650C4BE9
S31508012FD0E1B203EB8403DA6B0A4B1868FAF7CEF908
S31508012FE02146BDE8F840044805F06EBCF8BD00BFAF
S31508012FF0E2870020E08500200000045000100450FC
S3150801300000C003084C3F00202DE9F04104460E4656
S3150801301043681BB1636DC3F30B03FAE7204605F05A
S3150801302091F9042304F5005204F580510B611361EB
S315080130300B6113610B6113610B611361202341F26B
S31508013040020023610023E360A36060614FF4A020BE
S31508013050A36160629C48E3612362A362E3626363DE
S315080130602365D0642363F089737B62690343308ADD
S3150801307022F44C52034322F00F0213436361A26800
S31508013080337B307E22F0804222F0E202034313436F
S3150801309072691343A360B5681DB9A36843F0004379
S315080130A0A360F369002B62D09A7A187A5204A7684A
S315080130B042EA8052854838400243988800F4C04065
S315080130C00243587842EA8002587B42EAC002987B5A
S315080130D042EA0012987842EA8022A260E768D3E9B8
S315080130E0042002437A4838400243987942EA80220A
S315080130F0D87942EA4022E2601A7802F0FD000128F6
S3150801310008BFE068A2F1020204BF40F00400E060D3
S31508013110012A704A7CD8944276D06F4A944275D077
S3150801312002F58042944214BF4FF0FF3202226B48E7
S3150801313052011044022242605A7A8A621AB1E2683E
S3150801314042F40062E260DA7A5AB1E26842F4004275
S31508013150E260604A94426ED11A7B614802F00F021E
S315080131604266626ADB7B22F0030213436362012330
S315080131704B60002D3BD0706860B9564B9C426CD0B1
S31508013180554B9C426BD003F580439C4208BF58209F
S3150801319004F042FEA36813F0010F63686CD0B0FB1C
S315080131A0F5F013F0010800F1FF355ED0636D13F0F9
S315080131B0280FFBD1A36C980753D1A36CD90752D416
S315080131C0A36C13F0020F14BF06270027204605F04B
S315080131D0B9F8236923F07F4343EA05632361B8F10C
S315080131E0000F04D0002F42D1204605F0ABF8317804
S315080131F02046002964D105F0A5F8A36CDB4313F436
S31508013200405FFAD1BDE8F081002290E701228EE7FE
S3150801321094420CD0304A94420BD002F58042944233
S3150801322014BF4FF0FF3202222E48520181E70022D5
S31508013230FAE70122F8E7284A944205D11A7B284879
S3150801324002F00F0202678CE7274A944201BF1A7BF4
S31508013250234802F00F02C26783E7562098E75720F2
S3150801326096E70527B2E70927B0E74746B1E73946A2
S31508013270204605F081F8BAE7A36803F0E003402B7E
S315080132801AD013D8002B0CBF102308236B43400117
S31508013290B0FBF3F0154B203803EAC003626DD20781
S315080132A0FCD42363636DDB07FCD4A0E7602B05D050
S315080132B0802B9CD10123E9E70623E7E70423E5E709
S315080132C005F05AF899E700BFFF3F0D03E39BBDFFE1
S315080132D0FFF9F0870000015B00000A50C0D40350D3
S315080132E000900350C0E4035000400A50F8FF7F00E5
S315080132F038B5044604F082FCA04228D025F032FEF7
S31508013300012C054602D1214604F05EFFEFF3108039
S3150801331072B64FF000710E4A0E4B51664FF4806239
S31508013320611E8A401A675A6E910103D4D3F8842024
S31508013330920609D527F0BBFC022C08D12846BDE820
S315080133403840002104F040BFD3F88420EBE738BDAC
S31508013350006000500040005008B558B925F002FE3B
S31508013360064B1B7843B1064B984205D80120BDE8A8
S315080133700840BDE70348F3E70220F8E7C88A0020BA
S31508013380005A620200B4C4042DE9F0411F46144BE9
S3150801339005461B788BB1134C50EA0106DFF85480B9
S315080133A0A2600CD1104826F029FC104801F001FE54
S315080133B0C4E90166266088F80060BDE8F08112B9A3
S315080133C04FF0FF33A3600948C4E9005101F0E8FD55
S315080133D02846074927F0A8F988F80070EDE700BFE5
S315080133E0503C0020DC8600209490002079AE002015
S315080133F0F18B0008E8860020F8B50446451807351C
S3150801340049420D40A5F10806304602F06BFAA0883C
S31508013410331B618800EBE30080B2A1EBE30125F8D9
S31508013420040C25F8061CA188DA10D1B1A4EBC10158
S315080134304F88C880D0194880E188C9B18A1A92B2E2
S3150801344004EBC10125F8022C8A80A2889AB9114990
S315080134508A681344CA688B60934200D9CB603046A8
S31508013460F8BD15F8081C41F0020105F8081CE3E748
S3150801347025F8021CE9E7A4EBC2042278D207EED5A7
S31508013480044A91680B44D16893608B4288BFD36024
S31508013490E5E700BFE487002000232DE9F0478946C8
S315080134A00B60002800F099804D4F7B68984280F0A8
S315080134B09480073020F00705EFF3118A302383F350
S315080134C011887E69002E69D033787288DB074FEA46
S315080134D0C20205D5F388002B60D006EBC306F3E7D5
S315080134E09542F7D816F0070355D02B439A42F1D3E4
S315080134F072883969C3EBC2020139272A396159D958
S315080135009D4205F1080850D008213046FFF774FF9F
S315080135100446A044404602F0E5F9628805F10F0128
S31508013520A2EBD102A8F80220E288CB08A8F8043059
S31508013530002A3CD0D31A9BB204EBC202A8F8063083
S315080135409380B8F80430ED080022E38031464046FE
S315080135506580FCF7C7F9BB68FA6808339342BB6014
S3150801356088BFFB60237843F0010323703B6901336D
S315080135703B616288BB68083403EBC203FA68BB6027
S31508013580934288BFFB60C9F800408AF31188BFF3EC
S315080135906F8F002007E00DB12B46A9E78AF3118842
S315080135A0BFF36F8F1920BDE8F0873446B1E7A8F855
S315080135B00620C6E79D420ED008213046FFF71CFFBC
S315080135C004462378012243F001033146204623703D
S315080135D0FCF788F9CDE73446F3E72120E3E700BF96
S315080135E0E4870020002370B51646136081B178B1CF
S315080135F001FB00F511462846FFF74EFF044628B998
S31508013600306818B12A46214623F0B9F8204670BD1C
S315080136102124FBE72DE9F84F044692461E468846C3
S31508013620002900F09380EFF31187302383F3118883
S315080136300278FF2A43D00D68454BD3F81013691C4D
S3150801364066D100214078D3F824C400F0FC0E431853
S3150801365003F0030373442CFA03F919F0010F29D176
S315080136601D46072D4FF0030955DC4FEA850B09FA6C
S315080136700BF94946374802FA0BF204F0B1FA494602
S315080136806278354802F0030202FA0BF204F0A8FA4E
S3150801369001233248324903FA05F29A4503FA05F33A
S315080136A0C0F8102414BFC0F81424C1F81424C1F8B2
S315080136B0203402E001310429C9D1C8F80050D8F8EC
S315080136C00020531C14D12378FF2B3BD1204B617862
S315080136D0D3F82404002301F0FC05CA1802F00302FA
S315080136E02A4420FA02FC1CF0010F28D1C8F8002050
S315080136F01C4B1D4943F8321003EBC2035E60237865
S31508013700FF2B1FBF01239340144AC2F8243419E042
S31508013710002DA6DAD1E7A5F1080B4FEA8B0B09FABA
S315080137200BF94946114802FA0BF204F059FA627884
S31508013730494602F003020E4802FA0BF2A6E70133E4
S31508013740042BCAD187F31188BFF36F8FBDE8F88FB1
S3150801375000C0035000C4035008C4035000D00350EE
S3150801376000E00350B80B00209999010804C40350DE
S315080137700CC40350000000002DE9F04F9DB00E4621
S315080137804FF000084FF00009159200220490189294
S3150801379017910D460A7801312B2A1DD00BD80D2A0F
S315080137A006D8082AF4D87AB100239A460B9383E0FF
S315080137B0202AEDD0F8E72D2A10D10122691C0B9297
S315080137C017916A78002A37D1159B1796002B40F076
S315080137D0968542464B462AE00022EFE700210B91E7
S315080137E0302A40F09B806A7802F0DF02582A5AD1C3
S315080137F0029317A90B9B824A019318AB049800936D
S3150801380019AB18F005FD10F00F06044605D0062E73
S3150801381014D10135002317950B93159B002B40F006
S3150801382070850B9B002BD4D0424609F1004343EC2B
S31508013830102B1DB0BDE8F08F0D46D1E7189A3AB1A5
S3150801384035211AA823F0A3F91899049818F02CFF22
S31508013850013E042E06D8DFE806F014031E211400E3
S31508013860DDE91A89E00548BF49F0004929F0004316
S315080138701B0D1B05002BD0D118F0A0FC22230360D9
S31508013880CBE7DDE91A83199A23F4801302F233424E
S3150801389043EA0259E6E7DFF87091E3E76FF000497A
S315080138A04FF0FF38DEE7013517952B78302BFAD024
S315080138B0002BB2D04FF0010A00272B460A21BB463E
S315080138C00E97184613F8014BA4F13002092A28D994
S315080138D001224C4922F05BFF002833D02246002002
S315080138E05C46CDE90600652A01D0452A14D124B9DA
S315080138F05AEA00033FF468AF0024179E731C179316
S3150801390072782B2A72D02D2A76D04FF0000CA2F1AC
S315080139103003092B7ED9179600239DE04FF0000A44
S31508013920CAE7BBF1080F17930BF1010BD5BF0E9A26
S3150801393001FB074201FB0242A2F13007DCBF303A24
S315080139400E92BEE7179B5A1C17925A78BBF1000FC5
S3150801395034D05C460690A2F13003092B12D9012313
S315080139600793C0E7179B01305A1C17925A78302AD9
S31508013970F8D0A2F13103082B00F2C8840690002082
S31508013980179D0446303A00F1010311D006992044E7
S315080139901944234606910A21834203F101040FD1F2
S315080139A0082B18DC0E990A2303FB01230E93002327
S315080139B0179A1846511C17915278CCE75846D6E7FC
S315080139C0082B04DC0E9C4C430E940133E4E7102CBF
S315080139D0D8BF4F43F9E70F2BDCBF0A2303FB0727A1
S315080139E0E5E700210123CDE9061381E74FF0000C35
S315080139F0B31C1793B2788AE74FF0010CF8E700BFBA
S31508013A00F0F0030814EC03080000F07F179B5A1C1A
S31508013A1017925A78302AF9D0A2F13103082B3FF6CA
S31508013A207BAF179BA2F1300E0593013317931A78D2
S31508013A30A2F1300109293CD905995B1A082B44F6EC
S31508013A401F633CDC9E457146A8BF19460591BCF12A
S31508013A50000F02D0059B5B420593002C50D15AEA10
S31508013A6000007FF4DAAE079B002B7FF4ADAE692A1E
S31508013A7029D026DC492A26D04E2A7FF4A5AEA149AB
S31508013A8017A822F028FF00283FF49EAE179B1B7843
S31508013A90282B2FD11AAA9C4917A822F030FF0528EE
S31508013AA028D11B9BDDF8688043F0FF4949F4E009FA
S31508013AB0B3E60A2101FB0E22A2F1300EB5E7059302
S31508013AC0C5E76E2AD9E7914917A822F004FF00280D
S31508013AD03FF47AAE179B17A88D49013B179322F03D
S31508013AE0FAFE10B9179B01331793DFF834924FF09A
S31508013AF0000892E6874800F01BFC59EC108B8CE60F
S31508013B00DDE90532BBF1000F08BFA346102CA3EB74
S31508013B1002030E98A246A8BF4FF0100A0A9321F095
S31508013B2083FF092C8046894613DC0A9B002B3FF448
S31508013B3074AE0A9B73DD162B5ADC7749424601EBB4
S31508013B40C3014B46D1E9000121F0E8FF80468946C9
S31508013B5063E6714B03EBCA0353E9122321F0DEFF37
S31508013B6080468946384621F05FFF02460B464046A5
S31508013B70494621F01DFE0F2C80468946D5DDA4EB6A
S31508013B800A0A0A9B9A44BAF1000F40F397802AF071
S31508013B900F061AF00F0A51D1B6F59A7F5EDC00239B
S31508013BA0361140464946DFF874A11F46012E79D1E0
S31508013BB00BB1804689465949A9F15479424601EB28
S31508013BC0C7014B46D1E9000121F0A8FF544B0A462B
S31508013BD080460B4053498B4240D8A1F580118B4250
S31508013BE086BFDFF844914FF0FF3802F1547932E08D
S31508013BF0C4F125030A9A9342C1DBC4F10F04464D69
S31508013C0042464B4605EBC401D1E9000121F086FF86
S31508013C100A9B1C1B05EBC405D5E9002394E716335B
S31508013C20ADDB40464946DDE905239A1A3A4B03EBD3
S31508013C30C203D3E9002322F09BF887E736494246B7
S31508013C404B4601EBCA01D1E9000121F067FF804625
S31508013C508946002EA0D1002307939FE000240594EE
S31508013C600E9406942223049ADFF8B4904FF00008C4
S31508013C7013600E9B002B3FF4D0AD1899049818F0E9
S31508013C8013FD0699049818F00FFDDDE9040118F0F3
S31508013C900BFD0E99049818F007FD2146049818F0B3
S31508013CA003FDBAE5F20704D5DAE9002321F036FF68
S31508013CB00123013776100AF1080A77E7CBD0CAF152
S31508013CC0000A4FEA2A161AF00F0A0DD11F2E2DDD0A
S31508013CD0002405940E9406942223049A4FF00008B2
S31508013CE04FF000091360C4E70B4B4046494603EB06
S31508013CF0CA03D3E9002322F03BF880468946002E01
S31508013D00A9D0E3E792E30308DCF00308A9E1030875
S31508013D10ACE103081AE4030868F2030840F2030851
S31508013D200000F07F0000A07CFFFFEF7F16F0100374
S31508013D3040464946764F18BF6A2307930023F20780
S31508013D4004D5D7E9002321F0E9FE0123761007F10E
S31508013D500807F4D10BB180468946079BB3B1C9F36D
S31508013D600A524946C2F16B03002B0FDD1F2B57DDA3
S31508013D70342B4FF00008DBBF4FF0FF33C2F14B0283
S31508013D804FF05C799340D8BF03EA0109002200236A
S31508013D904046494622F02AF9002899D10E9B5A46EF
S31508013DA0294604980093234618F0E8FC0E9000284B
S31508013DB03FF454AF0024DDE9052305949B1A0A9ABA
S31508013DC0002AA8BF0023129322EAE27314930E9BDA
S31508013DD00498596818F02AFC069000283FF442AF67
S31508013DE00E9B0C301A6903F10C010232920022F083
S31508013DF0EDFC1AAA19A9049849EC108BCDE90C898E
S31508013E0018F09EFF189000283FF42CAF0121049862
S31508013E1018F0FEFC0346059048B90023059321E7EF
S31508013E204FF0FF3202FA03F303EA0808AEE7199DD9
S31508013E301A9A002DA9BF129B149BEF18149EB8BF9E
S31508013E405E1B079BB8BF129FED1A324B1544C2F190
S31508013E503602013D9D424EDA5B1B01211F2BA2EB67
S31508013E6003023CDC01FA03FA4FF0000BBD18079B6D
S31508013E701644AF421E443B46A8BF2B46B342A8BFD1
S31508013E803346002BC2BFED1AF61AFF1A129B002BF6
S31508013E9016DD1A46DDE9040118F07AFD05900028B9
S31508013EA0BBD00146189A049818F0C8FC0F90002850
S31508013EB03FF4D8AE1899049818F0F6FB0F9B18939F
S31508013EC0002D1BDC0A9B002B26DD149A0699049803
S31508013ED018F05EFD0690F8B900230693C2E6C5F10F
S31508013EE07F4505F57F0505F57B45E23501FA05FBB5
S31508013EF04FF0010ABAE74FF0000BF9E72A4618997D
S31508013F00049818F0A1FD18900028DBD1AAE600BF95
S31508013F1008F1030802FCFFFF002E07DD3246069969
S31508013F20049818F091FD06900028D5D0002F08DDD9
S31508013F303A46DDE9040118F087FD059000283FF4AB
S31508013F4091AE069A1899049818F0EAFD04460028D5
S31508013F503FF488AEC36805990F930023C36022F026
S31508013F60C9FD00283CDA0F9B53EA08035ED1C9F361
S31508013F7013034D46002B59D129F000431B0D1B0590
S31508013F80B3F1D66F52D9636913B92369012B4DDD94
S31508013F9021460122049818F057FD0599044622F096
S31508013FA0A9FD002842DDAE4B079A2B40002A5FD0B7
S31508013FB0B3F1D66F5CD8B3F15C7F7FF68DAEA94BB2
S31508013FC040464946002221F0A9FDA54B804689466F
S31508013FD00B40002B7FF451AE2223049A13604CE662
S31508013FE04D4662D10F9AC9F3130342B39E4A9342CF
S31508013FF028D1079B4146EBB1994B4FF0FF322B4035
S31508014000B3F1D46F19D81B0DC3F16B0302FA03F38D
S31508014010994217D1954B9D4202D101313FF422AE07
S315080140208F4B4FF000082B4003F58019079B002B97
S31508014030C5D122E64FF0FF33EAE71346E8E753EA2C
S315080140400803B0D0BBF1000F1BD01BEA050FEDD05A
S315080140500F9B4046079A4946B3B122F010FBDDE9AA
S315080140600C0153EC102B21F0A3FB80468946DDE7B2
S31508014070A3F580134FF0FF386FEA13596FEA095910
S31508014080D4E71AEA080FE2E722F0F9FADDE90C01AA
S3150801409053EC102B21F08AFB002200238046894627
S315080140A021F0A4FF0028C1D016E60599204622F082
S315080140B03CFD00224FF0804357EC106B30463946E1
S315080140C021F0A8FF002870D00F9B002B7BD1B8F1F7
S315080140D0000F56D1C9F31303002B58D10022644BA4
S315080140E03046394621F08CFF002859D10022614B10
S315080140F03046394621F012FD82468B460BF10043C4
S31508014100CDF820A00993564B554A2B402A401393C4
S31508014110594B9A42DDE9086740F0B280A5F1547916
S315080141204F4D49EC108B18F097FDDDE9082351EC4A
S31508014130100B21F0F3FC42464B4621F039FB4F4A5E
S315080141400D408046954245D90D9A484B9A4203D16E
S315080141500C9B01333FF486ADDFF810914FF0FF3821
S315080141601899049818F0A0FA0699049818F09CFA78
S31508014170DDE9040118F098FA2146049818F094FA32
S3150801418025E6B8F1010F02D1002D3FF4A5AD4FF098
S31508014190000ADFF8DCB09FED2A7B8DED087BB2E7DC
S315080141A04FF0000ADFF8CCB0A8E7324B00223046C0
S315080141B0394621F0B3FC0F9B82468B46002B9DD0D6
S315080141C0CDE908AB9FE79FED207B5BEC17AB8DED47
S315080141D0087B98E701F15479079B002BC0D129F098
S315080141E00043139A1B0D1B059A42B9D150465946ED
S315080141F021F0B6FF21F064FC02460B4650465946AB
S3150801420021F0D4FAC9F313030F9A064643EA0803C1
S315080142100F4613436DD00EA3D3E9002321F0F0FE18
S3150801422000287FF42AAD304639460BA3D3E900238B
S3150801423021F004FF002893D01FE500BFAFF30080EB
S31508014240000000000000F0BF000000000000F03F81
S315080142509535A094FFFFDF3F35E5AF350000E03F18
S315080142600000F07F00005039FFFF0F00FFFFEF7FCE
S315080142700000F03F0000E03F0000E07FFFFF9F7C69
S31508014280079B13B3139BB3F1D46F1ED850465946F7
S3150801429023A3D3E9002321F0BDFE90B15946504628
S315080142A021F0D6FE012838BF012021F0BDFB0F9B66
S315080142B082468B46D3B901F1004310901193DDE98B
S315080142C0106707F1D663139A9F1A9DED0C0B18F028
S315080142D0C3FC3046394653EC102B21F01FFCDDE9AF
S315080142E00C2321F065FA8046894675E7CDE910ABBE
S315080142F0E5E70DA3D3E9002321F082FE9AE700231F
S315080143000B93179B159A1360FFF78BBA652A3FF42F
S3150801431068AB452A3FF465AB01230793FFF79FBBBB
S315080143200000C0FFFFFFDF419535A094FFFFCF3F97
S315080143309FED010B704700BF000000000000F87FE9
S315080143400348044B834202D0034B03B11847704715
S31508014350F8B40020F8B4002000000000064B074915
S31508014360C91A891048BF0131491003D0044B0BB152
S3150801437001481847704700BFF8B40020F8B4002078
S315080143800000000010B5064C237843B9FFF7D8FFA3
S31508014390044B13B10448AFF300800123237010BD09
S315080143A07CAC002000000000142E040808B5054B5B
S315080143B01BB105490548AFF30080BDE80840FFF782
S315080143C0CDBF00BF00000000A0850020142E040800
S315080143D0A3F5803A704700BF174B002B08BF134B54
S315080143E09D46FFF7F5FF00218B460F461348144AF1
S315080143F0121A22F0C4F90E4B002B00D098470D4B28
S31508014400002B00D098470020002104000D000D481C
S31508014410002802D00C48AFF3008017F0D5FE200023
S315080144202900F8F769F817F02BFC00BF000008000F
S315080144300000000000000000080400200804002015
S31508014440C0AC002000000000000000008A4270B5E0
S31508014450044600F0DC80714B22F4FF7020F0010065
S31508014460984210D06E4822F0FF0383420BD022F403
S315080144707F7525F00305A0F57060854203D000F528
S31508014480A060834226D1654B21F4FF7020F001001C
S31508014490984210D0624821F0FF0383420BD021F4E1
S315080144A07F7525F00305A0F57060854203D000F5F8
S315080144B0A06083420ED111F0FF000AD0594B40F09B
S315080144C00070984233D182EA0100FF288CBF002090
S315080144D0012070BD01F0FE43B3F1A06F12D102F0C5
S315080144E0FE43B3F1A06F40F0828082EA010333F400
S315080144F07E137CD108047AD5C1F30540C2F305427F
S315080145009042E3E7B3F1407F71D102F0FE43B3F184
S31508014510407F6CD182EA010333F47E1367D14248A6
S315080145200840B0F1607F04D1B4F5885F0CD0002053
S31508014530CFE7B0F1707FFAD104F4E040B0F5005F3F
S31508014540F5D114F4E060C4D0374D12F47C1605EAAF
S31508014550020516D0B5F1607FC2F3054035D1D4B254
S3150801456044F0007404F17E44033C102C01D82F4B0F
S315080145701B5D11F47C1F2FD1834214BF002001203B
S31508014580A7E7B5F1607F0AD1D0B240F0007000F11B
S315080145907E40033810283CD8254C205CDFE7B5F16E
S315080145A0707F16D104F4E040B0F5005F33D10120E5
S315080145B0C4F30225A84004F4E045B5F5005FD8D157
S315080145C00123C4F30224A340D3E7B5F1707FD0D108
S315080145D0F1E730463346CCE71EB9C1F305449C42A0
S315080145E015D00B0403D5C1F3054181426EE721F4C9
S315080145F07F03B3F1106F9AD102F0FE43B3F1106F46
S3150801460095D10C48104040F010608842B5E701206A
S315080146105FE73046A3E73046CDE700BF0002000654
S3150801462000130006FF0000020000C07F88B10308DE
S3150801463088B103080000FFF6037E022B06D1C36981
S315080146405A1C03D00133C361002070476FF09600EE
S31508014650704738B5064C074D236805F599609847A4
S3150801466095F8AC57636804489847284638BD00BF93
S3150801467020AE002008040020D00800206FF01B009F
S31508014680704770477047FEE701F086BA03681878E5
S31508014690704710B502681378022B22D01379547922
S315080146A0EFF31180302181F311884B4303F1A043C5
S315080146B003F570335B6CE34003F0010380F3118863
S315080146C0BFF36F8F9179012912D1508843EA4003CC
S315080146D04FF6E07063F03F039BB2834202D111703B
S315080146E0538010BD4FF6DF718B42F9D10021F6E7F1
S315080146F00029F6D183F001031370F2E710B50368B8
S315080147001A78022A1FD09A79022A1AD159790F29B9
S3150801471017D8EFF31184302282F3118801220A484F
S315080147208A40C0F82024C0F82424084A02EBC102B2
S315080147300021C2F8B017C2F8B41784F31188BFF381
S315080147406F8F02221A7010BD00E003500804002082
S3150801475070B5044601260C4D04B970BD94FAA4F04F
S31508014760B0FA80F006FA00F224EA0204C200AA5856
S315080147700F2805EBC001C8BF1038002AECD04968DC
S31508014780C0B29047E8E700BFB80B0020074BD3F843
S315080147902404D3F8202403F50053104000F05530C3
S315080147A020F05020C3F82004D2E700BF00C0035010
S315080147B0074BD3F82404D3F8202403F500531040FB
S315080147C000F0AA3020F0A020C3F82004C0E700BFFB
S315080147D000C003500122437801789A403023594397
S315080147E0014B5A50704700BF40F0035010B503788B
S315080147F04178EFF31184302282F31188534303F190
S31508014800A04303F570331B6C84F31188BFF36F8FD4
S31508014810827823FA01F000F00100002A08BF80F02F
S31508014820010010BD416C436910B5DA1CA1F11404ED
S31508014830B2FBF4F203EBC2000330B0FBF4F0B1F5BE
S31508014840805F00F1010002D1012828BF0120013053
S3150801485010BD38B505460C46FFF7E4FF6B6CA3F1AE
S315080148601402B3F5805F02FB00F005D140F6E87348
S315080148706969994288BFCC30E31DB3FBF2F3013372
S3150801488004EBC304204438BD38B5054644692146BE
S31508014890FFF7DFFF6A6CE31D143AB3FBF2F3AA696B
S315080148A00133144404EBC304204438BDF7B5074665
S315080148B00E4600257C6CA819644280EA06031C4052
S315080148C003D02C46204603B0F0BDFB6B01225B6981
S315080148D001A99847019B0133F4D10435EAE7D01EB3
S315080148E0009B42424241187E824211D11A688A428D
S315080148F00ED85A688A420BD35A6901325A61D3E9EA
S31508014900030282423FBF986840F8221001321A61B9
S315080149100120704700234FF0FF3230B544689C42AE
S3150801492002D10023037230BD016801EBC30541F8CA
S3150801493033206A600133F2E7002370B545689D426A
S3150801494010D0046854F8332004EBC306B2F1FF3FD4
S3150801495009D0C2F31302914205D14FF0FF3244F850
S315080149603320726070BD0133E9E710B5032A029C52
S3150801497007D1A26A5340626C5242134201D1FFF732
S31508014980DBFF012010BD0023F0B545689D4202D129
S315080149904FF0FF300EE00468DE0054F83340671C20
S315080149A009D0C4F31307B94205D1240D147003685D
S315080149B033445868F0BD0133E8E773B5164600F18C
S315080149C008040D46204609680DF10702FFF7DBFFCB
S315080149D0032E05D16B68834202D12046FFF7ACFF4F
S315080149E0012002B070BD00BF2DE9F043466886B3C9
S315080149F0056898464FF0000CA946AE4655F83C4066
S31508014A000CF1010CC4F31307013401D0B94217D0D4
S31508014A10B4450EF1080EF1D12F46002403E0B44245
S31508014A2007F1080712D055F8343001340133F6D1AD
S31508014A30C1F3130141EA0851C7E90012BDE8F08341
S31508014A4041EA0851CEE90012BDE8F083B8F1030F37
S31508014A5003D101230372BDE8F083002303E0B342C7
S31508014A6009F10809F5D055F833400133C4F3075461
S31508014A70032CF4D1C1F3130343EA0853C9E90032FD
S31508014A80BDE8F08308B508301346D1E90012FFF7EF
S31508014A90ABFF012008BD00BF2DE9F041064640687D
S31508014AA082B0B8B10F4690460024336853F83450A3
S31508014AB003EBC403C5F30752C5F31301013506D049
S31508014AC05B683046CDF80080B84718B17068013484
S31508014AD08442EAD302B0BDE8F0814FF48032064B36
S31508014AE000209A6641F6713203F51C33DA63012216
S31508014AF003F50053DA60704700900050704737B5E8
S31508014B00054601F10C04436901A90122204698478B
S31508014B10BDF804300122009369462046AB699847DF
S31508014B2003B030BD202A0B681EBF4FF0FF319140FC
S31508014B308B43590801F055315B1A03F033319B0851
S31508014B4003F033330B44017803EB13130A444FF094
S31508014B50013103F00F334B43A2EB13620270704726
S31508014B6037B5044600251B22011D0DF107008DF8F6
S31508014B700750FFF7D7FF63689DF80720B2EBD36F9D
S31508014B8003D123F0784003B030BD1B2204F108019C
S31508014B908DF80750FFF7C6FFA0689DF80730B3EBFD
S31508014BA0D06F0ABFC0434FF0FF3020F07840EAE7E4
S31508014BB04BF29A22036810B5B2EB134F044613D190
S31508014BC09BB2012B15D1FFF7CBFF013011D04FF660
S31508014BD0FF72E068B2EB104F4FEA10430BD180B277
S31508014BE0C01A18BF012010BD01330CBF03200420D1
S31508014BF0F9E70420F7E70220F5E7F0B505460026B0
S31508014C0087B0EC69013CB44203D80C46204607B08C
S31508014C10F0BD01B14C1E6F6C2868EB6B05225B6910
S31508014C2001A907FB0400984701A8FFF7C1FF01285E
S31508014C30ECD921460136E4E770B50025044686B06D
S31508014C400562E369AB4202D8206A06B070BD666C9C
S31508014C502068E36B05225B6906FB050001A99847F5
S31508014C6001A8FFF7A5FF012898BF236A05F10105E9
S31508014C709CBF01332362E4E72DE9F04100254FF09B
S31508014C80FF384FF6FF73044647462E4686B0C0E9FD
S31508014C900853E369B3420DD8A5EB0805012D06D9DA
S31508014CA04FF6FF7300256362E369AB4223D806B06A
S31508014CB0BDE8F081E26B2368606CD2F814C000FB92
S31508014CC00630052201A9E04701A8FFF771FF01286F
S31508014CD00FD801A8FFF744FF874288BF666280455F
S31508014CE028BF8046854238BF05460746236A0133F1
S31508014CF023620136CDE7666C2068E36B06FB050087
S31508014D0005225B6901A998470135CDE7F0B5044647
S31508014D100D46466CE36B006887B005225B6901A9FD
S31508014D2006FB0500984701A8FFF742FF012804D8AA
S31508014D3001A8FFF715FF07B0F0BD29462046FFF782
S31508014D405CFF0646676C2068E36B05225B6901A96F
S31508014D5007FB0600984701A8FFF702FF431CEAD0A4
S31508014D60B54238BF0130E6E72DE9F04306469946D4
S31508014D7089B0036908460F469046984704460028B5
S31508014D8067D1D9F804305B0A012B22464FEA53034F
S31508014D9004F10104F8D899F8035099F802302D0363
S31508014DA0DB0203F4006305F480551D43B9F80030AE
S31508014DB04FF00009C3F30A0352032B4492B29D181C
S31508014DC0294B0DF107001B2228F0784402A9039309
S31508014DD002948DF80790FFF7A5FE9DF807306FEA54
S31508014DE0054544EAC36404946FEA08041B2224F0C7
S31508014DF0784402A902948DF80790FFF793FE9DF86F
S31508014E0007306FEA154544EAC3644FF0FF330122C0
S31508014E100594069307A9B369079507F11000984702
S31508014E2001220446B36905A907F10800984701223A
S31508014E30484518BF0446B36904A9381D9847012295
S31508014E40484518BF0446B369384603A9984728B1A7
S31508014E50044639463046FFF752FE01E0002CF8D1E8
S31508014E60204609B0BDE8F08301009AB238B5044678
S31508014E70456C006804F1400305FB0101E06BFFF78F
S31508014E8073FF05462046FFF7D7FE284638BD054875
S31508014E9090F8B03823B1044B00F6B4005B681847A4
S31508014EA0704700BF0804002020AE002000F01F0351
S31508014EB0A0F50620A0F55060212811D801229A40B4
S31508014EC0094B400903EB8003D3F818191143C3F8BA
S31508014ED01819D3F8201921EA0201C3F820197047D5
S31508014EE04FF0FF30704700BF0804002000F01F0292
S31508014EF0A0F50620A0F55060212810B515D8012186
S31508014F000B4B400903EB80049140D4F820290A434E
S31508014F10C4F82029D3F81C19D3F81829521803D133
S31508014F20C3F82029C3F8242910BD4FF0FF30FBE749
S31508014F300804002038B5202204460D460C3000210D
S31508014F4021F01DFC4FF0FF33C4E90035A36038BDDD
S31508014F5010B5044644EA010313F00303084609D1D0
S31508014F60934201D1002010BD54F8231040F82310B4
S31508014F700133F5E72146920021F028FCF2E7D0E952
S31508014F800232910053F822201078012807D80B44E1
S31508014F905B681978032928BF0321F5F79FBA70477B
S31508014FA0034659789B7800780BB9FCF767BE25F05C
S31508014FB07BB9034659789B7800780BB925F074B903
S31508014FC0FCF75CBE9F4B2DE9F04103EB8003D3F858
S31508014FD0284923681D6823792E6C002B40F094809C
S31508014FE0EA6B164071063CD5402105F50052D1639E
S31508014FF094F87820042A13D0082A00F0A080032AFE
S3150801500015D1E2887E2A09D884F8793094F87A305D
S31508015010012B0CD00B2384F8783008E00423FAE737
S3150801502094F87A30012B12D00B23A4F8783094F82F
S315080150307910012940F0F380D4F88030002B00F074
S31508015040FF802046D4F88810BDE8F0411847284665
S31508015050FCF7F4FC94F87B3043F001036B630823F7
S31508015060D9E732070DD5082205F50053DA63284634
S315080150701A64FCF7E3FC94F87B3043F001036B6395
S31508015080D5E716F080071AD0802205F50053DA63B2
S3150801509094F87830082B03D006D8033B012B05D8A2
S315080150A00A2384F8793001E00B2B06D00E23284613
S315080150B084F87830FCF7BCFCB9E70323F1E7F3057C
S315080150C00FD5614A05F50053DA631A64617B207BC3
S315080150D0FCF7F8FEAF6094F87930002BA7D10123CD
S315080150E02DE016F4C06FA2D0574A05F50053DA63CE
S315080150F01A64617B207BFCF7E5FE2023B205EB6091
S3150801510040F1888004231AE0EB6B1E4077072BD504
S315080151106B684E4AD80744BF0423EB6005F5005374
S31508015120DA6305F580555C322A6494F87820052AF5
S3150801513008D0092A7FF47BAF04221A64002384F875
S31508015140793074E7E3887E2B0AD8002384F879300E
S3150801515094F87A30012B7FF46AAF0423AB6066E7D3
S3150801516020232B64062356E7B10639D5202205F5F7
S315080151700053DA631A6494F8781006291CD1E38877
S3150801518094F87C205B00DBB293426B680ED1DA0798
S3150801519044BF0423EB6094F87A30012B04D104232D
S315080151A005F58055AB60C9E7092334E7DB0744BF3A
S315080151B00823EB600A23C2E72969CF0748BFEA60DB
S315080151C0C022EA606A69D60508D42022DA636B68C8
S315080151D0D8077FF52CAF0823EB6028E76A6AF1E761
S315080151E016F0800704D0802305F500552B641EE7C9
S315080151F0F10305D5144A05F500531A64DA6365E720
S3150801520016F4C06F3FF413AF0F4A05F500531A643D
S31508015210DA636EE773057FF50AAF05238FE779B180
S3150801522094F878300E2B0BD10F2384F87830D4F804
S3150801523084302BB12046D4F88820BDE8F0411847C0
S31508015240BDE8F08108040020FFFF1F0024000100CB
S315080152500020B7E60120B5E673B5054690F8426029
S315080152601C4630460DF10303FCF792FDEB6B012E4C
S315080152705B690DD1324601A998479DF8033013B1F0
S31508015280BDF806300193BDF80430236002B070BD45
S315080152900122214602B0BDE87040184708B538B169
S315080152A025F060FD002814BF6FF01D00002008BD21
S315080152B06FF01B00FBE708B538B125F005FE00289D
S315080152C014BF6FF01D00002008BD6FF01B00FBE73F
S315080152D010B1006E25F0EDBE70474FF000639B6A72
S315080152E003F17842B2F5C04F03D21968064A9142D2
S315080152F003D00023037083607047012202709A6805
S315080153009B694260F7E700BF07B0CD5E1FB54FF056
S3150801531000639B6A03F17842B2F5C04F1BD21C6B3E
S3150801532004F17843B3F5C04F15D2002301A80293BF
S31508015330FFF7D3FF039BDB030DD5029B1A0E0AD099
S31508015340012A03D1C3F307430A2B04D9236C04B0FA
S31508015350BDE81040184740F2011004B010BD70B501
S31508015360234D044695F83069012E03D0012385F8AB
S31508015370303970BD0028FCD0FFF7C8FF01300BD0CB
S31508015380FFF7C4FF40F20113984205D0194B1A4A98
S315080153905E66D368DE07FCD42268184B1A66626813
S315080153A05A66A268C3F87021E2681A6422695A64C7
S315080153B0E269D00744BF00229A60114B9A6801320C
S315080153C007D195F8312922B90E494968C90748BF55
S315080153D09A6062690C4B5A66A2699A661BF098FF35
S315080153E0D5F8343983F31188BFF36F8F0023BEE7ED
S315080153F0080400200090004000000440008000449A
S3150801540020AE002000C0055000800050EFF3058350
S315080154100F2B84BF034A9B5C4FF0E023D3F80C3D66
S31508015420704700BFF0E300E0002307B50193054B81
S31508015430DB6825F005FA019B002BFCD003B05DF86B
S3150801544004FB00BF20AE0020EFF3148010F0010F1B
S3150801545014BF002001207047EFF3148040F00100CB
S3150801546080F31488704770B5144D154E95F8B03809
S3150801547003F0FF04E3B923F02BF8012802DD25F038
S3150801548082FA044695F8B0385BB9D5F808390D485B
S3150801549043F00103C5F8083933699847012385F8AC
S315080154A0B03823F015F8012802DD204625F098FAD0
S315080154B033680448BDE87040184700BF0804002057
S315080154C020AE0020BC0C00204FF098435B6C13B54E
S315080154D0D9021CD522F0FCFF0238012817D8174B30
S315080154E0D3F8284A9CB125F039FA0346F8B10023C6
S315080154F0204601A9019322F07FFE012807D1019BCD
S315080155002BB14FF0E0234FF08052C3F8042D4FF032
S3150801551098435A6CD202FCD55B6D094A03F4702391
S3150801552053610822074BC3F8882102B010BD024611
S315080155300146204623F0EEF9E9E700BF08040020FA
S3150801554020AE002000E100E02DE9F3473C4DD5F8F7
S315080155502C4A002C71D0237903F02803282B6CD10F
S3150801556094F82030002B68D0364B5E68C6F30806DF
S31508015570002E62D1636A6946D86825F0EDFC0128D8
S315080155805BD1636A218B986823F066FB0128044680
S3150801559053D140F2E7374FF4C87C38463146D5F83F
S315080155A0308A4FF47A720023E8FB0C0120F0C0FD23
S315080155B0DDF800A09DF8049082453AD340F2DC5C00
S315080155C0384631464FF47A720023E8FB0C0120F085
S315080155D0AFFD82452FD33846314641F288344FF420
S315080155E07A720023E8FB040120F0A2FD824534BF4C
S315080155F00220032005EBC90989F8380A95F8381AF3
S31508015600042905D00020F4F769FF042385F8383A00
S3150801561095F8401A042905D00120F4F75FFF042301
S3150801562085F8403AD5F82C0A02B0BDE8F047FCF7F0
S315080156309DBC3046DEE72046DCE702B0BDE8F087D0
S315080156400804002000ED00E0054608B5AB694FF0F7
S31508015650FF31586823F0E6F90128F7D1EB68002BEA
S31508015660F4D02E69002EF1D03446246804B9EC68CA
S3150801567094F8203063B1636A0021586823F0D2F99F
S31508015680012805D1A3682C61002BDFD09847DDE7F7
S31508015690A642EAD1DAE710B50A46044620B119B19D
S315080156A0044B00215B6998472046BDE8104023F06A
S315080156B0B1BE00BF88B1030870B50F4C0F4D04F693
S315080156C044302B68984794F8A96B6B6804F6443004
S315080156D098472B6804F599609847022E09D194F8E2
S315080156E0A84BE31F5C425C416B6805489847204616
S315080156F070BD0024F8E700BF0804002020AE002092
S31508015700D008002041F2052398421AD8B0F5905FD7
S3150801571009D241F2010398420CD0B0F5885F09D04D
S315080157206FF0850070472923A0F5905080B2C340D9
S31508015730DB07F5D511F0070F14BF6FF086000020BF
S315080157407047B0F5105FEBD121F04003802B06D0EE
S31508015750B1F5807F14BF6FF08600002070470020E6
S31508015760704770B5046A05460E463CB90120F4F740
S315080157705CFB286228B120466E6270BD6FF08A0014
S31508015780FBE76FF08C00F8E738B50446006A10B1FC
S31508015790616AFFF780FF237E012B0FD0023B012BA5
S315080157A00FD8E369012B14BF6FF09605002528224F
S315080157B00021204620F0E3FF284638BDE369002B87
S315080157C0F1E76FF09605F2E7F8B506460F46FEF7DC
S315080157D040FFA0B300241B4B22461D46197EE1B1AA
S315080157E03CB9022905D1D96919B91979002918BF0E
S315080157F01C460132102A03F12803EFD114B96FF0C0
S315080158008C0008E02046FEF717FF2046FFF7BCFF8D
S3150801581020B16FF0960000240FE01C46237E002B72
S31508015820F7D1012323763EB1651BED1003F1CC3385
S315080158305D4305F18045356000203C60F8BD6FF099
S315080158408800E8E734090020034660B1017E8A1E14
S31508015850012A0AD80329C26902D1012A00D193E78C
S315080158601AB1013ADA61002070476FF09600704765
S3150801587000F0FE43B3F1A06F2AD1174B20F4FF7253
S3150801588022F001029A4210D0144A20F0FF039342F3
S315080158900BD020F47F7121F00301A2F570629142C9
S315080158A003D002F5A06293420BD110F0FF0011D08C
S315080158B00B4B40F0007098420CBF6FF08600002039
S315080158C0704710F4004F14BF6FF086000020704730
S315080158D06FF08600704700BF00020006001300063D
S315080158E0FF00000200230360436070472DE9F3417E
S315080158F0DFF8608004460779D8F8003014480D4669
S31508015900984728B16FF08F06304602B0BDE8F0819E
S3150801591007B901A82946FFF757FFD8F80430064604
S315080159200B48984710B1002EEED1EBE7002EEBD1CC
S315080159300FCCD5F800C065460FC594E8030085E885
S315080159400300002FE0D1019BCCF81430DCE700BF3F
S31508015950BC0F002020AE002010B544680288240A36
S31508015960438806D0012C56D000236FF086000B60C1
S3150801597022E002F4E040B0F5805F02D0B0F5005FA6
S3150801598005D10733DB0840D16FF0850014E002F436
S315080159904F40B0F5844F03D10733DB0853B9F3E71A
S315080159A047F20100824208D15B080133DB0803EBA9
S315080159B0C3033B3300200B6010BD44F20100824251
S315080159C002D1DB081033F5E747F20200824204D11F
S315080159D0DB0803EB43035A33ECE744F20200824245
S315080159E004D1DB0803EB43034A33E3E722F0FF0262
S315080159F0B2F5E24FD0D0B2F5824FC5D10733DB08F5
S31508015A005B000133012BD5D1BEE722F0FF02B2F5C7
S31508015A10824FF7D0CEE702F4E044B4F5805F03F194
S31508015A20070002D0B4F5005F08D1C308002B4AD09D
S31508015A3022F0FF04B4F5824F43D00EE002F44F443E
S31508015A40B4F5844FF1D047F20104A24215D15B089F
S31508015A500133DB0803EBC3033B33033310F0180FA1
S31508015A6023F0030301D1072805D122F0FF02B2F57D
S31508015A70824F08BF04332C339CE744F20104A24247
S31508015A8002D1DB081033E8E747F20204A24204D147
S31508015A90DB0803EB43035A33DFE744F20204A2426D
S31508015AA004D1DB0803EB43034A33D6E722F0FF03AD
S31508015AB0B3F5E24FB9D0B3F5824F04D1C3085B0001
S31508015AC00133012B05D122F0FF04B4F5824F0B688F
S31508015AD0C3D1013BC1E738B50B4D04462B680B48CA
S31508015AE0984718B16FF08F04204638BD2046FFF756
S31508015AF0ABFE6B680446054898470028F4D0002C8D
S31508015B00F0D06FF09604EFE720AE0020BC0F00201E
S31508015B10BFF34F8F0549064BCA6802F4E062134387
S31508015B20CB60BFF34F8F00BFFDE700BF00ED00E07C
S31508015B300400FA05034630B100201A5C02B9704721
S31508015B4001308142F9D1704770B50D4E451E0139B4
S31508015B5015F8014F2346325D02F00302012A11F8B6
S31508015B60012F08BF04F12003B05C00F003000128EF
S31508015B7008BF2032981A01D1002CE9D170BD00BFA7
S31508015B8031F103080248034BC01A8010F9F76ABCC1
S31508015B90E06200088061000808B5284B83F30A888B
S31508015BA04FF48041264B274A9A60D3F8882042F45D
S31508015BB07002C3F88820244A91664FF0FF31234AC0
S31508015BC01166234951660221C3F8D010BFF34F8FDE
S31508015BD0BFF36F8F01214FF44034A3F54063C3F837
S31508015BE080110020D460F3F7C9FD1A4B1C61FFF739
S31508015BF0C9FF194B19498B4212D30020184B194971
S31508015C008B4218D3FEF7E8FB186850F8224058680B
S31508015C1040F82240013298688242F5D30C33EAE70C
S31508015C200022F8E71C6844F8220001325C68A242A7
S31508015C30F8D30833E4E70022F8E700BF080000209C
S31508015C4000ED00E0006000080090005000A000444C
S31508015C507FFF7F01008000441C2E0408282E0408BB
S31508015C60282E0408282E040838B5174B0546D3F8FC
S31508015C7020010C4600F0070006281FD8DFE800F0CF
S31508015C80040A0E2112161A00012305B1286004B16F
S31508015C90236038BD0D4B98690523F6E70B4BD86988
S31508015CA00323F2E723F090F90723EEE7074B9869F8
S31508015CB00623EAE7054BD8690423E6E700231846D5
S31508015CC0E3E702230248E0E70080005020AE002007
S31508015CD0002D310108B528B14178007824F0E4FA9D
S31508015CE0002008BD2220FCE708B528B141780078D4
S31508015CF0FBF7C4FF002008BD2220FCE70368F0B5C6
S31508015D00CC1A436C0646B4FBF3F4002587B0F36955
S31508015D1037685A1E9542706C06D3736C306803FB5C
S31508015D200400143007B0F0BD0134B4FBF3F203FBF1
S31508015D301244F36B05225B6901A900FB04709847BD
S31508015D4001A8FEF735FF0128E7D90135DFE72DE977
S31508015D50F041D0E90A369E42044686B028D114227B
S31508015D60C369456802FB1355284606B0BDE8F081AC
S31508015D702068676C331AB3FBF7F3E26B07FB030082
S31508015D80D2F8148001A90522C04701A8FEF710FF21
S31508015D90012804D0636C1D44013B3340ED1A31469A
S31508015DA02046FFF7ABFF0646A36AB342E0D1DBE71D
S31508015DB00025F9E710B423F0030422449B070A449B
S31508015DC0436C18BF04325B4281EA0204234202D0C3
S31508015DD05DF8044B92E710465DF8044B70472DE9D0
S31508015DE0F0434FF6FF79D0F8248004460E46C8459D
S31508015DF014BF45460025002787B0E369BB4202D890
S31508015E0007B0BDE8F083E26B2368606CD2F814C072
S31508015E1000FB0530052201A9E04701A8FEF7C8FEE7
S31508015E20022806D0C8450CD1721C29462046FFF720
S31508015E301DF8E3690135B5FBF3F2013703FB12558A
S31508015E40DBE729462046FEF761FFB0F1FF3F14BFA5
S31508015E50024632460132E8E72DE9F04105460024BB
S31508015E604868EB6B86B00E4601225B69029402A96B
S31508015E7008309847A04695F84230012B40F0A88093
S31508015E80632C00F2A780612C08D805AB224631465F
S31508015E902846FFF7E1F99DF8143053B305AB2246BE
S31508015EA0314628468DF81080FFF7D6F995F8423025
S31508015EB0059F012B7CD14FF6FF739F4253D00822D1
S31508015EC005A904A8FEF72EFE9DF81020C7F307239F
S31508015ED09A4248D1FFB2029B3B44029343E0DDD08C
S31508015EE005AB224631462846FFF7B6F9BDF8143008
S31508015EF0D3E795F84230012B37D1612C2CD82246AD
S31508015F003146284603ABFFF7A7F93146284604ABC5
S31508015F10621CFFF7A1F93146284605ABA21CFFF71B
S31508015F209BF9102208230DEB02010DF107008DF8EC
S31508015F300730FEF7F7FD102205A9FEF7F3FD039BCF
S31508015F40DAB24AB99DF80720B2EB132F04D1DDE97D
S31508015F50043203EB0243029395F84230012B14BF36
S31508015F60012302231C44013485E7302CF4D8224648
S31508015F703146284603ABFFF76FF93146284604AB8D
S31508015F80621CFFF769F9102320220DEB03010DF1BD
S31508015F9007008DF80730FEF7C5FD039B9AB2002A64
S31508015FA0DAD19DF80720B2EB134FD5D1049BD2E77E
S31508015FB07B1CD8D0102205A90DEB0200FEF7B2FD15
S31508015FC09DF81020C7F307439A42CCD1BFB282E7A6
S31508015FD0312C84D9029806B0BDE8F08103460846FB
S31508015FE0EFF3108172B6034ADB6BC2F8181CDB6843
S31508015FF0184700BF08040020036813F07E0F03D179
S31508016000406820F07C40704713F078001CBF03F00D
S315080160107F03D81F70472DE9F04F144605468B4676
S315080160209946C36B89B001225B6905A960689847DF
S31508016030EB6B01225B69584604A99847059B581CD6
S3150801604007D10022A360A2756275002009B0BDE8D8
S31508016050F08F01220021A275227E049804EBC20268
S31508016060C2F81CB011846168C0F3D31C594500F00D
S315080160707F020BD14FF0FF33C4F800C02275A3602D
S31508016080043A022A24D80023A375DEE72168277D6E
S3150801609000F07E06614508BF974203F07E03B3FA16
S315080160A083FC3246B6FA86F60CBF012100214FEA77
S315080160B05C1C7609B44514BF002101F00101A175E4
S315080160C0002A00F0E9800BB90023A3753A46D7E701
S315080160D010F07E0F0FD1EB6B022258465B6906A9B9
S315080160E0984706A8FFF788FF237D032B44D8DFE8E6
S315080160F003F0140E044C04A8F4E7CC22237E04EB27
S31508016100C3031A840123664A13441B7E0AE0237ECD
S3150801611004EBC30318840023F5E7237E04EBC303CA
S3150801612018840123129A1370049B227E13F07E0AA7
S3150801613018BF00264FEAD36704EBC20208BF07F06F
S315080161400306B2F8208082F82260BAF1000F1ED049
S3150801615000231B2204A906A88DF81830FEF7E2FCD5
S3150801616004229DF81830D91B4B424B4163755BBB22
S315080161700023A375002754E0227E013BDBB204EB22
S31508016180C202052B1084CCD8BDE70223BBE7EA6B14
S3150801619006A9576958460222B847202206A90DF1D1
S315080161A00F008DF80FA0FEF7BDFC1A2207A9FEF70E
S315080161B0B9FC9DF80F30079AB3EB926F0CBF012318
S315080161C0002308226375D2E7A77D002FD2D0B8F144
S315080161D0000F09D1E6B10123E375637E002B50D187
S315080161E0012E43D1667615E06B6C0BEB0200594222
S315080161F08BEA000C1CEA010F1CBF0021A175591E70
S3150801620001405B1A9845B3D8A37D002BE2D1B1E7CB
S31508016210E37D33B90027434659462846FFF7CAFDA9
S31508016220A060A07D10B1236943442361237E012B1D
S315080162303FF629AF01332376B9F1000F3FF406AFD4
S3150801624000283FF402AFE37D002B3FF4FFAEFFB910
S31508016250032E1FD0A1684A1C1CD0129B224600930C
S3150801626028460123FFF7D7FEA075EFE695F83430E7
S3150801627063B9EB6A0133CED1032ECCD10123A376C0
S31508016280C8E7012ECDD0032EC4D1F7E71F46C2E7D2
S315080162903846DBE61846D9E6002B3FF417AF13E775
S315080162A088B1030813B50C4600212176009361686D
S315080162B013462246FFF7AFFE18B1E37D03B1A07E70
S315080162C0A075A07D02B010BD2DE9F04F0F469A4684
S315080162D0002389B004464FF0FF31104690468DF8E9
S315080162E00B30FEF727FEB7F5801F20D2394603AAE1
S315080162F004F10800FEF747FB451C014605D1237C3E
S31508016300BBB92D2009B0BDE8F08F4046FEF712FE55
S315080163100122414620460DF10B03FFF7C3FF002872
S31508016320EDD09DF80B308AF800300020EAE7B81C5A
S31508016330E5D1E66A711C2CD12046616AFEF75DFC3F
S315080163400646BB1C18BF0123DFF8C4B00093636A75
S31508016350626C0193236803A902FB0639E36B48467D
S3150801636005225B6909F114099847002549464B1C22
S3150801637005D0636C81EA09025B4213420FD03146AC
S315080163802046FEF73AFC019BB3422FD085BB064651
S31508016390DDE72368F61A636CB6FBF3F6D1E71B480B
S315080163A0FEF7C8FD2046009A18490DF10B03FFF7C1
S315080163B079FF8446B8B1BA1C03D0DBF81C3CBB4252
S315080163C011D145469DF80B30DFF840E08AF80030D8
S315080163D0BEE80F000FC5BEE80F000FC59EE807000F
S315080163E085E807006546DBF8241CC0E7002D88D040
S315080163F0B7F5801F99D239469AF80030D8F80420A3
S3150801640004F10800FEF7F0FA8FE700BF2410002018
S31508016410080400202DE9FF410E4617461C4605468D
S3150801642098B390F8343093B3B1F5801F31D2DFF8C1
S3150801643068800121FFF7D2FD08F648423146284611
S315080164400DF10F03FFF740FF0246D0B99DF80F3053
S31508016450012B11D1D8F8583C9C4214D123460090FF
S3150801646039462846F9F797FA0446E86BFCF796FC8D
S31508016470204604B0BDE8F081022B0CBF60242D2410
S31508016480F3E72D24F1E76324EFE72124F0E711244C
S31508016490EEE72924ECE700BF080400202DE9F043C4
S315080164A085B00E4617461C460546DDF83080A8B36A
S315080164B090F83430A3B3B1F5801F33D2DFF8689072
S315080164C00121FFF78BFD314628460DF10F0309F629
S315080164D04842FFF7F9FEE8B99DF80F30012B14D1B0
S315080164E0D9F8582C04EB08039A4215D32246009092
S315080164F0434639462846F9F74EFA0446E86BFCF74F
S315080165004DFC204605B0BDE8F083022B0CBF602484
S315080165102D24F3E72D24F1E76324EFE72124F0E79F
S315080165201124EEE72924ECE7080400202DE9F341BC
S315080165301E4600230C4617460546336058B390F8A5
S31508016540343053B3B1F5801F29D2DFF858800121C1
S31508016550FFF744FD214628460DF1070308F6484290
S31508016560FFF7B2FE0446A0B99DF80730032B10D0F9
S31508016570022B03BF01233B600423386018BFD8F8F8
S31508016580583C3360E86BFCF709FC204602B0BDE8CD
S31508016590F0812D24F6E72124F7E71124F5E72924CC
S315080165A0F3E700BF080400202DE9F04380460F46B3
S315080165B01E46154689B00AB1002313600EB10023A1
S315080165C033604FF0100900233A4641462448CDF876
S315080165D00090FFF763FF0446002833D13A68214B40
S315080165E09A4233D14FF0180901464A4602A820F0CB
S315080165F0C6F8234641461A48CDF8009002AAFFF785
S315080166004DFF0446F0B9069B7B60DDE90423C7E923
S315080166100223154B3B600DB1C5F80090134C3A683F
S31508016620114B9A421AD16DB166B1334641460C48AF
S3150801663002AAFFF77BFF78B933682A6893420AD31F
S315080166409B1A3360204609B0BDE8F083002DE6D0D9
S31508016650C5F80090E3E702200446F3E7044CF1E7A6
S3150801666080100020D175E105105D175EFEDF00F090
S31508016670FFDF00F073B50D46D11E4A421C461B7E4C
S315080166804A419A4228D129682368994224D36368E2
S31508016690994221D8124E0DF1070306F54E62FFF70E
S315080166A013FEC8B9D6F8E42C6B689A4214D19DF842
S315080166B00730DA1E53425341227E93420CD1636955
S315080166C001336361D4E90323934205D22968A26899
S315080166D042F8231001332361012002B070BD00BFC7
S315080166E0080400202DE9F341044616461F461B4BB4
S315080166F00D46816AA3F60C58E36A8B4201D04B1CFE
S3150801670002D102B0BDE8F0811448FEF713FC01225C
S31508016710204612490DF10703FFF7C4FD38B13B4680
S3150801672020469DF807200D49B0470028E9D0D8F83A
S31508016730141D4A1C05D1D8F8101D2046FFF7DEFAAC
S315080167400146012DD8D1D8F8103D81EA0302636CC0
S315080167505B421A4218BF4FF0FF31CDE714110020F2
S315080167602DE9F0474FF0FF334FF6FF720025044637
S3150801677000F108078AB0C0E90923C3620562056307
S3150801678038460E46FEF7C6F82046FEF755FA0028A3
S3150801679040F0A38020463146FFF721FB2046FEF74D
S315080167A04BFA58BB5E200AB0BDE8F0872368E26B56
S315080167B0606CD2F814C000FB0530052205A9E04734
S315080167C005A8FEF7F5F928FA00F3DB0781460CD58B
S315080167D029462046FEF79AFA0246B9F1010F2946DB
S315080167E0204608BF0132FEF741FB0135E3699D42A8
S315080167F0DCD32046FEF720FA0028CBD02046FEF748
S315080168003BFA4FF6FF72636A934200F0A380E26B8C
S31508016810666C206855696946052206FB0300A84788
S31508016820626A616C23684C4D01FB02331433A3621F
S315080168304FF0FF336FF00101E362204605AB05F522
S315080168404E62FFF741FD00284AD1D5F8E85C294692
S315080168502046E562FEF72AF8206320B92046E16A58
S31508016860FFF74CFAE06229462046FFF747FA054644
S31508016870A36A9D4236D12046FDF7D4FF00268046FD
S315080168803546E3699D423FD3B04558D92046616AEA
S31508016890FEF7B3F90027054604F1400ABE4212D8AD
S315080168A0626C2368694602FB0539E36B05225B695D
S315080168B0484698476846FEF753F9534602464946FD
S315080168C0E06BFEF751FA29462046FEF796F901379D
S315080168D0B8450546E2D1642065E74FF01A0885E711
S315080168E0A56AB4E729462046FDF7E0FF236B29464A
S315080168F00344064623632046FFF700FA0546002EA1
S31508016900B6D1C4E90B06B3E7626C236805A902FB95
S315080169100539E36B05225B694846984705A8FEF7E2
S3150801692047F9012809D8204609F11401FDF7BEFFE8
S31508016930636C143B984208BF01360135A1E7384616
S31508016940FDF7E8FF002320461946044AFFF7CAFE69
S31508016950002028E7672026E708040020854A010861
S315080169602DE9F8430025DFF868820E46D8F8389DE8
S315080169700446C8F8385D18B921252846BDE8F883C4
S3150801698090F8347007B30A6803689A4240F0148194
S315080169904A6843689A4240F00F818A6883689A4236
S315080169A040F00A81CA68C3689A4240F005810A69BB
S315080169B043699A4240F000818A69C36B9A4240F062
S315080169C0FB804B698361D8E768223946856B1FF0DE
S315080169D0D6FE336804F1080023607368A563636013
S315080169E0336963617369A361D6E90223C4E90223A2
S315080169F0FDF790FFB36904F14000E3639B6898478C
S31508016A0020B9676C17B16368B3FBF7F794F843309D
S31508016A10E761002BB0D00023656C2366002D00F0DA
S31508016A20D380002F00F0D0802368B3FBF5F205FB75
S31508016A301233002B40F0C2806668B6FBF5F305FBFE
S31508016A401363002B40F0BA802046FDF71DFF043082
S31508016A508642C0F0B58040F634726369CC3B9342F6
S31508016A6000F2B080B5F5805FC0F0AE800321204604
S31508016A70FFF7B4FAD4E90001E36B1B6898470546AA
S31508016A80E36B0220DB689847C5B949462046FFF7FC
S31508016A9067FE6428054604D149462046FFF760FE8D
S31508016AA005465DB9636C226A143B204602FB03F670
S31508016AB0FDF7EAFE0430864238BF5A25002D0CBF81
S31508016AC00123002384F8343057D1D4E90096D8F845
S31508016AD03C3DD8F8407D0133C8F83C3DF3F7B8F999
S31508016AE01F2E38D94FF0000C19F01F0F06F1FF368B
S31508016AF018BF29F01F0109EB06030CBF49462031CF
S31508016B00DA06324A18BF23F01F035FFA8CF0B8423F
S31508016B1037D3D2F8C00041F0030120F47F4040F496
S31508016B208070C2F8C000EFF31186302080F3118817
S31508016B30D8F8400D43F00303C2F89800C2F89C1038
S31508016B40C2F8A03086F31188BFF36F8FD8F8403D9D
S31508016B500133C8F8403DBFF35F8F05221B4BC3F8CD
S31508016B6094205A6A42F480325A62BFF34F8FBFF3B8
S31508016B706F8FBFF34F8FBFF36F8FE06BFCF70EF983
S31508016B80FBE6C2F89800D2F89C00D2F8A06020F083
S31508016B901F00884226F01F0601D19E42DBD08E4295
S31508016BA001D39842D7D9D2F898000CF1010C20F0FC
S31508016BB0FF00C2F89800A8E75D25DEE65925DCE660
S31508016BC05A25DAE65F25D8E65B25D6E600ED00E02C
S31508016BD00804002001490248C2E600BF40AE002071
S31508016BE08010002070B5524C054694F8303986B0AD
S31508016BF023B1022384F8303906B070BDCDE90133DB
S31508016C000028F9D0012684F83069EFF31183302280
S31508016C1082F31188C4F834391AF072FB94F8443DAA
S31508016C206BB9FFF7D7FF50B90823424904F6485212
S31508016C3004F67840FFF7EEFB08B984F8446D3E4B3D
S31508016C405A6E6A619B6E3D4AAB614FF48043936607
S31508016C503B4B5968E9613B499960196E2960596E40
S31508016C606960D3F87011A960196CE960596C2961DA
S31508016C703549086C1864496C5964012151661B6EC3
S31508016C809E0439D5314AD368DD07FCD4304B9A685E
S31508016C90511C36D04FF4801393402E4A13660422B2
S31508016CA02C4B4FF400011A664FF400721A6608223B
S31508016CB01A664FF480521A664FF00062956A1A6690
S31508016CC0596605F17843B3F5C04F05D203A8FEF717
S31508016CD004FB059B5B0526D4029A1E4B1A66019A8C
S31508016CE05A6694F8442D002A86D0D4F8482D1A6697
S31508016CF0D4F84C2D5A667FE7174AD368D807FCD4CF
S31508016D00C4E794F83139002BC9D14FF400720B4B03
S31508016D105A6603F5A6235B68002BC0D14FF480128F
S31508016D200C4B1A66BBE72B6C01A902A89847D3E757
S31508016D3008040020007108000080005000900050EF
S31508016D400080004455CEAC0000C000540000044049
S31508016D5020AE002000900044000004502DE9F041C7
S31508016D604FF00067BB6A03F17842B2F5C04F2AD2E9
S31508016D701A68174B9A4226D1164D95F8310910F023
S31508016D80FD0423D101264FF4803805F55560FFF738
S31508016D9029FF114B2046C3F88061104BC3F80C80BC
S31508016DA0F2F7ECFC0E4BC3F81080BB6ADB69984717
S31508016DB0044605F55560FEF7D2FA0CB985F831692E
S31508016DC02046BDE8F0814FF48174F9E70024F7E71E
S31508016DD007B0CD5E0804002000E100E000A00044F1
S31508016DE00090004438B54FF00065AB6A044603F1DC
S31508016DF07842B2F5C04F12D21B6B03F17843B3F553
S31508016E00C04F0CD20648FFF7EDFEAB6A20461B6B56
S31508016E105B689847BDE838400148FEF7A0BA38BD17
S31508016E20781100202DE9F04F95B00E460A920A69AD
S31508016E30416C06931439D31DB3FBF1F3013302EB0D
S31508016E40C302036B04469342C0F059820023089398
S31508016E509B4BA3F61C49E36A994819460493FEF726
S31508016E6069F8D6E903370293069B022B13D1CC2F77
S31508016E7040F0BC810A9B43B131462046FEF7ECFF40
S31508016E80656C10900A9B63B902E0029B1B6810931C
S31508016E900823099314E0782F656CF3D80A9B002B15
S31508016EA039D0E36B01225B69706812A99847129B76
S31508016EB013F07E0F14BF04230823782F099330D9C2
S31508016EC0012200230592082200923268C9F82C7C17
S31508016ED0C9F81C2C069A032A3ED0022A059A36D1ED
S31508016EE0C2F10202D2B289F8302C0022CDE90B2276
S31508016EF0DDF810A003920792606C411E0AEA0101AF
S31508016F00421A5FB3009D2B449A422AD8236B1B1A57
S31508016F100B44236343E1F37D002B14BF08230423A9
S31508016F200993049A6B1E1340EB1A3A1D934207D232
S31508016F3057B1082BC4D80022042305920093C4E74D
S31508016F40002304220593BFE704230597F6E7002AE1
S31508016F500CBF07220022C6E7069AC4E7009B9A429D
S31508016F60D4D3009BB846D21A974228BF90465344B9
S31508016F709742019348D90123D9F82C2C89F8333C37
S31508016F80974246D1C9F820AC039399F8333C002BB4
S31508016F9041D099F8342C0399D31C09EBC303013268
S31508016FA0C3F820ACA3F8248C83F8261C89F8342C62
S31508016FB0B8F1000F14D0069B022B2FD10C9B7BB97D
S31508016FC00B9B4344032B0BD9E36B01229B69019865
S31508016FD010A998470546002840F00E8101230C9315
S31508016FE099F8303C3568374A012B02EAC51528F06D
S31508016FF07C4B40F292809A1E012A03D908F10703B5
S3150801700003F07F031D438EE0039B002B18BF032368
S31508017010BAE70223B8E7C9F820ACC9E70A9B002BEF
S3150801702031D1029BB8F1030F03EB080B28D9DDE92F
S315080170300101E36B4FEA98029B69984705460028C8
S3150801704040F0CE8018F0030264D0029B28F00305B5
S315080170502B440293019B1D444FF0FF33029911A85B
S3150801706011931FF0B3FBE36B284601229B6911A913
S3150801707098470546CDF808B0002DB1D0019B74E0BC
S315080170804246019DE8E706F12003DDF804B00D93B9
S31508017090F37D7068C3B10023357E079AD9B28D4254
S315080170A016D90D9903F1010C31F8331091422BD9F8
S315080170B0099906EBC303D8690A44104408E000BFDE
S315080170C02410002080FFFF07079B099A13441844E0
S315080170D0E36B01225B6911A99847119B01220F9362
S315080170E0079B584604330793E36B0FA99B69984797
S315080170F0019B05464344A3EB0B03042B07D9002840
S3150801710071D10BF1040BC3E76346521AC6E7CDF8F2
S3150801711004B0B1E7CDF808B062E7039A43EAC2635F
S315080171202B4343F060454FF000038DF84430059B2F
S31508017130CDE9125B002B48D0202212A911A8FDF730
S31508017140F1FC1A2213A9FDF7EDFC9DF844304BEA30
S3150801715083631393E36B009A9B695046920812A9BD
S315080171609847051E089B18BF5346009A089351462F
S3150801717043462046FEF71EFE236B009AC9F8240CE7
S315080171809B1A08F1030222F003029B1A23639DBB93
S315080171900B9BDDF804A04344A7EB08070B93514664
S315080171A02046FEF7ABFD00238246002F7FF4A4AEEE
S315080171B0544A3168D2F8243C04F10800E362D2F853
S315080171C0202C069BFDF710FC12E01B2212A911A820
S315080171D0FDF7A8FC9DF8443045EAC3651295B9E761
S315080171E0CDF808B04AE7CDF804B047E770252F4631
S315080171F0384615B0BDE8F08F3D2DF8D104F10803E6
S315080172000093049B2768E16A2046A3EB070BD4F891
S3150801721044A0FEF773FDA36ABBFBFAFB8342D4F8CD
S3150801722030C0616C5DD0D9F8242C01F1FF3E02EA29
S315080172300E0EACEB010C0EEB0C02089B22632268C6
S31508017240E0629A1AB2FBF1F8C3453ED10AFB087708
S31508017250049B07F1140BB3EB0B0711D0E36BBA08C8
S3150801726059469B6998478246E26A049B3A44E26218
S31508017270226B0098D21A5A442263FDF74BFB5746F4
S315080172802368616CE06B01FB0831FDF738FC204689
S31508017290FDF7D2FC2046FDF7EFFC626A616C2368B4
S315080172A0204601FB02331433A362FEF750FD206327
S315080172B06FB13269616CD31D1439B3FBF1F3013334
S315080172C002EBC30290429CD291E70027D8E704F16A
S315080172D00800FDF71FFB3B46394620460A4AFFF7D9
S315080172E001FA3269616CD31D1439B3FBF1F3013329
S315080172F002EBC302236B9342BFF4ADAD77E71C27BC
S3150801730076E700BF08040020854A01082DE9F34104
S31508017310032A1746089C06D1237A012B26D0012079
S3150801732002B0BDE8F0812668DFF8988030460DF195
S31508017330070308F54E62FEF7C7FF60600028EBD128
S315080173402568D8F8E43CA96AD5F844C04B40CCF185
S3150801735000021340E0D1227A012A09D1E068D8F85F
S31508017360F02C02447069824202D92374207CD7E743
S315080173702868EB6A1B1A081AB3FBFCF3B0FBFCF08E
S3150801738083420BD1706CF36A421E1340326B121A98
S31508017390134428463363FEF7B1FCE862D8F8F02CAB
S315080173A0E36808321344E36001223B460449206836
S315080173B0FFF738FD60600028AED00020B0E700BFB7
S315080173C0E810002008040020032A2DE9F3410646A7
S315080173D00D4617461C4606D1237A012B24D00120D7
S315080173E002B0BDE8F081DFF8608009680DF1070396
S315080173F008F54E62FEF768FF60600028ECD19DF83B
S315080174000730032BE8D0D8F8E42C6B689A42E3D10D
S31508017410237A2969012BD4F80CC007D172690CEBC0
S315080174200103934202D92074207CD9E708316144CB
S31508017430E1603B46012229463046FFF7F3FC6060CE
S315080174400028C9D00020CBE7080400202DE9F04127
S31508017450036B9046826B92B09A4288BF8363426CF3
S31508017460436A07680E4602FB0377C36B03A9052225
S315080174705B6904463846984703A8FDF799FB012836
S315080174800146307070D0656CE26B2368606AD2F889
S3150801749014C005FB0030052208A9E04708A8FDF736
S315080174A087FB01284FF000053CD0D4E90A320121B7
S315080174B09342CDE90D458DF83C8010958DF8441021
S315080174C043D119462046FEF719FC236B626C143327
S315080174D09B1AE06223630E9B1BBB9DF8443003B3E2
S315080174E0636A626C2568D4F83C8002FB03550C3547
S315080174F00122D8F8143001A9284698474FF6FF7299
S31508017500019B99B291420CD16FF30F0343F42543C2
S3150801751043F0A503029301222846D8F8183002A998
S3150801752098470E9DE36B05225B6903A93846984780
S3150801753003A8FDF73DFB30702846236BA26B9A42E0
S3150801754088BFA36312B0BDE8F081237C33B91D4916
S315080175500DAA04F10800FDF79FFABCE720461A4A6E
S315080175600DABFFF7BFF8B6E7237C23BB22461749C5
S3150801757004F10800FDF790FA616A2046FDF7C6FB9B
S31508017580616A421C2046FDF771FC054620B9236B4A
S31508017590626C1344143B23632046A16AFEF7AEFBD3
S315080175A02368A062C01A636CB0FBF3F060622046E0
S315080175B0FEF7CDFBB6E700232046054AFFF792F80A
S315080175C0DAE700BF0D730108C97301086B490108A1
S315080175D0BB4901082DE9F0410F461646984604466F
S315080175E088B060B390F83450FDB10121FEF7F6FC7E
S315080175F000210E9BCDE90511CDE902379DF83C30F6
S31508017600CDF804808DF81C30237C04968BB90D497E
S3150801761001AA04F10800FDF73FFADDE90553E06B1D
S31508017620002E08BF1D46FBF7B9FB284608B0BDE882
S31508017630F0812046044A01ABFFF754F8EDE7054609
S31508017640F3E700BFDF480108756601082DE9FF4722
S315080176501E4643690446B342884617469DF830904C
S31508017660C0F0878000258DF80F5020466169FDF727
S31508017670F0F8D4F830A082450BD2236AB5EB430F54
S3150801768007D2002220460DF10F01FFF7DFFE002881
S315080176906DD09DF80F30012B05D1002220460DF142
S315080176A00F01FFF7D3FEB9F1030F06D03146204685
S315080176B0FDF7CFF8256B85425DD3304D4FF0FF318D
S315080176C005F54E60FDF736FC4B460022204605F5CA
S315080176D04E61C5F8EC7CC5F8E08CC5F8F06CFFF78F
S315080176E0A1FB236E0746002B3DD020466169FDF7B5
S315080176F0B0F8626E236B024493422CBF002201222A
S31508017700984228BF0023257C38BF1B1A002684F817
S315080177105020636584F85850D5B1DFF86480334644
S315080177203246314620460196CDF80080FFF752FFD2
S3150801773001230546CDE900833246334631462046C4
S31508017740FFF748FFE36805449D4294BF3546ED1AA5
S3150801775094F85030E56513B994F858301BB1236E87
S3150801776004F150009847384604B0BDE8F087013562
S315080177707BE76227F7E71C27F5E700BF0804002027
S31508017780FFFF0F002DE9FF410F4690461E460546AD
S31508017790A8B390F83430A3B3B1F5801F33D21B4C8C
S315080177A00221FEF71BFC04F64842394628460DF12C
S315080177B00F03FEF789FD024678B10123424600937D
S315080177C0394633462846FFF741FF0446E86BFBF77F
S315080177D0E5FA204604B0BDE8F0819DF80F30012B8B
S315080177E0EBD1D4F8581C8E42E7D100934146334673
S315080177F02846F8F7D0F804460028DED1E6E7212422
S31508017800E7E71124E5E72924E3E700BF0804002098
S3150801781007B5204890F8303903B9FEE700236A46D0
S31508017820CDE900331C49082300F67840FEF7F2FD3E
S31508017830E8B91A4AD2F84031D2F840211F2B4FF045
S3150801784001030FD9203A9340019A1A43019208235A
S315080178506A4611491248FFF795FF124B124A1A60F8
S31508017860FEF756F99340009A1A430092EFE72D283E
S31508017870F3D10A4AD2F84031D2F840211F2B4FF0F2
S31508017880010385BF203A93409340019398BF009323
S31508017890DDE700BF080400200071080000800044ED
S315080178A080100020000000200B020FF02DE9F043A4
S315080178B089B00E4605460392002800F0E08090F84C
S315080178C03430002B00F0DD80B1F5801F80F0DB80BD
S315080178D00221FEF783FB31462846714A0DF116034C
S315080178E0FEF7F2FC044620B99DF81680B8F1030F9D
S315080178F00FD1022331460093CC2303AA2846FFF76A
S31508017900A5FE0446E86BFBF749FA204609B0BDE82F
S31508017910F083B8F1020F40F0B08028466049FEF7BF
S315080179209BFA039F8742EDD095F842300697012BC3
S31508017930A7EB000740F0A980FF2F01D8984601E080
S315080179404FF0030864263AE0224607AB2846544915
S31508017950FDF782FC95F84230079A012B3CD14FF688
S31508017960FF718A4228D1264664225FFA84F9921B5E
S31508017970424519D3B8F1010F46D10022012B0797C9
S315080179808DF8172035D1082207A90DF11700FDF743
S31508017990C9F89DF8172047EA022231462846FAF720
S315080179A02BFA04460028ADD002233E490093D1F8AC
S315080179B0481CCC2306AAA1E7D2B25AB10134012345
S315080179C06422A242C0D8012B14BF322264225FFA74
S315080179D086F9CCE70334F2E7511C04D12646322254
S315080179E05FFA84F9C3E792B20AB1013456E0023468
S315080179F054E0102207A90DF11700FDF793F89DF839
S31508017A00172047EA0242C8E7069C012B079423D1AF
S31508017A100823202207A90DF117008DF81730FDF765
S31508017A2081F89DF81720120231462846FAF7E4F93B
S31508017A3095F8423009F10101012BC9B219D1002883
S31508017A40B2D12846A2B2FAF7D7F90028ACD109F182
S31508017A500201220CC9B2A1E71023202207A90DF1C0
S31508017A6017008DF81730FDF75DF89DF817201204F9
S31508017A70DAE7002898D1224690E7612442E72124D3
S31508017A8043E7112441E729243FE7B7F5803F01D2AF
S31508017A904FF00108012B4FF0320690D0322290E7C1
S31508017AA0501000200804002030B50C46054685B064
S31508017AB028B390F8343023B3B1F5801F23D20221BD
S31508017AC0FEF78CFA0DF10F03214628460F4AFEF7F9
S31508017AD0FBFB034688B99DF80F20032A0DD0032224
S31508017AE02146009202462846FFF7B0FD0446E86B98
S31508017AF0FBF754F9204605B030BD2D24F7E72124BC
S31508017B00F8E71124F6E72924F4E700BF501000200E
S31508017B102DE9F04FA3B04022002112A81EF02FFE36
S31508017B204022002102A81EF02AFE4FF00008224C2E
S31508017B30224FA2461034BC42254628BF3D46013D88
S31508017B4053461022CDE900581D4812A9FFF742FDF8
S31508017B504FF0000906460DF1480BB14514D1012332
S31508017B601022CDE900531648534602A9FFF732FD04
S31508017B70002605460DF10809AE4215D1114B9C4266
S31508017B80D7D10122104B07E05BF8040BFDF78EF9FC
S31508017B90013006D100220C4B83F8902D23B0BDE8A5
S31508017BA0F08F09F10109D8E759F8040BFDF79EF999
S31508017BB00130F3D00136DFE7006D0800216D0800BA
S31508017BC080100020306D080008040020034B5A6815
S31508017BD012B19A6A002AFAD1704700BF00400650CE
S31508017BE030B40446EFF3108072B6256885EA0203BD
S31508017BF00B406B40236030BC23F059B8044BD3F8D3
S31508017C008420D206FBD4D3F88400C0F381107047D0
S31508017C1000400050430905D0012B0CD0022B084B1C
S31508017C2018BF002300F01F0039B103F58053012264
S31508017C3082401A607047034BF4E703F50053F6E7F1
S31508017C40688000506480005038B5164CFF28A26A37
S31508017C5026D8A36D144D13F4803F18BF4FF4803115
S31508017C60124B18BF99624FF080719962A36995F911
S31508017C703C506FF31723054443EA002385F30805AF
S31508017C8043EA0543A3610A48FFF7AAFFA36DDB038D
S31508017C9004D54FF480310648FFF7A2FF002038BD0E
S31508017CA02120FCE70040005A20AE00200050005A6F
S31508017CB02840005A38B50F4C0F48A26AA36D13F431
S31508017CC0803F18BF4FF480310C4B18BF99624FF0B3
S31508017CD080719962A569FFF783FFA36DC5F307252F
S31508017CE0DB0304D54FF480310348FFF779FF2846B3
S31508017CF038BD00BF0040005A2840005A0050005ABB
S31508017D00014B83F83C00704720AE0020014B93F9E4
S31508017D103C00704720AE00204FF4803310481149CB
S31508017D20826A8B62836D03F00303032BFAD14FF04A
S31508017D3080730D488B620A4B996D30EA0101FBD1BC
S31508017D40012008490865996D8907FCD4044B996D8A
S31508017D508807FCD5996D8907FCD5044904483FE78E
S31508017D600040005A0050005A0300010000000101BA
S31508017D702840005A38B5164B0546D3F828310C4623
S31508017D8003F00703013B052B04D8DFE803F00A16C5
S31508017D901E120E1A0023184605B1286004B1236085
S31508017DA038BD0C4B98690523F6E70A4B98690623F3
S31508017DB0F2E721F009F90723EEE7064BD869032311
S31508017DC0EAE7044BD8690423E6E702230248E3E716
S31508017DD00080005020AE0020002D31010D4BD3F854
S31508017DE0403103F00303022B0AD0032B0CD0012BDD
S31508017DF00ED00123002200B1026001B10B60704769
S31508017E0009234FF40042F6E70B234FF47A72F2E79F
S31508017E100A23F6E7008000501FB50023B0F5807FDE
S31508017E20019300F041816AD8002800F001812038C9
S31508017E30602877D8602875D8DFE810F0FA000801BD
S31508017E40FA0008011701170117011701170108019F
S31508017E5024017F00B30047017F00080108010801DA
S31508017E607400740074007400740074007400B30024
S31508017E70080108010801A0016601080174007400DF
S31508017E807400740074007400740074007400740043
S31508017E907400740072011701FA00FA00FA0057011A
S31508017EA07F007F007601E1009600F100F100740081
S31508017EB07400740074007400740074007400740013
S31508017EC07400740074007400740074007400740003
S31508017ED074007400740074007400740074007400F3
S31508017EE074007400740074007400740074007400E3
S31508017EF0740074007400740074007400F600B0F520
S31508017F00F06F00F03B8151D8B0F5607F00F0A58095
S31508017F101ED8B0F5007F00F08E8007D8B0F5C07F77
S31508017F2000F08680019805B05DF804FBB0F5207F66
S31508017F3000F08C80B0F5407FF4D121F031F8964BF2
S31508017F401B6FC3F380230133B0FBF3F040086DE0E8
S31508017F50B0F5B06F00F0968018D8B0F5806F00F0D4
S31508017F608480B0F5A06FDDD100218B4B0391D3F846
S31508017F70203203F00703042B06D8022B7ED8012BE7
S31508017F8078D0022B00F0E680039B97E0B0F5D06F1E
S31508017F9000F09B80B0F5E06F00F0B680B0F5C06FD9
S31508017FA0C0D1002101A8FFF719FFBBE7B0F5206F83
S31508017FB000F0BA801BD8B0F5106F00F09680B0F5C6
S31508017FC0186F00F0AD80B0F5086FABD1724BD3F8DE
S31508017FD0003103F00303022B00F0D780032B00F0D6
S31508017FE0D780012B40F0D6806C4BDB6966E0B0F593
S31508017FF0306F00F0B5800CD8B0F5286F92D100210A
S31508018000654B0391D3F8703203F00303012BBBD1FF
S315080180109CE0B0F5386FC4D0B0F5406F82D100212D
S3150801802001A8FFF7A7FE7DE720F09CFF019079E7FD
S3150801803020F0B6FFFAE720F095FF574BD3F89030BA
S31508018040C3F304630133B0FBF3F0EFE720F0A8FFB5
S31508018050514B1B6FC3F38023F4E720F083FF4E4B8C
S31508018060D3F88030C3F30113ECE7002101A8FDF72B
S31508018070FBFD57E703A8FFF77DFE85E74FF40043AD
S31508018080039381E70021444B0391D3F8803103F030
S315080180900303022B62D0032B5CD0012B7FF474AF50
S315080180A003A8FDF7E1FD6FE702934FF0E0231B6993
S315080180B05A0705D520F074FF0290029B019331E718
S315080180C003A902A8FFF78AFEF7E7334BD3F8003274
S315080180D003F00700032812D05B070AD401380128E8
S315080180E08CBF00200120C003A0E72B4BD3F8083230
S315080180F0EEE7042806D120F053FF800A96E74FF4ED
S315080181007A7093E7002091E7234BD3F8403203F0C6
S315080181100303032B36D0003B18BF0123DB03CDE74E
S315080181201D4BD3F85032F2E7002303931A4BD3F8C9
S31508018130603203F00703013B032B3FF625AFDFE867
S3150801814003F002040D090021AAE7002103A8FFF79D
S3150801815045FE19E720F038FF039015E7104B8FE726
S315080181600D4AD2F8902202F00302012A04D0022A0B
S31508018170C8D120F029FF59E7094857E7064BD3F834
S315080181806031C4E74FF47A7398E74FF4004395E7F3
S31508018190044B93E7002391E70080005020AE0020AE
S315080181A0002D310180D5430208B58020FFF734FE42
S315080181B0034B98429EBF4FF48032024B1A6708BDA3
S315080181C0005A620200A000504FF48032104B10B5DD
S315080181D09A66A3F580531B6FC3F3033303FB0000B1
S315080181E00C4BDC69144041F67132DA635A6822F4A1
S315080181F0401259B90849884294BF00200120000558
S3150801820002435A600CB10022DA6310BD0349F2E752
S315080182100090005000000350005A6202002D3101FF
S3150801822010B50C4C0220FBF763F8236F0A4AC3F317
S31508018230802301330021094882F8913DFFF7C4FFE5
S31508018240236F43F4806323674FF4803304F5805426
S31508018250236710BD008000500804002000B4C40440
S3150801826008B54FF4C070FFF7D7FD0649064A88429C
S3150801827094BF00200120136F23F4806343EA80230F
S31508018280136708BD80F0FA020080005038B505462C
S3150801829020F086FE0446FFF7B1FC0128D4BF012170
S315080182A000212046FFF790FF0020FBF755F825B17E
S315080182B0FFF7D6FFBDE8384076E70649064A0B6F51
S315080182C092F8912D23F48063013A43EA82230B67DE
S315080182D0F0E700BF0080005008040020024A536BF3
S315080182E00342FCD1704700BF0040095070477047F0
S315080182F04FF000420F4B70B55D6E03F580535A6619
S315080183004AF6CD3304460C4980204E6C0B64FFF7C0
S31508018310E5FF0B6A23F4F85343EA04230B62F307D8
S3150801832044BF064B0B64002DA2BF4FF00042044B1D
S315080183305A6670BD00800050004009503254FFFF54
S3150801834000A000504368DA0715D58368DB0702D514
S315080183500369D90708D50A238363436D13F0500FC0
S31508018360FBD1836C9A07FCD1012200F500535A60B0
S3150801837043689B07FCD47047012200F580535A6075
S3150801838001F00F02436DC3F30B03002BFAD182638D
S31508018390436D13F0780FFBD101F001034A0748BF7B
S315080183A043F00203826C02F003029A42FAD1704743
S315080183B02DE9F04105460F461E4690464AB101236E
S315080183C030221C4C8B4002FB004416B304F5825440
S315080183D023603023072F4FF00F0105FB03F3164CDB
S315080183E01AD8BA00181D134608FA02F29940204411
S315080183F0FFF7F6FBB8F1000F09D1012330210D4A29
S31508018400BB4001FB052296B102F582521360BDE815
S31508018410F08104F50154DBE7A7F1080C4FEA8C0C4F
S3150801842003F10C0008FA0CF201FA0CF1DFE702F588
S315080184300152EBE700C0035030C0035010B50446A3
S3150801844022F09EFE431C15D0B0B90C4B20469A6803
S3150801845001230A3202F01F02934023F00303234447
S31508018460984201D1002010BD50F8042B0132F7D0F3
S315080184703E20F8E76E20F6E77120F4E70080E00F6A
S3150801848070B59400224605460E4622F075FE431C39
S315080184900AD058B92246314628461EF07FFD0028E3
S315080184A014BF3D20002070BD6E20FCE77120FAE75D
S315080184B00B4B01219B6EDB035EBF4FF48032094BE8
S315080184C09A6641F67132084BDA63084AD16000228E
S315080184D0DA634FF48032A3F518339A66704700BF02
S315080184E00080005000900050000003500020035007
S315080184F0DEE7114321F0F8014904044B490C41F424
S315080185004021063043F82010704700BF0080035011
S31508018510021E30B54FF0000014BF04250C2547F69E
S315080185200774084952B9831D51F82330234023B1F2
S3150801853001308542F6D14FF0FF3030BD00F112030C
S31508018540F2E700BF008003503AB122F0030202F1BC
S31508018550A04202F5603209B9106070470002FBE7D4
S315080185604FF48032064B5A6603F5E6239B69C3F33B
S315080185708512827003F03F021B0B4270037070472D
S315080185800090005007B5014601A8FFF7E9FF9DF8DD
S31508018590063001220B804FF4807300204B80054B77
S315080185A09B680A3303F01F0302FA03F34B6003B017
S315080185B05DF804FB0080E00F2DE9F8431D4B0646E4
S315080185C0D3F810334B1E0E2B0D46174690F8009024
S315080185D0447822D931B34FF0000821464846F7B10D
S315080185E021F062FE30230F2103FB09F3072C88BF14
S315080185F0083C114895BFA400A40004330C3308FABB
S3150801860004F2A1401844FFF7EBFA8DB93078717876
S3150801861057B1BDE8F84321F047BE8846DDE7F9F7CB
S315080186202DFBDFE78846DDE7BDE8F843F9F726BB0A
S31508018630BDE8F88300C0035030C0035010B560B1DF
S31508018640EFF31184302383F31188FFF7B5FF84F321
S315080186501188BFF36F8F002010BD2220FCE773B588
S3150801866004680546A3885348ADF8003022F071FC2A
S31508018670002201216846FFF7E1FFEFF3118030235D
S3150801868083F311884C499DF800209DF8016003FB8E
S315080186900212526CF24002F0010280F31188BFF314
S315080186A06F8F82F001022270A279022A7ED14FF0E1
S315080186B0FF320192EFF3118683F311889DF800408A
S315080186C0FF2C68D0D1F810339DF80120002C41D138
S315080186D0052A60D1012203216846FFF76DFF0122B1
S315080186E0354B1034D3F83014A24021EA0201C3F8FD
S315080186F03014D3F83014C3F83014D3F82C141143BA
S31508018700C3F82C142D49CB6E03F03003202B1FBF61
S31508018710CB6E23F0300343F01003CB66284BC3F826
S315080187202024284B284A03EBC403C3F8B027C3F80F
S31508018730B4579DF80030FF2B04D00123234AA340E8
S31508018740C2F8243486F31188BFF36F8F01222B46B2
S3150801875001A928E0012C05D1012A14D0032A1AD12E
S315080187600424B7E7022C06D17AB1052A0FD0072AC5
S3150801877011D10824AEE7032C0DD1022A09D0052A06
S3150801878009D10A24A6E70324A4E70624A2E70724B5
S31508018790A0E709249EE786F31188BFF36F8F0422A9
S315080187A02B460DEB02016846FAF734FF002002B0AA
S315080187B070BD00BFA8B1030800C0035000400050B7
S315080187C000E00350080400209999010800D00350DD
S315080187D003681A78022A02D100225A803FE77047B5
S315080187E013B504460A4822F0B4FBA2780421B2FA6A
S315080187F082F2237852098DF8043063780DEB010073
S315080188008DF80530FFF71AFF002002B010BD00BF32
S31508018810A8B10308E023C360002383608361C361B1
S315080188200362436813F0010F18BF012200F50053D4
S3150801883018BF5A60054A1A644269D20504D420222F
S31508018840DA63024ADA637047426AF5E7FFFF1F00F7
S31508018850F0B501258D40EFF311864FF0300C8CF3FE
S3150801886011888C00176804F1A0440CFB010104F57A
S3150801887088246760547B23F003030C66D47A977ABD
S31508018880240544EA0744177B44EA4754CC650B6739
S315080188901179937943EA014300F500518B615379C4
S315080188A0D17941EA034100F580539961117A01B101
S315080188B01D64527A02B19D6300F50050456386F343
S315080188C01188BFF36F8FF0BD012303FA01F1BFF3DE
S315080188D05F8F00F5005300F5805059638164704736
S315080188E0054B9A689107FCD45A689207F9D4DA6954
S315080188F0002AF6D1704700BF00800A5010B5044619
S3150801890050B150238065C365184422F097F9206653
S31508018910B0FA80F0400910BD0120FCE7EEE7294BCB
S31508018920F7B55B691FF0D4FD0128064605DD22F07F
S315080189302AF8051E02DA012424E00025224C94F8BF
S31508018940F83D002B3CD104F69450FFF7D7FF88B9C0
S31508018950502304F6D817C4F8C809C4F8CC09C4F8D2
S31508018960D079C4F8D43921F0F9FF024668B1002359
S31508018970C4F8283A0124012E04DD284622F030F8ED
S3150801898044EAD074204603B0F0BD032301460093A0
S3150801899001203B4621F073FF07460028E7D0D4F8AB
S315080189A0C81909B11FF0F6FA01214320C4F8287A3B
S315080189B0F0F7C2FE4320F0F7E1FE012384F8F83D03
S315080189C00024D8E720AE00200804002038B50A465E
S315080189D00C46002105461DF0D2FE38BD01B1F5E76A
S315080189E0704710B508B9212010BD0029FBD00368CE
S315080189F013F0704209D1C3F30E030B601BB9436828
S31508018A00002BF0D00B600020EEE703F05044B4F1E0
S31508018A10004F05D0B2F1304F02D0B2F1404FE2D14A
S31508018A208268D20404D5C369002BDCD01B68E4E74D
S31508018A30DBB2E2E737B50C460546E0B1D9B100230A
S31508018A4001A90193FFF7CDFFA8B9296811F0704173
S31508018A5003D1019B236003B030BDAA68B1F1204F51
S31508018A60C2F38033C2F34035C2F3003219D004D8B9
S31508018A70B1F1004F09D02120EDE7B1F1304F02D015
S31508018A80B1F1404FF7D12B4408E052B2002A18BF82
S31508018A90062203EB450308BF00221344019A5343F8
S31508018AA0D8E752B2002A18BF05222B44F3E72DE96D
S31508018AB0F7430D4690461F460646E8B1E1B10468FC
S31508018AC0D1F800904C451BD004F03043B3F1004F68
S31508018AD012D184EA0903B3F1805F3CD2002301A9CC
S31508018AE00193FFF77EFF38B9019AC2F30E021443C8
S31508018AF049EA02039C422ED0212003B0BDE8F08347
S31508018B0014F0704427D4B4F1805F29D0002330468D
S31508018B1001A90193FFF765FF0028EDD10090694689
S31508018B202846FFF75EFF0028E6D1DDE900329A42C2
S31508018B30E3D0E1E70023B8F1000F06D043F48053F0
S31508018B40B268A9684A401A42D6D1002FDED0AB686E
S31508018B509B04DBD4D0E7002FECD14FF4C043EAE7FE
S31508018B60002BF4D1B8F1000FD0D04FF4C043E7E79A
S31508018B70F7B50C460546002800F0BF80002900F02D
S31508018B80BC8000230B60036803F070430B60C26866
S31508018B90032A00F2B280012A6AD812B143F00063AF
S31508018BA02360AA68900166D402F08072EB6813B953
S31508018BB0002A40F0A280236823F040731343236000
S31508018BC0EA68022A08D12A69032A00F2968023F460
S31508018BD07F0343EA02432360EB68032B04D12B6925
S31508018BE0F62B40F28A80A370AB68190442BF23684A
S31508018BF043F400432360EB68032B1FBF23682A68ED
S31508018C0062F30E0323602A68AB6802F07042B2F180
S31508018C10805F03F4805703F4806634D213F4F84F67
S31508018C206BD10023284601A90193FFF7DAFE002834
S31508018C3063D12B6813F070414ED12368019A62F310
S31508018C400E03236097B1EA69002A56D0B1F1004FA5
S31508018C5055D1117F19B116B143F400732360537FBF
S31508018C6023B11EB1236843F48073236003B0F0BDBA
S31508018C7043F0806394E702F04072B2F1407F18BF77
S31508018C804FF0007292E75A0403F400511DD40029EB
S31508018C9033D0226842F4005222601B0542BF236882
S31508018CA043F4006323601FB1236843F480532360B0
S31508018CB02B6803F07043B3F1404FB2D0002EB0D009
S31508018CC0236843F480632360ABE7226842F4804259
S31508018CD022600029E1D0DCE703F05043B3F1004FED
S31508018CE005D0B1F1304F02D0B1F1404F05D1019B0A
S31508018CF05A1E236862F30703A3E72120B6E70F206C
S31508018D00B4E773B50C46054608B921201DE00029CC
S31508018D10FBD00123C6684B609E4218D8002301A9DF
S31508018D200193FFF787FE0028EFD1019B06B11C339B
S31508018D306A699A4208D32A69002AE6D0226043F072
S31508018D4000530020A36000E01D2002B070BD023E62
S31508018D50012EDAD80023F4E7436882B013B94160DB
S31508018D6002B0704743680193019B5B68012B019B25
S31508018D7001D15960F4E75B68F5E72DE9F04198B050
S31508018D8004460D46FCF798FC002865D0FFF7C7FD99
S31508018D9020B16FF0920018B0BDE8F0810EA821F05D
S31508018DA0A0FF0028F5D101900DB1002CF1D035F0C6
S31508018DB0030605F0030821D04FF0E06300270E9360
S31508018DC001230F9710970B940C9346F000530D93BC
S31508018DD00BAA05AB07CA83E8070019460EA816971A
S31508018DE021F092FF314621F086FF20F04BF928B198
S31508018DF03246394620461DF0C2FCCAE7B8F1000FD3
S31508018E0001D10020C7E74FF0E06300270E9301ABBD
S31508018E100F971097089301230993114B08AA0A93F0
S31508018E2002AB07CA83E8070019460EA8169721F070
S31508018E306BFF042121F05FFF20F024F908B12A46CF
S31508018E40D7E7019A3444C300013022FA03F3804577
S31508018E5004F8013BF7D1D4E76FF088009BE700BF20
S31508018E60040000202DE9F04F9A4640F26C7387B052
S31508018E709A42814688461646DDF840B050D8BBF17D
S31508018E80010F50D8002402F1100739460120059434
S31508018E90F0F7CBFF0546002848D03946FFF79EFD77
S31508018EA0FCF7E1FA05ABCDE9014300942B46012213
S31508018EB04846414600F042F8044688B110F18C0F45
S31508018EC008BF6FF08D0439462846FFF787FD284607
S31508018ED020F0A0FAFBF7DBFF204607B0BDE8F08FCC
S31508018EE0144BC5E902982B60C5F804B02EB1324679
S31508018EF0514605F110001DF069FC059E3B462A46C0
S31508018F0031460D48FEF73EFC38B93046FBF7CEFF31
S31508018F10013008BF6FF08604D5E76FF09104D2E7F8
S31508018F206FF09104D8E76FF08504D5E76FF08C04EC
S31508018F30D2E700BF105D175E801000202DE9F04FC3
S31508018F40ABB005929846044608220C91069041401A
S31508018F5021FA02F34B40980702F1080218BF9B0059
S31508018F60202A1C44F4D12123B4FBF3F3B64D03EBB9
S31508018F704313E41A95F8903D04F5062404F5506464
S31508018F801BBBFDF727FE002840F0C781AF4E336CA7
S31508018F90E82B12D18DF840000123AD4910AA05F638
S31508018FA07840FDF737FA10B12D2840F0B6819DF8C3
S31508018FB040303A2B3BD13A233364FEF7A9FDA24B45
S31508018FC093F8903D002B00F0A881212600259E4F9D
S31508018FD06309A3F58643683B07EB8303D3F818298E
S31508018FE004F01F01CA40D20700F16E81D3F8203977
S31508018FF0CB40DB0740F15D81002D08BF25462123C3
S31508019000A4F50624A4F6FF44B4FBF3F303EB4313D8
S31508019010E41A04F50624013E04F55064D8D1059BEB
S31508019020002B00F04881002D40F04A8143E140229F
S3150801903000211AA81DF0A3FB0027864DDFF8289208
S3150801904005F10F022B4600928348102201971AA9AF
S315080190501035FEF7BFFA002850D01022002116A8B5
S315080190601DF08DFB11AB1A9812AA16A9CDE9117735
S31508019070FDF79AFA794B984200F04F8118B1013BF6
S31508019080984240F04A81169B754A934203D0754A25
S31508019090934240F042817423402200211AA8336486
S315080190A01DF06DFB1022002112A81DF068FBDFF8E8
S315080190B0A4B100250BF10F03009310225B46664805
S315080190C001951AA9FEF786FA0DF1680A0D9004951D
S315080190D0049B0D9A934214D1634B0BF1100B9B45DC
S315080190E0E7D13A235A498DF868305B4801231AAA11
S315080190F0FEF748FB00283FF462AF0EE14D459FD1CC
S3150801910059E70023DAF80000CDE90F3310AA0FABAF
S3150801911012A9FDF749FA514B984200F0CC8018B1D3
S31508019120013B984240F0F980129B4E4ADDF83C908B
S31508019130934203D04A4A934240F0EF8009F1100363
S31508019140194601200793F0F770FE0646002800F03D
S31508019150E780CDF800900246109BDAF800103E48E9
S31508019160FDF79CF90546002840F08980129B3C4A88
S3150801917093427BD1DDE91423CDE90823139B012B07
S315080191800A930CD96FF0850530460799FFF726FC37
S31508019190304620F03FF928462BB0BDE8F08F09F19B
S315080191A018031190194601200B93F0F73EFE074666
S315080191B010B96FF08C05E7E709F11801FFF70EFC06
S315080191C0FCF751F9DDE9080111ABCDE90153009529
S315080191D0012216ABFFF7B2FE054698B110F18C0FC6
S315080191E008BF6FF08D0538460B99FFF7F7FB384630
S315080191F020F010F9FBF74BFE002D3AD015F1850F3B
S3150801920037D0C1E7164B3B60DDE90823C7E90223DE
S315080192100A9B3B61B9F1000F05D04A46314607F171
S3150801922018001DF0D3FADDF844903A4649460B9BDF
S315080192300948FEF7A7FA18B94846FBF737FED2E7F9
S315080192406FF09105CFE700BF0804002020AE00208B
S31508019250FF6C08000031080080100020FFDF00F0D5
S31508019260D175E105105D175E003508002E4A934257
S3150801927008D0DAF800102D48FEF716FC60B16FF039
S31508019280910581E7139B4A46DDE9140100933346AC
S31508019290FFF7E8FD0546AFE730460799FFF79EFB5E
S315080192A0304620F0B7F8049B0AF1040A0133049307
S315080192B00EE7059B13B96FF08B056CE705B92546D3
S315080192C0369B1D60002566E7DDE9342341462046C5
S315080192D0FDF76AF9164B984201D0632818D1214641
S315080192E01248FEF7E1FB0028E5D1D8E902230699E1
S315080192F00C98834208BF8A427FF481AE059B002BF6
S31508019300DDD0D8F80430012BD9D16FF0840542E7B6
S315080193100028EAD0074B9842E7D06FF091053AE763
S315080193206FF08C0537E700BF105D175E80100020CF
S31508019330FFDF00F0FEDF00F0F0B506460C461546E5
S315080193408DB00AB300271022002108A81DF017FACC
S31508019350CDE90677FCF787F805AB029307AB0193CE
S3150801936006AB214600933A46304608ABFFF7E6FDC1
S31508019370044620B1FBF78BFD20460DB0F0BD099BD5
S315080193806B60079B2B60F5E76FF08604F4E7002313
S315080193902DE9F04F8FB00B6006468946FBF759F960
S315080193A0002800F03081A54CDFF8A0B204F6B430ED
S315080193B0DBF80030984728B16FF08F0420460FB0CC
S315080193C0BDE8F08F06F140430F2B19D828225343E5
S315080193D004F22C511944234493F84425022A04D152
S315080193E0D3F840359E4200F0148149460020FCF727
S315080193F0EBF90446E0B1DBF8043091489847DDE71C
S31508019400002E0FDD04F22C5319461A7E022A03D1C7
S315080194105A69964200F0FA800130102803F12803B0
S31508019420F3D1E2E76FF08704FCE06FF09604F9E008
S315080194300127D9F80080054600213046C8F814608E
S31508019440C8F804700AAAFFF777FF044660B9DDF881
S3150801945028A038465146F0F7E8FC0746C8B926461B
S3150801946025466FF08C0400E02E4630462946FCF767
S3150801947012F9D9F80000002C00F0AE80FCF784F947
S3150801948014F18C0F08BF6FF087040023C9F8003068
S31508019490C8E03046002108AAFFF74EFF0446002817
S315080194A040F08F80BAF1000F08D0B7F1005F30D3D2
S315080194B0CAF1005303F580339F422AD800251022AA
S315080194C000210AA81DF05BF9CDE90555FBF7CBFF8D
S315080194D007AB029305AB019306AB00932A463046C8
S315080194E029460AABFFF72AFD044670B9059D3A4697
S315080194F0554528BF5546069B079952480095FCF7DE
S31508019500CDFF002818BF6FF09104FBF7C0FCAA45F0
S3150801951004D000252E466FF098043AE0002C50D16D
S31508019520BAF1230FF5D90822384647491DF036FD09
S3150801953004460028EDD1BB68002BEAD13D6AAAF1A1
S3150801954024039D4240D8B5F5005F3DD2BDB32946F7
S315080195500120F0F76AFC0646C0B32A4607F1240142
S315080195601DF034F9FB68C8F804303B8AA8F80030C6
S315080195707B8AA8F802307B69C8F80830BB69C8F845
S315080195800C30FB69C8F810301EB3002D08BF6FF008
S31508019590910451463846FCF77EF8002C7FF465AFF6
S315080195A029464046FCF7DDF8044600287FF45DAFFE
S315080195B02A463146D8F820001DF008F955E706462F
S315080195C0D0E700252E46E4E72646A4E76FF08C048B
S315080195D0DFE76FF09104DCE78368D90444BF43F4FD
S315080195E0806383609A0444BF43F400638360037E07
S315080195F0012B04BF02230376FBF71EF8044688B144
S315080196006FF0960441E76FF08804D7E6282303FB39
S3150801961000110846FBF710F8044600287FF405AF49
S31508019620C9F80010DBF804300548984700283FF4CC
S31508019630C5AE002C7FF4C2AEBEE600BF080400200A
S31508019640BC0F002080100020ACB1030820AE00201A
S315080196502DE9F843884617461C46FFF798FE054646
S3150801966000283CD1D8F80060B3689F432FD1B4B322
S31508019670254B24F4FF7222F001029A4210D0234AA4
S3150801968024F0FF0393420BD024F47F7121F00301E8
S31508019690A2F57062914203D002F5A062934221D1EC
S315080196A014F0FF0304D01A4A43F00073934220D002
S315080196B0B6F8009022464846F168FAF7C7FE07460B
S315080196C068B9224648463169FAF7C0FED0B96FF043
S315080196D0840500233046C8F80030FCF7FCF9284613
S315080196E0BDE8F88304F0FE43B3F1407F04D12304B7
S315080196F0DED56FF08605ECE7B3F1A06FF7D0044B22
S315080197009C42D4E73D46EAE700020006001300063C
S31508019710FF00000273B50C460546182200212046B3
S315080197201DF02DF8002328461A4601A9FFF790FFD8
S3150801973068B9019E35460FCD0FC495E8030084E844
S315080197400300304602B0BDE87040FCF7C4B902B068
S3150801975070BD70B500260C4605468CB01022002156
S3150801976008A81DF00CF8CDE90666FBF77CFE05ABEB
S31508019770029307AB019306AB21460093324628466E
S3150801978008ABFFF7DBFB044618BB099B012B25D069
S31508019790059E154D314605F67840FEF785F900BB5D
S315080197A0A6F50623A3F55063212B06F01F010ED853
S315080197B001225B0905EB8305D5F818398A40534020
S315080197C03046C5F81839FBF791FB013001D16FF026
S315080197D08604FBF75CFB20460CB070BD6FF0840471
S315080197E0F7E76FF09104F4E708040020F0B50446A2
S315080197F085B0D8B101A9FFF7CAFD0446B0B92C4F07
S315080198002C483B689847019E0546002837D1337E88
S31508019810032B15D13046FCF717F87B680446254813
S31508019820984730B1002C3FD16FF08F04204605B020
S31508019830F0BD002C14BF6FF096046FF08704F5E7AE
S31508019840022B2BD1032333763379FF2B29D0B3B1DE
S3150801985074692946204602AAFFF76EFD8C300DD0A1
S3150801986020462946FFF775FF30B92046294602AA40
S31508019870FFF762FD8C3001D06FF098052C46304613
S31508019880FBF7E2FF7B6800280A4818BF6FF09604C9
S3150801989098470028CAD0002CC8D1C5E76FF09604AE
S315080198A0EDE76FF08404EAE76FF09604BEE700BFC0
S315080198B020AE0020BC0F002070B5D0E9023253F863
S315080198C022301D78012D0DD8074C661996F8F93DF9
S315080198D043B91FF00DFF012304EB8504C4F8FC0D01
S315080198E086F8F93D70BD00BF080400202DE9F8434C
S315080198F0D0E9023253F822301C78012C47D8254E7C
S31508019900371997F8F99DB9F1010F40D100251FF0D4
S31508019910EFFE06EB840387F8F95DD6F8307A40F254
S31508019920E736D3F8FC3D4FF4C87CA0EB030829467B
S3150801993030464FF47A720023E7FB0C011CF0F8FB62
S31508019940804505D229462046BDE8F843F0F7C6BD4D
S3150801995040F2DC5C304629464FF47A720023E7FB75
S315080199600C011CF0E5FB804501D24946EBE7294687
S31508019970304641F288354FF47A720023E7FB050138
S315080199801CF0D6FB804534BF02210321DBE7BDE885
S31508019990F88300BF08040020F0B50A680846137862
S315080199A085B0022B2ED013795479EFF31185302126
S315080199B081F311884B4303F1A04303F570335B6CC4
S315080199C085F31188BFF36F8FE34003F0010383F03A
S315080199D0010313704C4B93F844309BB94B4A9042A0
S315080199E003D0183290420DD1012342691F46484DD2
S315080199F0DC004AB19047012806D11FF079FE2C44B4
S31508019A00C4F8340A05B0F0BD1FF072FE2C44D4F830
S31508019A10343A4FF0280CC61A002140F2E7308DF887
S31508019A200C70D5F8307A4FF47A720023E7FB0C01F3
S31508019A3002961CF07DFB864203D894F8383A052B2A
S31508019A40E0D1D5F82C4A002CDCD094F82030002B34
S31508019A50D8D023799B06D5D5E369082BD2D1002323
S31508019A60D5F8045E0093B5B9636AD868EFF3058340
S31508019A70CBB16A4602A920F087FD009A012814BFD6
S31508019A801C2300232AB14FF0E0224FF08051C2F87F
S31508019A90041D73B1B6E7EB680BB92D68E3E79C4281
S31508019AA0E2D01B68F8E7228B02A91EF033FF0128D2
S31508019AB0A8D10021AB69626A5D6850680191EFF32C
S31508019AC0058494B101A91EF097FB012803D1284604
S31508019AD001A91EF091FB019B002B93D04FF0E023C7
S31508019AE04FF08052C3F8042D8CE7234622462146BF
S31508019AF01EF010FF012885D1234622462146284615
S31508019B001EF008FF7EE700BF20AE0020B4B10308AF
S31508019B100804002008B51FF0EBFDBDE808401FF05A
S31508019B203FBF00BF0120704708B5436A03B1984794
S31508019B30002008BD054B187830B1054B1878003858
S31508019B4018BF01204042C0B2704700BF45890020B6
S31508019B504689002087230370032343700120704739
S31508019B600022014B1A70704768150020704770472C
S31508019B708C2303700323437001207047704700222A
S31508019B80054B5A70054BA2F500021A606FF00042A8
S31508019B90C3E90122704700BF6815002030B00020D4
S31508019BA0094A5368002BD5BF084903F1FF33CB692E
S31508019BB05360DEBF9B08536002234FF01002D8BFE3
S31508019BC0CB60034B5A61704768150020008004502A
S31508019BD000A0045070477047014B5881704700BF79
S31508019BE068150020044AD38923B1137B002B0CBFC7
S31508019BF0012302231372704768150020014B18616F
S31508019C00D981EFE76815002002207047D0F80230A5
S31508019C10827AC0F81D30C388C2F3C00180F82130AA
S31508019C20C2F300031B0143EA8113C2F3001143EA9D
S31508019C30C11343F0010380F82230C37AC2F38002CC
S31508019C4043EAC21380F82330038980F82530704728
S31508019C50D0F80230C0F81D30C38880F82130837AE5
S31508019C6013F0100F0CBF01220822C3F3C001C3F37E
S31508019C7080035B0143EAC113134380F82230C37A98
S31508019C80027B80F825300389C2F3800180F82630EB
S31508019C90C2F300031B0143EAC113C2F3400243EABC
S31508019CA0421380F823307047D0F80230C0F81D30CF
S31508019CB0C38880F82130837AC3F3C002C3F3000353
S31508019CC01B0143EA821343F0050380F82230037B24
S31508019CD0C3F30002C3F340039B0143EA4213C27A6A
S31508019CE0134380F82330038980F825307047D0F86C
S31508019CF00230C0F81D30C38880F82130837AC3F357
S31508019D00C003DB0143F0050380F82230C37A80F8EB
S31508019D102530038980F82630037BC3F30002C3F399
S31508019D2040035B0143EA021380F823307047D0F8F9
S31508019D300230827AC0F81D30C388C2F3C00180F8A8
S31508019D402130C2F340035B0143EA8113C2F30002E7
S31508019D5043EA021343F0030380F82230C37A80F8FA
S31508019D602330038980F825307047D0F80230C0F8CF
S31508019D701D30C38880F82130837AC3F3C002C3F348
S31508019D8040039B0143EAC21343F0030380F82230E0
S31508019D90C37A80F82530038980F82630037BC3F31C
S31508019DA08003DB0180F823307047D0F80230C0F811
S31508019DB01D30C38880F82130837AC3F3C002C3F308
S31508019DC000031B0143EA821343F0020380F82230A1
S31508019DD0C37A80F823307047D0F80230027BC0F886
S31508019DE01D30C388C2F3800180F82130022380F830
S31508019DF02230C37A80F82530C2F300031B0143EAF7
S31508019E00C113C2F3400243EA421380F82330704774
S31508019E1070470A22B0F85C300448B3FBF2F3DBB2B0
S31508019E200BB1FBF7BDB8FBF7C4B800BF801500201E
S31508019E3070B5049E0D461C46F1F782F878BB6B781F
S31508019E40042B02D0062B0FD070BD72226371022338
S31508019E5022700522E37108236270A070E0702071F8
S31508019E60A071FF203370EFE7722323700723637015
S31508019E700123A37028230B4AE370936CD26CE37217
S31508019E80110E2171110C6171E271110A1A0E2272F9
S31508019E901A0C62721A0AA1710C23A272E1E7022056
S31508019EA0D2E700BF0080E00F10B51C464B78012BA6
S31508019EB019D1F1F745F8034602209BB95E222270B3
S31508019EC005222371094BE2709A89DB89110AA2716D
S31508019ED01A0AE27109226070A070FF202372029BA0
S31508019EE061711A7010BD0020FCE700BF30B0002078
S31508019EF010B50A4CE37E012B07D9237F00211B20CD
S31508019F00074AF0F7C7FA012363770123BDE8104032
S31508019F10044880F8B5302430F7F70AB868150020E8
S31508019F2044E8030830B00020436870B55D780646FA
S31508019F30022D0C4641D11B200121214AF0F7AAFA2C
S31508019F403068F0F7FDFF002835D18C2223681A7096
S31508019F5003225A70EFF31180302383F311881949CC
S31508019F6023684A6815169D701514DD705A71151205
S31508019F708A681D7115169D711514DD715A721512AF
S31508019F800A681D72111499721A7311120E4AD9723E
S31508019F905278120142F008025A730E23237180F394
S31508019FA01188BFF36F8F0121084B1B20084AD9601E
S31508019FB0F0F770FAFF25284670BD0025FBE700BFBC
S31508019FC05DE8030830B000206815002000800450C1
S31508019FD069E8030801281FB507D101A8F4F7D0FAE3
S31508019FE0BDF8080005B05DF804FB002840F2024000
S31508019FF018BF0020F6E708B5024A034B5A62F4F780
S3150801A00088FA00BF02001D0300000850144B70B502
S3150801A01000221D46134E347F597881421AD1197888
S3150801A020A14217D10C2303FB02556B6898472B7A7B
S3150801A030B4FA84F23377B3FA83F352095B099A4285
S3150801A0400DD064B9084B2146BDE87040D3F8B40079
S3150801A0501DF0BBBE01320D2A03F10C03DCD170BD24
S3150801A06050B4030830B000207CAE0020034B1B7FA0
S3150801A070032B0CBF0B200820C8E700BF30B0002017
S3150801A080064B93F8B730FF2B07D183780BB1052B15
S3150801A09001D10220BAE70320FCE7704730B000205F
S3150801A0A038B500250B4CC82229460B4884F8B95007
S3150801A0B01CF065FBB4F8A40084F82050013080B286
S3150801A0C0F4F7D4FE28B104F12400BDE83840F6F7C8
S3150801A0D02FBF38BD30B0002088150020002310B5E9
S3150801A0E0044C84F8E830F6F7F1F900F03F0084F8FB
S3150801A0F0E90010BD6815002007B50A4B019093F8D1
S3150801A100EA208A420CD1042203F1EC010DEB02008C
S3150801A1101CF044FF003818BF012003B05DF804FBAA
S3150801A1200120FAE76815002002460846097C022A3A
S3150801A13001F03F0107D0032A07D0012A4FF0FF3269
S3150801A14018BF0022D2B2002305E0427C12B10122D7
S3150801A15041F08001837CF6F7A3BEF0B585B00D46C4
S3150801A1601C46F0F7EDFE002840F09A806B78113B0B
S3150801A170062B00F29780DFE803F004952595619593
S3150801A18069008623237012236370474B0B251B68CE
S3150801A19001A85B69DA79A270DA78E2701B796571D0
S3150801A1A023710123A371E3712372F4F7E9F9029B81
S3150801A1B01A0E1B0CA3722B466272FF200A9A1370A1
S3150801A1C005B0F0BD8623237014230022AF7863708F
S3150801A1D0354B11461046A7701E68F1F767F83946E0
S3150801A1E0027840681CF06FFE58B9FF23E3702F4BC5
S3150801A1F02F4A934219D3E378FF2B04BF0023E37058
S3150801A2000BE0AB78982B0AD09F2B0BD0552BECD1B2
S3150801A21073699B78FF2BE370E9D00423CDE7736953
S3150801A2201B78F7E773695B78F4E75988A8782833C8
S3150801A230884204BF13F8241CE170DAE786232370E9
S3150801A240162363700723A3700323B6E786232370B7
S3150801A2501823637008230122A3700B260023AB255C
S3150801A260CD20114923710968E3714969A372E37223
S3150801A27023736373A373E2706671A27125726072A8
S3150801A280CF78E7730F7927744979A3756174C32168
S3150801A2901923A274E17426756275E57520768CE733
S3150801A2A002208DE700208BE7D0870020F0620008A6
S3150801A2B0486500082DE9F0470025B6B09B4CC42235
S3150801A2C0002105A81CF05BFAD4F8F00005A9CDE930
S3150801A2D003550195ADF8085020F03EFE01280646C3
S3150801A2E001AF40F01C81924A29461B20F0F7D2F8AB
S3150801A2F0059BBDF8C420C4F8F43026779DF8CC3008
S3150801A300AAB38DF80E305B1B18BF01239DF8D11037
S3150801A310ADF804208DF80D109DF8CE109DF8CD20CE
S3150801A3208DF80C109DF8D01002F07F028DF80830D8
S3150801A3309DF8CF3042EAC1128DF806208DF8093012
S3150801A3409DF8D4107B4B03AA06A80497F0F798FD4D
S3150801A350002800F09380BDF8C4306846ADF8003097
S3150801A3604FF48173ADF8023000F00CF986E025212F
S3150801A370329A84F8F91084F8FA30002BEBD12AB115
S3150801A3801678002E7DD15378012B7AD16A4B00219C
S3150801A39001201A1FF1F782F90028DCD10125674B44
S3150801A3A084F8F8501D7094F80031002BD3D09DF82D
S3150801A3B0D470002FCFD0624E3578002DCBD1DFF87F
S3150801A3C0BC813A4606A940469DF8D1901CF0FEF993
S3150801A3D05C4B584ADFF8A8A11A605B4B5B4ACAF87E
S3150801A3E000701A605A4A84F80451C2F80080F4F7DA
S3150801A3F0DDFE94F8E93008F8017C013303F03F03E8
S3150801A40084F8E930534B544983F80090534B84F848
S3150801A41004711B68C4F808319B691B790B7013F02A
S3150801A420070318BF012309EA0307F4F7BFFE18F863
S3150801A430013C474ACAF80030002F57D0A8F1040555
S3150801A44004331560CAF800300023454A454813709D
S3150801A450454A4649137005220260D4F8FC20C4F81F
S3150801A4600C311488FF2C44D103600024404B1C8016
S3150801A470F4F764FD002844D10123337036B0BDE8F2
S3150801A480F0873C4BD3F800C000239CF804E0DDB20A
S3150801A490AE457FF660AFDCF800701901795C07EB11
S3150801A4A00310B1420BD1577841788F4207D1002169
S3150801A4B090F802809DF81890CFB2B84501D80133BB
S3150801A4C0E5E7476817F811700131B945F4D1023546
S3150801A4D0EDB2FF2D3FF43FAF174B002128461A1F57
S3150801A4E0F1F7DCF800283FF45AAF34E7C2F80080E8
S3150801A4F0AAE70133052B41F8042B02F10602B0D174
S3150801A500B3E701283FF427AFF4F7CAFD0028B3D013
S3150801A51001283FF420AF2046F1F7BAFAACE701214A
S3150801A5201B20154AEFF7B6FF2577A7E76815002020
S3150801A53070E8030885A501086816002012B00020F6
S3150801A540FC88002000890020B089002060160020C0
S3150801A550708A0020B6890020B5890020D08700209E
S3150801A560A089002088890020A18900208C890020E3
S3150801A570AC890020C886002084E80308BF8900202A
S3150801A5806C8A002037B50446C37800210093837886
S3150801A5900A4A1B20EFF77EFFE3786BB1084DD5F821
S3150801A5A0F4300BB1204698476B7F1BB903B0BDE861
S3150801A5B030407FE600232B7703B030BDA0E80308BF
S3150801A5C06815002010B5074C0021237F1B20064A79
S3150801A5D0EFF760FF00236377237F13B9BDE81040C7
S3150801A5E068E610BD68150020CBE8030838B5154B99
S3150801A5F00546DB7E012B01D9FFF7E4FF124C94F8DF
S3150801A60020300133DBB2092B84F820300ED8B4F898
S3150801A610A400013080B2F4F729FC10B984F8B5001A
S3150801A62038BD2846BDE83840F6F782BC94F8B830FC
S3150801A6300420FF2B04BF012384F8B830BDE8384055
S3150801A640E4E400BF6815002030B0002007B5074BC9
S3150801A65007480193C0F81431002301A91A46D0F816
S3150801A66018011EF057F903B05DF804FB8D060208C0
S3150801A6706815002008B50448EFF74EFEBDE8084006
S3150801A6807120F6F779BC00BFE5E8030808B50C4860
S3150801A690EFF742FE0B4B0C481A7A197B61F3060257
S3150801A6A01A720A22B3F85C300849B3FBF2F3084A76
S3150801A6B0DBB2002B08BF1146BDE80840EFF72CBEF8
S3150801A6C0FBE8030890AF00201BE903087CEC0308AC
S3150801A6D0DFE9030808B50448EFF71EFEBDE80840A0
S3150801A6E07220F6F749BC00BF30E90308012210B50C
S3150801A6F00C4C0420636E43F430636366E3695B08BC
S3150801A7002367094BC3F8F826084A04F500535A612A
S3150801A710102204F580539A61EFF730F80223E360BB
S3150801A72010BD00BF0080045000D0035077007707A2
S3150801A730F8B5002932D11F4BD3F81C51002D37D05B
S3150801A74030272C7D1C4E2046EFF70AF907FB0463D8
S3150801A750DA6E1A4B9A4213D12846EFF767F9A0B178
S3150801A760EFF3118187F311880123154AA340536535
S3150801A770A2F580529362536381F31188BFF36F8FF9
S3150801A7802046BDE8F840EFF707B92846EFF782F902
S3150801A7900028F5D10123A340B364F1E7012907D1C4
S3150801A7A0044BD3F81C0118B1BDE8F840EFF74FBACE
S3150801A7B0F8BD00BF6815002000000450E38700209B
S3150801A7C0002004502DE9F04FC04BC14C8BB0C4F8A2
S3150801A7D0483104F5AE73C4F84C3120230025A4F89A
S3150801A7E0503104F5BE73059084F87C51C4F8543190
S3150801A7F0A4F85851D4F89C31002B00F0A883B4F87A
S3150801A8004A31B4F84801013B4008072B00F29F83FF
S3150801A810DFE813F0080053009D037A009D039D03AA
S3150801A8209D03AC00B4F85091B9F1000F00F08F8385
S3150801A830D4F84C81B8F1000F00F0898394F8A0612F
S3150801A840002E40F08483EFF31187302383F31188B8
S3150801A850C0B2A4F8A2019F48C4F80C6284F8166233
S3150801A860F7F7F8FA33464A46414600969948F7F704
S3150801A870EBF887F31188BFF36F8F072800F067831A
S3150801A8802F2800F06483002840F061830646924B26
S3150801A8900293029A12F8013BFF2B029240F0528171
S3150801A8A001351F2DD4BF002301230136202E00F0C8
S3150801A8B04A83002BEDD000234DE3B4F85091B9F14A
S3150801A8C0000F00F04483D4F84C81B8F1000F00F072
S3150801A8D03E8394F8A061002E40F03983EFF3118787
S3150801A8E0302383F311880123C0B2A4F8A201794861
S3150801A8F084F81632C4F81062F7F7ACFA43463246C2
S3150801A9003146CDF80090B1E7B4F85081B8F1000F9F
S3150801A91000F01D83B4F858A1BAF1000F00F01783AF
S3150801A920D4F84C61D4F85491002E00F01083B9F193
S3150801A930000F00F00C8394F8A031002B40F0078338
S3150801A940EFF31187302282F31188C4E98333022396
S3150801A950C0B2A4F8A2015F4884F81632F7F77AFA6A
S3150801A9604B4642463146CDF800A07FE7B4F8507110
S3150801A970002F00F0EC82B4F85891B9F1000F00F0FD
S3150801A980E682D4F84C81D4F854A1B8F1000F00F04E
S3150801A990DE82BAF1000F00F0DA8294F8A031002BBA
S3150801A9A040F0D58210F0800640F0D182EFF3118392
S3150801A9B00493302383F31188C0B2A4F8A201454851
S3150801A9C0C4E9836684F81662F7F744FA0222D4F8D2
S3150801A9D09C31D3F800B084F81422B4F8A2215200AD
S3150801A9E0D3B20293FFF796F80390FFF793F8039B08
S3150801A9F0C01A3A4B98420AD920220B230720CBF8D2
S3150801AA000C2084F81532049B83F3118833E7DBF8AD
S3150801AA104020DBF83C100A4012F4C06015D03048DB
S3150801AA200BF500510023C86320219005CBF80C10C3
S3150801AA3084F814324BBF0423052331202F204CBF41
S3150801AA4084F8153284F81532DDE794F814120239C0
S3150801AA500B296DD8DFE801F006106C6C6C6C6C6C18
S3150801AA60244B6C5A5846F6F7E9FF0322029BCBF8AA
S3150801AA703430A4F81422B8E7510605D540210BF560
S3150801AA800052D1630A2217E01206AED580210BF5D2
S3150801AA900052D1635846F6F7CBFF40F20D22E8E79C
S3150801AAA0D4F80C22BA420AD2511CC4F80C1218F86E
S3150801AAB00220CBF834200B2284F8142295E78EB9AC
S3150801AAC0C4F80C624F46D04601268EE78400020080
S3150801AAD06815002004170020C4160020DF9304001F
S3150801AAE0FFFF1F005846F6F7A3FF0D22E4E75306BA
S3150801AAF0C4D410067FF579AF80210BF50052D163D6
S3150801AB005846F6F795FF40F20D32B2E7D1057FF5C3
S3150801AB106CAF4FF480720BF50053DA6394F8153273
S3150801AB20022B0BD0032B0BD0012384F815326AE7CD
S3150801AB304FF400630120A4F8143264E72D2062E77C
S3150801AB40062060E794F8B422042A2DD8DFE802F03B
S3150801AB5003102E404600242B02D000252B46A4E6DE
S3150801AB60012284F8B63284F8B52284F8B422F4E7CF
S3150801AB702C2B0AD0A3F14102D2B20F2A14D84AF2D9
S3150801AB80410121FA02F2D2070ED594F8B5222C2BEF
S3150801AB9002F10101224484F8B51282F8B632DCD1F9
S3150801ABA0022384F8B432D8E70023FAE794F8B522E9
S3150801ABB0602A09D9002184F8B412511C224484F868
S3150801ABC0B51282F8B632C8E72A2BF6D10321F2E785
S3150801ABD0042284F8B42294F8B522EEE794F8B52253
S3150801ABE0BC4F501C0021224484F8B50282F8B632C3
S3150801ABF0384601233D4684F8B41210F8012F9C46C5
S3150801AC002A2A03F1010301D1634603E0642B81EA91
S3150801AC100201F2D1E818E2184FF0000C034682F857
S3150801AC20B9C2083310F801EFBEF1000F0FD0AEF12B
S3150801AC303002D2B2092A06D9AEF14102052A0FD845
S3150801AC40AEF13702D2B2984242EA0C1CEAD161450A
S3150801AC5012D0FEF794FF012363700025012324E631
S3150801AC60AEF16102052A04D8AEF1570E5FFA8EF2EB
S3150801AC70E9E74FF0000CEAE7002138460B4610F8E1
S3150801AC80012B2C2A03F101021CD10131062919D104
S3150801AC90642A1BD1FEF773FF6378032B40F25081B8
S3150801ACA000233A469A4612F8011B0AF101082C2993
S3150801ACB02FD10133022B2CD1B8F1640F2ED16FF0AD
S3150801ACC0004076E0642A1346D9D1E3E7A11891F842
S3150801ACD0B6123029DED0033307A9632B04DCE85CFE
S3150801ACE003F1010C2C2810D19B1A002228336B443E
S3150801ACF003F80D2C07A81BF0BEFC0F28A8BF0F20D0
S3150801AD00C0B203286070C7D8C4E7634601F8010BCF
S3150801AD10E3E7B8F1640FC246C5D1D0E704EB0803EF
S3150801AD2093F8B63207A88DF81C3004EB0A0393F89A
S3150801AD30B8320AF1030A8DF81D3000238DF81E304A
S3150801AD401BF099FC834607AABAF1630F05DC15F8CF
S3150801AD500A300AF101012C2B3FD1AAEB080808F1A8
S3150801AD6028030DEB0308002307A808F80D3C1BF080
S3150801AD707FFC002251EC100B574B1AF0F9FF804665
S3150801AD80894658461AF060FEA2444B4642461AF0D6
S3150801AD900FFD9AF8B732532B23D102460B460020F2
S3150801ADA000211AF003FD00224C4B1AF0B7FE1BF0E6
S3150801ADB037FC4B4B3A46986000239A4612F8011B1A
S3150801ADC00AF101082C2911D10133042B0ED1B8F14E
S3150801ADD0640F10D16FF0004060E08A4602F8013B2B
S3150801ADE0B2E74E2B1CBF00200021DCE7B8F1640F47
S3150801ADF0C246E3D1EEE704EB080393F8B63207A897
S3150801AE008DF81C3004EB0A0393F8B82293F8B9328B
S3150801AE108DF81D208DF81E3000238DF81F301BF08C
S3150801AE202AFC83460AF1040A07AABAF1630F05DC6C
S3150801AE3015F80A300AF101012C2B3FD10022C8F17D
S3150801AE40FF280AF1280308F57F0808F1FE086B4474
S3150801AE50434403F80C2C07A81BF00AFC002251EC0A
S3150801AE60100B1D4B1AF084FF8046894658461AF086
S3150801AE70EBFDA2444B4642461AF09AFC9AF8B732C1
S3150801AE80572B1FD102460B46002000211AF08EFCD3
S3150801AE900022124B1AF042FE1BF0C2FB0022104B95
S3150801AEA05860134617F8011B01332C290FD10132BB
S3150801AEB0092A0CD1642B19D10A4B3BE08A4602F8C0
S3150801AEC0013BB2E7452B1CBF00200021E0E7642BBC
S3150801AED0E8D1F1E71E18002000004E40000060414D
S3150801AEE030B00020000080FF0000C84200221D4447
S3150801AEF007A9C3F1650301329A4203D015F8010B7C
S3150801AF002C281AD102F128030DEB0302002307A806
S3150801AF1002F80C3C1BF0ACFB51EC100B1BF0B8F81B
S3150801AF201FED0F7A07EE900A67EE877AFDEEE77A4C
S3150801AF3017EE903A0E4A13608FE601F8010BDAE72D
S3150801AF40FEF71DFE89E6002B3FF454ACB3E494F8F2
S3150801AF501A330133DBB2092B84F81A3305D805985D
S3150801AF600BB0BDE8F04FF5F71EBF0BB0BDE8F08F8B
S3150801AF7030B00020034B4FF48071D3F81C031FF047
S3150801AF802DB900BF6815002038B50B4CD4F820330D
S3150801AF901B691D681DF0A8F8AD6B1DF0B3F84DB11E
S3150801AFA00121064B186894F824339940BDE83840C6
S3150801AFB01FF014B938BD00BF681500205C040020D5
S3150801AFC0E2E7054A92F8253313B1013B82F82533A6
S3150801AFD0002382F82633D7E76815002038B50125FE
S3150801AFE0846B90F83010206A05FA01F120F034F8E4
S3150801AFF094F82C10206B05FA01F1BDE838401FF0D2
S3150801B000EDB8F5F7BBB92DE9F341354D0DF106015B
S3150801B010B5F8283305F22A30ADF806300BF0F2FD03
S3150801B020BDF80630D5F82A43A5F8283303B93CB349
S3150801B030631C25D024BABDF806302C61A5F828333F
S3150801B040EB81284DFEF7CEFDD5F8BC30BDF806607C
S3150801B05093F8008095F8E530D5F8B400022BA5F8E9
S3150801B0608860C5F88C4016D1FF211CF0D0FE552208
S3150801B0702146D5F8B4001CF0D8FE02B0BDE8F0812F
S3150801B0801948F5F707FA002104461748ADF80610DE
S3150801B0900BF00AFDCFE731461CF0B9FED5F8BC30F6
S3150801B0A0D5F8B4701B78012B18D042463146204694
S3150801B0B00CF034FB0246214638461CF0B6FE002E3B
S3150801B0C0DBD0F3F7FBFB0028D7D000214FF0FF3088
S3150801B0D0F7F796F80020F6F7FDFFCEE75522EAE7DF
S3150801B0E0681500207CAE0020921800208BE700230B
S3150801B0F007B502380193052818D8DFE800F01C17B0
S3150801B1001E17031520210E4B01AAD3F81C031FF0A5
S3150801B110A3FA019B2BB14FF0E0234FF08052C3F8FD
S3150801B120042D03B05DF804FB1021ECE7054B064A34
S3150801B1305A62F3F7EEF90221E5E70821E3E700BFD2
S3150801B140681500200000085001001D03002307B5FB
S3150801B15001930F4B0F4A5B68D2F81C03C3F308032C
S3150801B16033B94FF4005103B05DF804EB1FF036B85C
S3150801B1704FF4005101AA1FF06FFA019B2BB14FF052
S3150801B180E0234FF08052C3F8042D03B05DF804FBA9
S3150801B19000ED00E068150020002307B50328019398
S3150801B1A00ED0052814D0012815D0019B2BB14FF0DC
S3150801B1B0E0234FF08052C3F8042D03B05DF804FB79
S3150801B1C0012101AA054BD3F81C031FF045FAECE748
S3150801B1D0402101AAF6E7042101AAF3E76815002030
S3150801B1E0F5F7B8B87FB53E4E96F82E3313F0300F03
S3150801B1F004D102A8F4F7EEFD04B070BD394BD3F8BB
S3150801B200BC309A89002AF7D01B7840F6FF74012BC7
S3150801B21096F82F3308BFFF2443B1334BD6F83023B2
S3150801B2201B689B1A40F6B8329342E5D90025684651
S3150801B2300095ADF80450F4F7CDFD9DF8043086F875
S3150801B2403433BDF80030A34207D1F5F73FF90B2394
S3150801B250B0FBF3F202FB1300C5B2012008F0D6F8E1
S3150801B26004460028C8D0B6F828330321FF2B96F8E0
S3150801B270352303462CD9022005F094FF40F6FF73C7
S3150801B280A4F85030002302A80293ADF80C30F4F765
S3150801B290A1FDBDF80A30A4F85C30638943F4007354
S3150801B2A06381002384F894301DB1636843F48043B5
S3150801B2B063600023C4E905330B4B20461B68A5636D
S3150801B2C0C6F83033012386F82F3307F0FBFA93E7E4
S3150801B2D0012005F067FFFF23A4F85030DDE700BF22
S3150801B2E0681500207CAE0020C408002008B500209F
S3150801B2F007F0CAF9044B4FF40071D3F81C03BDE8F3
S3150801B30008401EF06BBF00BF68150020012007F03A
S3150801B310BBB9022007F0B8B970B578B1042830D1A5
S3150801B320194D95F93633002B25DA05F54E700BF0D4
S3150801B33045FE20B90220003818BF012070BD00263D
S3150801B340032405F57170C5F8C06385F83A430BF017
S3150801B35035FE0028EED0B5F85034C5F84C6485F8AA
S3150801B360C64353B905F59A65AA7842B901330F2B35
S3150801B37005F11C05F8D10020DDE72046DBE70120B1
S3150801B380D9E70BF0E9FED6E76815002070B5144633
S3150801B390134A064692F825330D46A2B013B1013B6E
S3150801B3A082F825338822002168461BF0E8F9C02374
S3150801B3B08DF80030012301968DF808308DF8095073
S3150801B3C034B10FCC03AD0FC594E8070085E8070033
S3150801B3D06846F5F7D0FCFFF7D7FD22B070BD00BF70
S3150801B3E06815002010B5A2B00446882200216846D7
S3150801B3F01BF0C5F9C32368468DF800308DF8044063
S3150801B400F5F7B9FC22B010BD70B5114CB4F8280394
S3150801B4100CF04CF9257B05F0070628B1002E0CBF68
S3150801B42000238823A38270BD05F0CCF900280CBF40
S3150801B4302E23962316B10C3B9BB2F3E72A06F1D5C8
S3150801B440143B9BB25B009BB2802B28BF8023E9E7A4
S3150801B4506815002008B5034B1873FEF7C3FBBDE852
S3150801B4600840D1E76815002010B4D0F80220C48836
S3150801B4700189C0F81D20220980F82120C1F3032281
S3150801B48042EA041280F82220027B80F82310817A8E
S3150801B490C2F38002C1F3C001920142EAC11242F02D
S3150801B4A0010280F82520C27A5DF8044B80F826202F
S3150801B4B006F0F0BC10B4D0F80220C4880189C0F89F
S3150801B4C01D20220980F82120C1F3032242EA041231
S3150801B4D080F8222080F82310027F90F84C105DF83E
S3150801B4E0044B0A4480F82420027BC2F380029201AD
S3150801B4F042F0030280F82520C27A80F82620027DD0
S3150801B50080F8292006F0C6BC03289DBF034B03EB30
S3150801B5108003D3F89C000248704700BF50B4030863
S3150801B52052E903080B289DBF034B03EB8003D3F8AD
S3150801B530AC000248704700BF50B4030862E903082B
S3150801B5400D4B197899B10D4B1A788AB164230C48B9
S3150801B55011FB03F1007838B94808FF2A08BF002211
S3150801B560091A0123F7F710BF10FB03F0F5E70A469E
S3150801B57011461046F5E700BF458900204689002097
S3150801B580478900202DE9F8434E788146022E0D465B
S3150801B59017461C46DDF8208070D0042E00F0AA80DC
S3150801B5A0012E40F0C380DFF89C810E2208F27464F4
S3150801B5B0002120461BF0E3F8D9F80030032FC8F81C
S3150801B5C07436D9F80430C8F87836D9F80830C8F886
S3150801B5D07C3608D12846F5F781FC0446012C4BD167
S3150801B5E0FF20BDE8F88347D9EA7802F01F0202EB8B
S3150801B5F042030433BB423FD8002AEBD0002334462A
S3150801B6009C4619469E46994618462E79502E31D1A2
S3150801B6106F79AE79042F27D0052F29D0032F29D189
S3150801B62031464FF001090130824205F10305ECD894
S3150801B630B9F1000F20D0BEF1000F1DD0994238BFD5
S3150801B64000233B4A38BF1C4611703A4A82F800C0AB
S3150801B650394A1370FFF774FF50233849384888F878
S3150801B6608036F5F7B1FBB9E7B4464FF0010EDAE7D4
S3150801B6703346D8E70024D6E70220B2E7EFF760FCA5
S3150801B68002460028F8D1022F09D187230322237005
S3150801B6906270FEF74FFAA07088F80020A0E7EBD990
S3150801B6A087230321AD782370502D617018D1FEF7D9
S3150801B6B041FA1F4BA0701B78E170A3710423237212
S3150801B6C01C4B25711B78617163720523E3721A4B52
S3150801B6D0E5711B78A57223730D2388F800307FE77F
S3150801B6E0FEF728FA0123A070E3702271072362711D
S3150801B6F0A271F2E7EFF724FC0028BDD1022FBBD9CE
S3150801B7008723AA7823700523502A637000D04AB983
S3150801B7105023A3700023E370012323713823637137
S3150801B7200623DAE7A070E0702071D6E7002058E713
S3150801B730458900204689002047890020DC1B002016
S3150801B740BDB7010868150020F0B50D4606461C462A
S3150801B7501746B3B0C022002102A81BF010F82A46EA
S3150801B760314602A88DF8C45001971BF02FF82346DD
S3150801B7702DAC03F11005224618685968083303C22F
S3150801B780AB421446F7D101211B200A4AEEF782FE85
S3150801B7900023094C1A46D4F8F00001A91DF0BAF89D
S3150801B7A030B1237F1BB9637F0BB9FEF783FD0120F7
S3150801B7B033B0F0BD72E903086815002030B50D46AF
S3150801B7C0ADB0AA220446002101A81AF0D8FF40F21A
S3150801B7D087332A7BADF80430502A29D1FEF7AAF916
S3150801B7E003238DF807304FF45473ADF80830154B21
S3150801B7F08DF806001B780D218DF80A3004238DF883
S3150801B8000C30114B8DF80B201B788DF80D304FF449
S3150801B810AA63ADF80E300D4B1B788DF81030012355
S3150801B8200B4A637301A82346FFF78EFF2DB030BD7F
S3150801B830FEF780F9012307218DF806008DF80730F8
S3150801B840EDE700BF45890020468900204789002089
S3150801B850AD8D0008438800220B800379C3F30603E4
S3150801B8604B72037913F07F0318BF01230B734378D7
S3150801B8704A60CB72037813F0020F0CBF25232723E6
S3150801B8808B72037A4A73C3F306030B727047F0B5DA
S3150801B890B3B005460F4616460021B22205A81C4636
S3150801B8A01AF06DFF40F27A7301A92846ADF81C30EB
S3150801B8B08DF81E708DF82060FFF7CCFF0B462246E7
S3150801B8C0052107A8FFF740FF40B9054BD3F8DC006F
S3150801B8D000906846A047012033B0F0BD0020FBE781
S3150801B8E050B40308F0B500230126774C774ABFB058
S3150801B8F06261774A774DA26194F8B620CDE90333A0
S3150801B90062F07F02059384F8B460EE7684F8B62077
S3150801B91085F88236FBF722FA002800F0B880002362
S3150801B92084F8B43003A8F2F72BFE9DF80C20002703
S3150801B930012A18BF0022059B674E18BF84F8B42058
S3150801B940062113F00103306801AA08BF84F8B43050
S3150801B9500197F3F7B9FA70B110243946224611A8AE
S3150801B9601AF00DFF01232246062011A98DF845304C
S3150801B9700194F5F7F8FA0021584A5948EEF750FFAD
S3150801B9800021584A5848EEF74BFF95F88836072B99
S3150801B9907BD16FF40073B5F88A56EB18092B74D866
S3150801B9A000215248EFF72CF81022002109A81AF0B5
S3150801B9B0E6FE0023062102AA30680293F3F784FA09
S3150801B9C00620029A09A9EFF765F9029B0C2B13D1F8
S3150801B9D001209DF829209DF828109DF82A308DF818
S3150801B9E02500ADF828108DF82A200620102209A96D
S3150801B9F08DF82B30F5F7B7FA9DF82B3000248DF822
S3150801BA0018300B9B9DF82A208DF81930BDF828307F
S3150801BA10CDE90744ADF81A304FF0000362F3060387
S3150801BA208DF81C309DF8243040F20121812B41D13B
S3150801BA308D4214BF0126FF26102221460DA8BDF806
S3150801BA4026701AF09CFE2046FEF7C4FAB222054675
S3150801BA50214611A81AF093FE40F67A13ADF84C3038
S3150801BA6001230DA906A87FBA6DBA8DF85630ADF82F
S3150801BA705050ADF852708DF85560FFF7EBFE0B4646
S3150801BA8022460B2113A8FFF75FFE3FB0F0BD11A8B0
S3150801BA90FBF7A8F9149B002B3FF441AF0DA8F3F768
S3150801BAA065FF00287FF43BAF0D9B85F88266C5F8D4
S3150801BAB0843637E7234622468D4214BF0521FF21E6
S3150801BAC006A8FFF7E4FEE0E730B00020259B010851
S3150801BAD0EF820108681500204C890020EDA50108B0
S3150801BAE054B000206DA0010894B00020299B0108DC
S3150801BAF02DE9F0434A780546012A0C461F468BB0C4
S3150801BB0006D0022A00F0C88000200BB0BDE8F083F9
S3150801BB100023DFF8C4816A4E88F800208A7896F8EF
S3150801BB20EA1002F03F029142017ACDE9043318BFC7
S3150801BB3086F88E364B0628D1427861792079EFF757
S3150801BB4012FD002850D094F80290D5F8060009F0A5
S3150801BB503F01FEF7D1FA002849D04FEA4902231DD1
S3150801BB6002F07E020793E37842F0010209F08009A8
S3150801BB7042EA09028DF820305248534BAA720695BB
S3150801BB800497984220D3042026E001F07F01002083
S3150801BB90EFF78AFB8146297A012001F07F01EFF749
S3150801BBA083FBB9F1000F1FD0F0B199F80030029369
S3150801BBB0D9F80430019303780093436862792179AF
S3150801BBC06878EFF73BFBBCE74188227991422ED191
S3150801BBD004AA06A9EEF7EDFE9DF81420129B042887
S3150801BBE086F88E061A7002D1002386F88E3600234F
S3150801BBF088F8003096F88E86B8F1030F15D0A77825
S3150801BC00D5F8069007F03F0739464846FEF774FA15
S3150801BC102B7813F00C0F0CD000283BD0C6F8EC900B
S3150801BC202B7886F8EA7086F88F36FF206DE728307C
S3150801BC30A7E710B996F88F3663B3D5F8063018F02A
S3150801BC40FD0FC6F8EC304FF00003A47886F8EA70C9
S3150801BC5086F88F3618D104F03F042846EFF770F9B5
S3150801BC6001460028E1D10E220DF11A001AF087FDCE
S3150801BC70284606A9FFF7EEFD424621469DF81530EE
S3150801BC8006A8F5F70DF9D0E7B8F1FF0F08BF04F0DC
S3150801BC907F04E2E7022038E7094B8A7893F8E9300E
S3150801BCA09A42C2D10948F6F715FA094B18780028BD
S3150801BCB0BBD1EFF7EDFE0122064B1A70B5E700BFBF
S3150801BCC068150020F062000848650008748A00209B
S3150801BCD0A0890020A18900205489002010B5064CAE
S3150801BCE00146D4F8C4001AF067FD10B9D4F8C000AB
S3150801BCF010BD0020FCE700BF30B00020F0B541F2CE
S3150801BD0021060A448A4200D1F0BD0823802411F88D
S3150801BD10017B07EA0405003D18BF01254FEAD03C1F
S3150801BD204000654580B218BF7040013B4FEA540494
S3150801BD30EFD1E7E7E82909D801230139C1F3CC0294
S3150801BD4001F007018B40815C0B438354704710B5A2
S3150801BD50044680B1006870B100231CF0DBFD0128A0
S3150801BD6001460AD1A06808B9002010BD2379994077
S3150801BD701EF034FAF8E70220F7E70120F5E7712308
S3150801BD8000B5ABB08DF80030044B00221B6869463C
S3150801BD909868FFF7DCFF2BB05DF804FBD08700201D
S3150801BDA010B50E4CA3690BB1607F9847637F2BB919
S3150801BDB094F8B630812B01D0FFF7E1FF94F8B8303B
S3150801BDC0012B04D1064B074A5A62F2F7A2FB6421FA
S3150801BDD0BDE810400448F6F7E3BA00BF30B00020CA
S3150801BDE000000850FFFF1D03ECB00020C7E730B57F
S3150801BDF00A4BABB00446A822002168461D681AF012
S3150801BE00BEFC7D234FF4FA726946A8688DF80030A6
S3150801BE108DF80440FFF79BFF2BB030BDD08700207B
S3150801BE2010B5084A04461378013BD8B2107040B9D8
S3150801BE3082F89006FFF7DBFF2046BDE81040F4F7CD
S3150801BE40A1BF10BD6815002070B5C46A0546CCB1FE
S3150801BE501CF04AF994F828401CF054F9AB6B95F894
S3150801BE6030601D6A1CF040F92D681CF04BF901235E
S3150801BE70B34004F001042B40002B0CBF204644F0CC
S3150801BE80010070BD2046FCE708B50648FFF7DCFF50
S3150801BE9010B10448F4F776FF0022034B83F82020FB
S3150801BEA008BD00BF54B0002030B0002008B5FFF728
S3150801BEB0EBFF0B4890F8B810FF290DD0FC298CBF71
S3150801BEC000220122074B5200A830FFF7E0FC30B1EF
S3150801BED0BDE80840002063E7BDE808404FE708BD14
S3150801BEE030B00020A1BD01080122014B5A77DDE7D8
S3150801BEF030B00020F7B50027344D354CC8223946F5
S3150801BF0005F1200084F8B9701AF039FC95F88236E3
S3150801BF10002B51D04FF00066B36A03F17842B2F5AF
S3150801BF20C04F49D21B6B002B46D02A48FAF75AFE56
S3150801BF30B36A38461B6B40F2C9225B6A05F5D361C1
S3150801BF40984707462348F9F70AFA002F34D105F529
S3150801BF50D3630193F3F7B0FCB36A03F17842B2F500
S3150801BF60C04F29D21B6B03F17843B3F5C04F23D2D7
S3150801BF701848FAF737FEB36A00211B6B01989B6ACA
S3150801BF80984705461348F9F7EAF940F201239D4215
S3150801BF90E0D040F203239D4200D06DB994F8B63043
S3150801BFA0812B14BFFF23FD2384F8B830FFF77EFFEA
S3150801BFB00023637703B0F0BD01236377042384F874
S3150801BFC0B83003B0BDE8F04070E700BF681500203F
S3150801BFD030B0002078110020044B93F8B720FF2ACF
S3150801BFE003D1034AC3F8A4204EE7704730B00020B6
S3150801BFF000000F1D38B500250E4C2846A4F86259D5
S3150801C00084F86459A4F86659A4F8685984F86A59F1
S3150801C01084F89056FFF7EBFE04F66C102570FFF7CF
S3150801C02013FF28B104F66C10BDE83840F4F7AABE30
S3150801C03038BD00BF68150020F8B5046A05461CF02E
S3150801C04053F82668012706F07F4323601CF05AF847
S3150801C050002495F82430A34200D8F8BD07FA04F362
S3150801C060334205D0AB6A53F82400C36B03B1984732
S3150801C0700134EEE738B5056A0C461CF035F801239C
S3150801C08003FA04F12B6823EA01032B60BDE8384063
S3150801C0901CF038B8C36A70B505460E461BB31CF0CA
S3150801C0A08DF900220321E86A1EF00EF801280446DC
S3150801C0B013D132460421E86A1EF006F8012804461F
S3150801C0C00BD195F83010A86BFFF7D4FF074B214623
S3150801C0D01A68E86A1DF0F8FF04461CF04BFB601E5F
S3150801C0E018BF012070BD0120FCE700BFC40800206D
S3150801C0F02DE9F04FC1B080460D4617461C46DDF8BE
S3150801C1002891EEF71DFF002840F088826E78731E8D
S3150801C110092B00F29E82DFE813F00A009C02040153
S3150801C1209C029C023A009C024F029C0291027A23CD
S3150801C13000252370022328466370A570E570FDF774
S3150801C14049FF000A20712846FDF744FFFF234FF6F1
S3150801C150FC72A571E57101252372B14B60711B68EB
S3150801C16028469B6965729B89063B1A40C3F30723D8
S3150801C170A372E272FDF72EFF000A20732846FDF727
S3150801C18029FF0F236073A57389F8003009E0A54CD0
S3150801C190A54E237F022B08D0F37E012B01D9FEF78A
S3150801C1A011FAFF2041B0BDE8F08F3A46294641F61B
S3150801C1B00F50FFF7A3FD40B1F37E012B01D9FEF71E
S3150801C1C001FA002384F8B830EBE795F8029095F860
S3150801C1D003804FEA092303F4FE439844B4F8A430D4
S3150801C1E084F820000133984503D0012384F8B83038
S3150801C1F0D2E796F8AC39063FFFB2BB424FFA89F946
S3150801C20002D0B9F1000FF0DA94F8B5A0BAF1000F2F
S3150801C21017D1A822514613A81AF0B1FA4523514657
S3150801C2201B20824A8DF84C30EEF734F97C4B4FF4DB
S3150801C230FA721B6813A99868FFF789FD012384F828
S3150801C240B5307B48F4F774FEF37E96F8ACA9012B5A
S3150801C250784805F1040526D994F8B9303A462946AD
S3150801C26003FB0A001AF0B2FA94F8B9A0B4F8A600CA
S3150801C2700AF1010A3A4629465FFA8AFA84F8B9A008
S3150801C280A4F8A480FFF73AFDB9F1000FA4F8A600B7
S3150801C29032DAE38B834212D00023092084F8B830BE
S3150801C2A0FDF7B4FE78E729463A461AF08FFA08F1FF
S3150801C2B0FF3039460AFB00F0F3F78CFCD4E7F37E2E
S3150801C2C0012B0ED9FEF77EF994F8B93096F8AC0928
S3150801C2D05A1E02FB0071A8EB0303584389B2F3F710
S3150801C2E079FC64215448FFF7D5FE01287FF459AF3C
S3150801C2F00820FDF78BFE54E7F37E9A4501D2052007
S3150801C300F7E7012B0BD996F8AC09A8EB0A080AFB43
S3150801C31000F100FB08F0F3F75DFCFEF753F907207F
S3150801C320E7E71022002102A81AF029FA0A2F2A7A29
S3150801C33040D9B5F809305BBA9BB222B30120FDF7A3
S3150801C34065FEB222002113A81AF019FA40F27A43BF
S3150801C35002A94046ADF854308DF85660FFF77AFACF
S3150801C3600123364A8DF8153015A80B460321FFF728
S3150801C370EBF900287FF415AF4FF4003306A80693AE
S3150801C380FDF77EFE0DE70B2F1CD02649E87A91F8BA
S3150801C390B620C0074CBF42F0010202F0FE020C2F84
S3150801C3A081F8B6200ED02A7B012A0BD0042681F803
S3150801C3B0B760C3E722B103221A4B83F8B720BDE75A
S3150801C3C04FF0FF334FF6FC77154A164C12689269FF
S3150801C3D09289063A17405A1C07D09F4200D31BB9C7
S3150801C3E0022684F8B760A9E71F46688848B9FDF7A9
S3150801C3F0F1FDB5F8049099FA99F91FFA89F9814579
S3150801C40001D00026EDE794F8B430002BD3D0EE889E
S3150801C410636976BAB1B29BB1984788B90126E0E754
S3150801C420D087002030B00020681500208DE9030868
S3150801C43054B000208815002094B0002081A001087E
S3150801C440DFF8389284498548F5F7AAFF99F88236C4
S3150801C450B3B306A8FAF7C6FC9DF82030012B40F0C5
S3150801C4609480099B63B36846F3F780FA40BBDDE91C
S3150801C470005A13A8FAF7B6FC9DF85430012B67D178
S3150801C48045EA0A03C3F30C03D3B9BAF5002F17D843
S3150801C49005F17843B3F5002F12D8714BAA449A4592
S3150801C4A00ED84FF4803B6F4B2846C3F868B005F5A4
S3150801C4B000551EF065FE554502D06A4B0028F3D09B
S3150801C4C0694B0022C4F8A430FF23227784F8B830D8
S3150801C4D084F82020E283D8F80000D8F80410634BCA
S3150801C4E0169203C3D8F808001022186094F8B630DB
S3150801C4F006208DF84C3001238DF84D30B8F80230FE
S3150801C50013A9ADF8503098F80430ADF84E60C3F36E
S3150801C51006038DF8523098F800308DF8533098F8A4
S3150801C52001301593F4F71FFDFBB2642BD8BFC8225F
S3150801C530E68389F8AC394FF0FF06D8BFB2FBF3F3AF
S3150801C5404FF00000D8BF89F81B3084F8B760F6E6CB
S3150801C5504FF0006BDBF8283003F17842B2F5C04F93
S3150801C560AED21B6B03F17843B3F5C04FA8D240484E
S3150801C570FAF738FBDBF8283051461B6B2846DB6B8C
S3150801C58098473B48F8F7EBFE9AE74FF00065AB6A28
S3150801C59003F17842B2F5C04F92D21B6B03F178438F
S3150801C5A0B3F5C04F8CD23248FAF71CFBAB6A0020B0
S3150801C5B01B6B5B699847E4E7287AFDF70BFD2D4F5E
S3150801C5C08246F98BB5F802B0B5F80480EE8859B9F8
S3150801C5D0102213A81AF0D3F81022062013A9EEF791
S3150801C5E059FBBDF84E30FB83BBF1000F18D198FA01
S3150801C5F098F292B2524513D1FA8B73BA9BB293420F
S3150801C6000ED16B7A012B0BD164211B48FFF742FD32
S3150801C61001280CBF0B200A20FDF7F8FC0220C1E512
S3150801C6202B6823606B6863602B7A23720923637016
S3150801C630002363726B7AA3720B23A5E57A23237011
S3150801C6400B2363700323A3700023E370237105236F
S3150801C6509AE50020A6E500BF009F2400ECB0002063
S3150801C660000008080090005000000F1DD8B00020F7
S3150801C6707811002030B0002094B000206815002001
S3150801C68070B58378294CB0B023B9B4F8AE39013303
S3150801C690A4F8AE392648F4F775FBB4F8663953B1F0
S3150801C6A0013B9BB2A4F866392BB12821204830B04A
S3150801C6B0BDE87040EEE4B4F8AE590E22003D18BF4D
S3150801C6C0012500210DF10600B4F8AE6984F86A590E
S3150801C6D01AF055F8B4F8683976BAADF80430252356
S3150801C6E08DF80E30EDF7D8FFEEF7CBFCA4228DF8C6
S3150801C6F00F0000210DF11A001AF041F840F2736398
S3150801C700ADF81430B4F8623900228DF816300123D9
S3150801C71006218DF8113005A801AB8DF81750ADF833
S3150801C7201860FFF711F830B070BD00BF681500201A
S3150801C730181F002010B5124BC0B01B68FC2200213F
S3150801C74001A81C681AF01BF80B238DF804300D4B51
S3150801C750204602930C4B01A9B3F8622993F8643970
S3150801C760ADF80C2000228DF80E30FFF7F0FA0128FB
S3150801C77004D1064B68460093FFF782FF40B010BD0F
S3150801C780D087002081C60108681500200000020232
S3150801C79070B51C464B780D46013B049E042B76D892
S3150801C7A0DFE803F00329753A5F008B78092B01D975
S3150801C7B0022070BDCB78002BFAD0364C0121364ABF
S3150801C7C004F66C10EEF72CF804F66C10F4F7DAFAA6
S3150801C7D0AB783BB92370A87884F89006FFF707FB76
S3150801C7E0FF20E6E7EB784FF47A7104F66C102370B4
S3150801C7F0FFF750FCEFE7EEF7A3FB0028D8D1732328
S3150801C800237003236370234B93F890261B78A27039
S3150801C810E37004233370E3E71E4C94F86A39022B5C
S3150801C820C6D08B885ABAA4F86629002BC0D043888B
S3150801C8301A4AA4F868398B7804F51B60A4F862399A
S3150801C840CB78002184F864390223A4F8AE1984F858
S3150801C8506A39EDF7E5FF282104F51B60FFF71AFC95
S3150801C860BEE7EEF76DFB0028A2D1732306222370DB
S3150801C870084B6270B3F86219A17093F86A19B3F894
S3150801C880AE39E170190A217163713270A8E7002087
S3150801C8908FE700BF6815002021BE010835C70108CA
S3150801C8A02DE980482D4B2E4C1B68C5B00546C4F8AA
S3150801C8B01C33F3F7B1FE0023C4F81C3AC4F8203A36
S3150801C8C0C4F8243A94F8283A0BB9F3F7A5FE0023DD
S3150801C8D0244A254952F8040B884205D0002839D143
S3150801C8E004EB8303C3F82C1A0021D4F8440A042361
S3150801C8F01FAAC4F8480A1F91F1F798FE40B1D4F867
S3150801C900440AF1F7A7FF08B90AF0FAFE174B1F9375
S3150801C9101F9B164A93425FD82ED0B3F1A06F4FEAF8
S3150801C920136225D2F6F746FA002629AA0823032117
S3150801C930D4F8480ACDE92966ADF8AC60F1F776FE78
S3150801C9400A230321D4F8480A29AA8DF8AC60F1F71D
S3150801C9501BFF0FE00133062BBCD1C5E75C040020A1
S3150801C96068150020941F002080B5030800010806F9
S3150801C970052AD9D0F3F718FA0027DFF824833B46AE
S3150801C980C146B34ED4F848AA06F1300B2993BAF139
S3150801C990000F00F034815046316829AAF2F794FA5B
S3150801C9A00023002840F02D817168299A914218BF09
S3150801C9B003200836002818BF47F00107B34509F8D0
S3150801C9C0010BE3D1002F40F01E811E230421A14A49
S3150801C9D0D4F8480AF1F72AFE4FF400512A7B9E4EF5
S3150801C9E00392D4F81C23D5F808A0A4F8A01AC4F811
S3150801C9F0AC2A06F13401202200230127C4F8A41A1F
S3150801CA0007210792301D84F8703A84F8723A84F83F
S3150801CA10733AC4F8743AC4F8783AC4F87C3A079A6F
S3150801CA2084F8717A84F8A81A1DF0DEFE84F8987ADB
S3150801CA30C4F89C6A04F0EAFDDAF808301B781F404E
S3150801CA4006D19E0600F1018113F0100718BF0327CE
S3150801CA500026DAF80C30814893F80890B4F82833A0
S3150801CA60B9F1FF0F17A908BF4FF00009ADF85C30FF
S3150801CA700AF0C8F8BDF85C302222A4F82833784BAE
S3150801CA803146C4F8303B774B0DF17E00C4F8383B8C
S3150801CA90754BC4F8346BC4F8403BC4F83C6BC4F816
S3150801CAA0446B19F06CFE04238DF87C908DF87D702B
S3150801CAB08DF88030DAF80C3003211A78D4F8480A50
S3150801CAC08DF881205A88ADF882209A88ADF884209D
S3150801CAD0DA88ADF88620654A2292654A2392654A24
S3150801CAE02492654A2592654A26925A7A8DF89C209F
S3150801CAF09B7A29AA8DF89D300A23CDE92966ADF8D6
S3150801CB00AC60F1F793FD9DF8AB3009F0FD02092AF7
S3150801CB108DF87E3007D1013B012B04D901208DF810
S3150801CB207E000AF053F81FA80AF0CDFD4FF0000861
S3150801CB30534F544E424641468DF8800007F108008E
S3150801CB40C4F8788BC7F80480F4F770F84FF48A7242
S3150801CB504146304619F013FE032333704A4B4FF012
S3150801CB60FF3BC6F8BC30494B06F1C40CC6F8C030C9
S3150801CB704FF001030DF17C0E86F8F630BEE80F0082
S3150801CB80ACE80F00BEE80F00ACE80F00DEF8003095
S3150801CB903F48CCF80030B6F8CC30C6F8B4B0A6F8A1
S3150801CBA0EE30B6F9CA30A6F8EC30A6F8F0301AF02D
S3150801CBB051FF142241462AA819F0E1FD354B424698
S3150801CBC02993354B29A91B8806F1B400ADF8B43071
S3150801CBD04FF48063ADF8B6304FF48073ADF8B830D2
S3150801CBE02E4B1B682F9307F1480307F58967319781
S3150801CBF0309318F091F90746002853D0FEE7012033
S3150801CC00D7E60220D5E600270126B946104B53F888
S3150801CC1037A018F8013B022B09D126B1002150464D
S3150801CC200AF082F806460137062FEFD1CDE6032B27
S3150801CC30F9D15146D4F8480A29AACDF8A490F2F7B1
S3150801CC4043F9002EEFD02999E9E7022700E700BF4B
S3150801CC5088B50308BA1F0020E41F00209218002097
S3150801CC60D99B0108FD9B010855B4010899B1010832
S3150801CC70EFB00108E1B101084DB10108B02000206B
S3150801CC80E02000207CAE002018B40308A0F50308B4
S3150801CC90690345EC512801080C2E0408102E0408D6
S3150801CCA0B41F0020D6F8B4800A2140461AF0CFF9FD
S3150801CCB040F6E44140461AF0CCF90121D6F8B40011
S3150801CCC010F0E8FC8C49D6F8B4001AF011FF8A492D
S3150801CCD0D6F8B4001AF022FF0122D6F8B40011469C
S3150801CCE01AF076FF3846F3F7E9F896F8E4306BB9A7
S3150801CCF01AA958461BF066F81AA958468DF868709D
S3150801CD001BF05DF8394658461BF05FF80621D6F840
S3150801CD10B4001AF013FFF1F7D1FDDFF80CB2D6F81B
S3150801CD20B480ABF12801002818BF5946404619F0CE
S3150801CD3037FCD221D6F8B40010F06EFCD6F8B40050
S3150801CD4010F086FCC728D4BF8C22C822B6F9CE308B
S3150801CD5096F8C8109342A8BF134696F8C400A6F8D9
S3150801CD60EA20A6F8CE30F1F709FE0F284DD80C2394
S3150801CD7003FB00B0614B643007C883E80700F3F78B
S3150801CD80B3FB96F8E530002B3FD196F8C43003F093
S3150801CD90FD03092B39D1D6F8A8B09DF87F80BBF1E0
S3150801CDA0000F1FD12C230893089B089B022384F8A4
S3150801CDB0183A1CF0A5F8524BC4F80CBAC4F8F03965
S3150801CDC0504BC4F804BAC4F8083A4F4BC4F8103AA1
S3150801CDD094F8183A43F0040384F8183A4B4B9B46E7
S3150801CDE0C6F8A83018220021494819F0C8FC0022C3
S3150801CDF0484BC3E92B2283F8C780B8F1000F77D1D6
S3150801CE004246032158461DF05FF941F60113424E89
S3150801CE104FF4407226F8383C404B0021A6F1300009
S3150801CE2046F8343C19F0ABFC0023C6E9B433C6E92D
S3150801CE30B633BDF85C3013B10120F5F77BFFDFF897
S3150801CE40EC80DAF80800D8F82030C6F8E03204F0A9
S3150801CE5039FE484604F074FFE922E421304819F006
S3150801CE608EFCFEF7D0F8039B042B01D0012B1ED1B3
S3150801CE70D8F810301A0A86F8D5231A0C86F8CE2364
S3150801CE80002286F8CD331B0E86F8D633D8F814302F
S3150801CE90C6F8CF33D8F81830C6F8D733D8F81C30C7
S3150801CEA086F8D32386F8DD331B0C86F8DB33F3F7D4
S3150801CEB051FA94F82E33D80740D5164E3378BBB3BA
S3150801CEC0F2F7CEFFF3F72EF80122D6F8B400114691
S3150801CED01AF07EFF0020F2F7F1FF00220121D6F8B1
S3150801CEE0B4001AF09EFD48BB0220F1F7F3FC25E0D9
S3150801CEF00C4B01211A6885E7B8B5030834AF002041
S3150801CF009DE9030880EE36002D2C0108581F0020E4
S3150801CF100CAF00207CAE002060260020C027090047
S3150801CF2044290020C408002058B503080000085009
S3150801CF30D6F8B4001AF068FD0228C1D101224FF0D3
S3150801CF4000084FF00909B54BB54E2B62B54B84F86D
S3150801CF50258383F8D120D0336B62B34B84F82683BB
S3150801CF60AB6206F2DE33EB6206F578732B6384F85F
S3150801CF702493FEF749FA06F5797306F23442FC2141
S3150801CF80CDF8008005201DF07AFCA84BC6F82009CB
S3150801CF90D3F800A006F62413C6F82409C6F82CA966
S3150801CFA086F8289906F51862A8212B61CDF8008024
S3150801CFB006F5136302201DF062FC0A2386F8D43AAB
S3150801CFC006F52D63C6F8D00AC6F8D8AA06F62C3295
S3150801CFD08821AB61CDF8008006F6DC2304201DF01C
S3150801CFE04EFC2A686B79C6F84C0DC6F8500DC6F882
S3150801CFF0582D86F8543D06F6AC5206F65C53E021E8
S3150801D000E861CDF8008002201DF039FC2A682B79E9
S3150801D0104146C6F86C0FC6F8700FC6F8782F6861D6
S3150801D020834A06F67C7086F8743FF3F7FFFDAB6A10
S3150801D0304FF00008C6F8BC3F96F8C03F7D4A0F2B53
S3150801D0404FF00F0387BFC6F8C42F86F8C03FC6F84E
S3150801D050C42F86F8C03FC6F8C88F774E4146774A2F
S3150801D0607748C4F82053F3F7E1FD4146754AA6F11E
S3150801D070EC00F3F7DBFD4146734AA6F1AC00F3F782
S3150801D080D5FD94F82E3346E91B88D90710D54146B4
S3150801D0904FF0FF30F5F7B4F80121A6F164006B4AA9
S3150801D0A0F3F7C4FD4FF47A71A6F16400FEF7F2FFB7
S3150801D0B00024674B214646F86C3C664B664A1B685A
S3150801D0C0664846F8203C46F8684C46F8244CF3F77F
S3150801D0D0ADFD2146182229A819F051FB4FF4E0208D
S3150801D0E029A91A94FCF716FB30B35D4B1FA829939F
S3150801D0F044F201031F930AF0E1F84FF4E0221F9B63
S3150801D1002E922B93574B2C932A9BDAB222B923F0F2
S3150801D110FF0343F001032A93F1F716FA022840F0B8
S3150801D1207B8140F201132A931FA929A8F2F7C0F9B6
S3150801D13010B110F18B0F06D14FF4E0204A491AAA13
S3150801D140F2F772FA18B10AF0C5F80AF0A7F9AB684E
S3150801D15000265B68DFF81C8118780CF0C7FA434B88
S3150801D1600421D3F8BC30D8F8000093F80090FF23C7
S3150801D1700DF117028DF8173001230996F1F756FAC2
S3150801D1809DF81730FF2B40F03A810DF1680A1422F9
S3150801D1903146504619F0F3FA662231462AA80A960C
S3150801D1A0ADF82C600C96ADF8346019F0E8FA43F244
S3150801D1B03903ADF8A43043F23013DFF8ACB00CAC48
S3150801D1C0ADF8A6309BF8013006A98DF818301BF882
S3150801D1D0023B0AA88DF81930F1F77CF920460AA90D
S3150801D1E0F1F7FEFD20682CAB9A199851237905367B
S3150801D1F0282E1371E6D1832306A90AA8ADF818309B
S3150801D200F1F768F906210AA819F00DFF184B421E15
S3150801D210ADF8AD308DF8AF302EE000BFB02000205C
S3150801D2206026002030B00020701500205C04002024
S3150801D230C1AF01087CB6030858370020D15D020842
S3150801D2402C3600206D5C02084D66020803B0010801
S3150801D25075AF0108C4080020F56502083C370020AF
S3150801D2604171FF00000002097C3700207CAE0020D6
S3150801D2703030300090880020FBB2984207F1010750
S3150801D28000F2CE8043F2310343F23006ADF8DA30CC
S3150801D2904FF4805306A90AA8ADF81830ADF8D8603E
S3150801D2A0F1F718F920460AA9F1F79AFD94E803005F
S3150801D2B04FF4E06337908DF8E0100AA806A9ADF897
S3150801D2C01830F1F707F920460AA9F1F789FD2379FC
S3150801D2D00C988DF8E53043F23023ADF8E63043F289
S3150801D2E03203ADF8E8300023CDF8E10006A90AA813
S3150801D2F0ADF81830F1F7EEF820460AA9F1F770FDF6
S3150801D30023790C988DF8EE300423CDF8EA0006A9A6
S3150801D3100AA8ADF81830F1F7DDF820460AA9F1F7A1
S3150801D3205FFD23790C988DF8F3300223CDF8EF00D1
S3150801D33006A90AA8ADF81830F1F7CCF820460AA9CB
S3150801D340F1F74EFD94E8030040F601333D908DF860
S3150801D350F8100AA806A9ADF81830F1F7BBF8204667
S3150801D3600AA9F1F73DFD2379A9F102098DF8FD30E6
S3150801D37043F63003ADF8FE3043F23033B9F1010F0D
S3150801D380ADF8003194BF032301230C983033CDF84F
S3150801D390F9001FA8ADF802618DF804311DF0A1FC52
S3150801D3A0002848D06FF0920009F094FF0AF076F849
S3150801D3B0BDF8683006A95BBA0AA8ADF81830F1F7C6
S3150801D3C089F820460AA9F1F70BFD94E80300202302
S3150801D3D02F4A2A908DF8AC10D8F800000321F1F7EE
S3150801D3E0D3F96A23052129AAD8F80000F1F7CCF95F
S3150801D3F001230421D8F8000009AAF1F7C5F9254B3C
S3150801D4005B682B7B032B00D013B9012009F018FEAA
S3150801D4102148F1F7E5FEFBE7012808BF2A9083E6D4
S3150801D42044A9C91AD31A03F588736B4413F8E83C5F
S3150801D43001F8613C20E70126184B209058212190DC
S3150801D44027901FA81F931DF056FC0DF1AD031493E9
S3150801D450134B159614AA16930EAB07CA83E8070051
S3150801D460104ACDF85CA01896199211AE17AA07CAE8
S3150801D47086E8070019461FA8FBF76EFC1FA8314668
S3150801D4801DF042FC1FA81BF0FDFD002890D089E77E
S3150801D4907C3700200080E00F2036002000020003C0
S3150801D4A0580000201400002038B5164D6B6C43B3A4
S3150801D4B01A78910606D5002098731946BDE83840B2
S3150801D4C004F0C4BF5C8962050FD59A7B012A0CD981
S3150801D4D0B5F84810013A9A73C1F1BD0105F14C003E
S3150801D4E089B2BDE83840FEF7D5BD002124F48C6227
S3150801D4F0184699735A8104F065FD6B6C24F48064AF
S3150801D5005C8138BD583700202DE9F04FADF5137D04
S3150801D5100DF5A678FC220021404619F030F99D4800
S3150801D520FEF792FC10B19B48F3F72CFC9A4D9B4EE3
S3150801D530D5F8203341461B6918681DF02CFD0128D2
S3150801D54040F0C780882200210FA819F018F9C023D6
S3150801D5508DF83C3000239DF84C710AACC4E90033C0
S3150801D560132F15D8DFE817F06A0090001400B900E8
S3150801D570240114002700340040004A001400580012
S3150801D58014001400140014008C0114001400B101D5
S3150801D59031AB88220021184619F0F1F8C522077126
S3150801D5A00270F3F7E8FBD5F8203341461B69186882
S3150801D5B01DF0D2FCBCE7012385F82633784B2046BB
S3150801D5C02360F0F7F7FDFF27002840F04F81CDE0F3
S3150801D5D0012385F82633724B204623600EF050FA54
S3150801D5E0003818BF0120EEE7549B2660636004F0FB
S3150801D5F0C5FA2146002009F0ABF8F1E7549B22460B
S3150801D6009DF85611BDF854012660636006F0A6F927
S3150801D610003818BF012035E00022549B9DF85611A9
S3150801D6206360604B9DF8540183F88C20012283F8CE
S3150801D6308D202246266006F0BFF8E9E79DF85411C9
S3150801D640549B9DF80002636001F03F03890644BFBD
S3150801D6504FF0010C5349266048BF81F88EC0CDE9C9
S3150801D660044000209DF8557143F02003CDE900736D
S3150801D670CDE90200BDF80422B5F828130DF5AB7300
S3150801D68005F088FF02279FE79DF80A723846FDF7DD
S3150801D69043FED0B9549B31AA6360819B266013600F
S3150801D6A09DF85431577253609DF808329DF855110B
S3150801D6B013729DF809320DF5AB7093729DF800321D
S3150801D6C00093234606F0A2FAA2E70A213148FEF79B
S3150801D6D0E1FC0DF5137DBDE8F08F324F9DF85591AC
S3150801D6E007F18F034A4618460DF5AB7119F06EF826
S3150801D6F003469DF854A1C7F848310AF03F0E4EF08B
S3150801D700200387F84D310023549A07F59E7B626002
S3150801D7100AF02001266087F839119DF8002294E85D
S3150801D7200300B5F828C38BE803001F4987F84E3173
S3150801D730CDE9311387F83AC187F8442187F84C9126
S3150801D74081AB07F24F170DF5077B1C4603CC5C45E9
S3150801D75038607960234607F10807F6D12068B9F1E0
S3150801D760820F386023793B7107D902270B9B0FA8D3
S3150801D770436001234772037213E71AF0010F0092FF
S3150801D78071464A4660460CBF084B31ABF1F774FA4D
S3150801D7903EE700BFDC350020681500208DB301087F
S3150801D7A0C3AF0108583700205D36020894380020B7
S3150801D7B09DF806A25046FDF7AFFD002885D19DF8D4
S3150801D7C055B1444F5A460DF5AB7107F18F0018F064
S3150801D7D0FDFF549B1AF0FB0F26606360C5D00BF161
S3150801D7E0FF33712BC1D8D7F86C9199F88C3309930B
S3150801D7F0002BBAD19DF805325A4606939DF8003298
S3150801D80007F18F010793B5F8283307F5C670089312
S3150801D81018F0DCFF94E80300099B0DF1300CCDE903
S3150801D8200D33089B079AACF80030069B87F87922D6
S3150801D830ACF8023020238CF806300AF1FF338CF855
S3150801D8400A3007F5BE7383E8030099F88C13103381
S3150801D85009B1052989D131A90A46484601213293D8
S3150801D860ADF8CCB0CDF8C4C00AF02CFF0A9B002B4A
S3150801D8703FF499AE95F82533013385F8253392E6B9
S3150801D880549B26606360134B93F87C2202B393F88A
S3150801D8908072012F1CD100229DF8540103F53173C2
S3150801D8A0D1B2884292BF002108EB0201497A0132BE
S3150801D8B0052A03F8011BF3D1F1F71EFA21460120C7
S3150801D8C008F046FF00F001007EE6F0F71DFF9FE62F
S3150801D8D001274BE7583700202DE9F341D1F8388065
S3150801D8E005460C4617461E46B8F1000F31D190F889
S3150801D8F0243090F825209A422DD9172B2BD82C2382
S3150801D9000193019B019B022381F828301BF0F8FA49
S3150801D910124BC4F8148023600123C4E90638104B5E
S3150801D92023622FB194F8283043F0040384F8283091
S3150801D9300020C4E90E56E46295F8243084F83030A4
S3150801D940AA6A42F82340013385F8243002B0BDE8BB
S3150801D950F0810220FAE70120F8E700BF1AE403087C
S3150801D960DDAF0108034B4FF48051D3F81C031CF0BB
S3150801D97035BC00BF6815002004289DBF024B1B1843
S3150801D98093F868020520704750B40308F0B5077F7D
S3150801D99090F84CC089B007EB0C03013380F82430AA
S3150801D9A001230446124E03AD03700FCE0FC533682B
S3150801D9B039462B60A37D04F11D02002B0CBF002301
S3150801D9C04FF49663ADF81C30E37D03A88DF8143047
S3150801D9D0A3690693237C03F00103019304F14D0324
S3150801D9E000936346F2F7D8FA09B0BDE8F040C3E7F9
S3150801D9F0C0B60308F0B5077F90F84CC089B007EBAD
S3150801DA000C03013380F8243002230446124E03AD79
S3150801DA1003700FCE0FC5336839462B60A37D04F119
S3150801DA201D02002B0CBF00234FF49663ADF81C3082
S3150801DA30E37D03A88DF81430A3690693237C03F0CC
S3150801DA400103019304F14D0300936346F2F7A4FA27
S3150801DA5009B0BDE8F0408FE7D4B60308F0B5077FF3
S3150801DA6090F84CC089B007EB0C03023380F82430D8
S3150801DA7005230446124E03AD03700FCE0FC5336856
S3150801DA8039462B60A37D04F11D02002B0CBF002330
S3150801DA904FF49663ADF81C30E37D03A88DF8143076
S3150801DAA0A3690693237C03F00103019304F14D0353
S3150801DAB000936346F2F770FA09B0BDE8F0405BE7F8
S3150801DAC0E8B60308F0B5077F90F84CC089B007EBB4
S3150801DAD00C03023380F8243006230446124E03ADA4
S3150801DAE003700FCE0FC5336839462B60A37D04F149
S3150801DAF01D02002B0CBF00234FF49663ADF81C30B2
S3150801DB00638A03A8ADF81430A3690693237C03F04E
S3150801DB100103019304F14D0300936346F2F73CFABE
S3150801DB2009B0BDE8F04027E7FCB60308F0B5077F62
S3150801DB3090F84CC089B007EB0C03023380F8243007
S3150801DB4007230446124E03AD03700FCE0FC5336883
S3150801DB5039462B60A37D04F11D02002B0CBF00235F
S3150801DB604FF49663ADF81C30638A03A8ADF81430F8
S3150801DB70A3690693237C03F00103019304F14D0382
S3150801DB8000936346F2F708FA09B0BDE8F040F3E6F8
S3150801DB9010B7030870B51B4C86B0B4F8D4320189A6
S3150801DBA0ADF8003000238DF80230174B8DF80110BF
S3150801DBB0D3F8BC3006461A78D0F8020009F0AEFD53
S3150801DBC040F21312114B01AD04F536748DF80200BB
S3150801DBD0A3F848200FCC0FC523686A462B60B37D8E
S3150801DBE00321002B0CBF00234FF49663ADF81430C4
S3150801DBF0F37D01A88DF80C30F2F7ACFA06B0BDE852
S3150801DC007040B9E650B403087CAE002058370020AE
S3150801DC1070B51B4C86B0B4F8D4320189ADF8003022
S3150801DC2000238DF80230174B8DF80110D3F8BC305C
S3150801DC3006461A78D0F8020009F070FD40F24C4207
S3150801DC40114B01AD04F53B748DF80200A3F8482089
S3150801DC500FCC0FC523686A462B60B37D0321002BC1
S3150801DC600CBF00234FF49663ADF81430F37D01A879
S3150801DC708DF80C30F2F76EFA06B0BDE870407BE617
S3150801DC8050B403087CAE002058370020831F012BAF
S3150801DC9004D9092894BF0020012070470220704743
S3150801DCA01E2803466FF00502A8BF1E2300209342D3
S3150801DCB0B8BF1346064A12F9011B994206DA013022
S3150801DCC01028F8D10F2828BF0F207047C0B2F9E7EE
S3150801DCD050B703082DE98048C14B8FB0C14D186074
S3150801DCE0C14BDFF88CB3ED1AC04BED105D43C04C48
S3150801DCF00335DBF800702846C4F8CC721CF093FE95
S3150801DD004FF00008DFF86CA3DFF86C93CAF804003B
S3150801DD1028468AF800801CF086FEC9F804002846C1
S3150801DD2089F800801CF07FFEB24D83216860404669
S3150801DD3085F80080ECF716FE4146AF48ECF760FE21
S3150801DD409AF800304FF4C47284F8D032DAF8043005
S3150801DD504146C4F8D43299F8003004F5487084F87D
S3150801DD60D832D9F80430C4F8DC322B7884F8E0329A
S3150801DD706B68A24DC4F8E43204F53473C4F81C3355
S3150801DD8085F81C8085F81D8018F0F9FC04F5956363
S3150801DD90C42104F548720220CDF800801CF06FFDFD
S3150801DDA04146974AC5F8F0001B20ECF773FB384645
S3150801DDB0F1F7D4FA94F8F83413B9012384F8F8344E
S3150801DDC00020F0F7F5FBDFF8B4820025C8F800005B
S3150801DDD00120F0F7EDFB8B4F8B4B386029468B4AB8
S3150801DDE08B481D70ECF71CFD40B18A4BC3E9005501
S3150801DDF0C3E90455C3E90855874B1D600021874AC5
S3150801DE00032513469446084684F8FC540131032930
S3150801DE10C3E903001D71D880187203F11003F5D107
S3150801DE207F4B94F81055C3F800C094F800C594F8D0
S3150801DE302015BCF1030318BF0123032D18BF0133B5
S3150801DE40032901D0022B25D00123107948B9D0889E
S3150801DE5038B9107A28B973481669864201D1D0684B
S3150801DE60C0B10133042B02F11002EED1BCF1030F4C
S3150801DE7000F03981032D00F0388103290AD10223E4
S3150801DE800022684904EB031383F80025C3F80C152F
S3150801DE90C3F808250025644B294664481D60ECF73C
S3150801DEA0AFFD29461B20624AECF7F4FAB22229464D
S3150801DEB0604818F064FC604B01211D705F4B05201A
S3150801DEC01D705F4B009503F150021CF0D8FCDFF87A
S3150801DED0B0915C4BC9F8000003F1500208210220F9
S3150801DEE000951CF0CCFC584BD9F800201860D4F8E2
S3150801DEF0CC32C4F8E825C4F8F035C4F8FC35042357
S3150801DF00032284F8F83594F80036C4F8F405052B8D
S3150801DF104FF000004FF0050384F8EC254B4A06A99B
S3150801DF208CBFC4F80426C4F804264FF004028CBF3B
S3150801DF3084F8003684F80036C4F808060690ECF72B
S3150801DF40A9FE40B1D8F80000F0F784FC3868F0F76C
S3150801DF5081FCECF769FD1E223D4906A819F050F827
S3150801DF6001213C4A0846ECF795FA01213A4A084646
S3150801DF7006ABECF78FFA00234AF6CD310B22CDE931
S3150801DF8004310121354CCDE90221CDE900130846BA
S3150801DF900823334AECF77EFA2368002B78D093F8E6
S3150801DFA02020002A74D01A79120771D55A6A198B5A
S3150801DFB090681AF051FE01286AD12A48F6F766FBDD
S3150801DFC0012803D11BF094FB274B18602748F6F765
S3150801DFD05DFB012856D11BF08BFB234B986051E062
S3150801DFE0D087002048650008F0620008CDCCCCCC6B
S3150801DFF05837002070890020C98E0008681500204E
S3150801E000B4E903084C89002054890020818E000850
S3150801E010F08600207886002074860020543C002073
S3150801E020F4880020C1B50008708600201D75000817
S3150801E030C8E90308B7890020FC8800204489002024
S3150801E040883C0020E03C0020F888002060B70308DF
S3150801E050D5E90308E3E9030809EA0308340E0020B1
S3150801E0601AEA0308B4B103083C0E0020CCB1030830
S3150801E0705C04002060890020688900204889002006
S3150801E0805089002000221A4B20681A70F3F76EFF98
S3150801E090DBF80020174B00211A631748174AECF7DB
S3150801E0A0BFFB40F2A5311448FDF7F4FFEFF31084E6
S3150801E0B072B601201CF060F920461CF0F8FD042018
S3150801E0C0ECF7C6FC002101200D4AECF7E3F90D48EF
S3150801E0D0F1F786F803460028F9D0002101200A4AFB
S3150801E0E0ECF7D8F9F3E70023CAE60123C8E600BF2F
S3150801E0F064AE002030870020643D0020C5A70108D2
S3150801E1003AEA0308583D002060EA03082DE9F04F72
S3150801E11000264FF48013B3B0CDE911661396109318
S3150801E12023AC10AD0FCDCDE90C660FC45F4A0E9630
S3150801E1300B920BADDFF8B4B1DFF8B4A10FCD28AC63
S3150801E1405B4D0FC41BACCDF850B0CDF83CA00FCD3C
S3150801E1500FC495E80F0084E80F0015AB3146182265
S3150801E160184618F00CFB4FF00108524F524B534C0E
S3150801E170C7F8D830524B04F24C69C7E93736514BC8
S3150801E180314622904FF4B8724846C7F8E4308DF804
S3150801E1905A8018F0F4FA4FF480134E462393CDF8BB
S3150801E1A09CB00DF18C0CBCE80F000FC63F4AC6F8AF
S3150801E1B000B02892CDF8B0A004F5D6660DF1A00CF2
S3150801E1C0BCE80F000FC6202204F2D473C4F89436B3
S3150801E1D0C4F89C36C4F8E83607F1D803C6F800A097
S3150801E1E0C4F8AC36384E394BC4F8982684F8E58617
S3150801E1F084F8EC8684F8A08684F8E486C6F81C912F
S3150801E200C6F82031324BC6F82431324BC6F82831CC
S3150801E210314BC6F83031314BC6F83431304BC6F87C
S3150801E2202C31EFF31182302383F311882D490B78B2
S3150801E230CBB182F31188BFF36F8F02A8EBF76AFBA4
S3150801E24060B9029B02A884F86036EBF763FB824645
S3150801E25000284FD094F86006F2F720FF10252846CB
S3150801E26033B0BDE8F08F81F8008082F31188BFF3DF
S3150801E2706F8F1D4A05F110001373137782F82C303E
S3150801E28082F83C3082F84C3082F85C3082F86C3087
S3150801E29082F87C301CF05DFE05F114001CF059FE75
S3150801E2A0D4F8F837C4F8F437C7E700BF01001000FF
S3150801E2B074B7030830B000209B6600085837002061
S3150801E2C08366000839BD000868150020459B0008CB
S3150801E2D0C789000821BF0008B1660008B7660008AB
S3150801E2E0BD970008E2870020E08500203C00015B1D
S3150801E2F04400015B029B4FF0010884F8C436704B59
S3150801E300704DC6F84031704B84F8ED86C6F8443135
S3150801E3106E4B0595CDE90330502303A806931CF0EF
S3150801E3208DFC6B4BC4F8F006039303A805F178033B
S3150801E33005931CF083FC674BC4F86807CDE9073AD7
S3150801E34005F154030993202307A80A931CF0DDFD60
S3150801E350614B5146C6F83831604BC4F84407A5F1FC
S3150801E360A800C6F83C3184F8E2A684F8E186EDF700
S3150801E3708DFC97F9E9603046EBF7F2F93046EBF791
S3150801E380FDF994F860663046EBF7EAFA00287FF45F
S3150801E39065AFCDF80490D4F8983630460093D4F892
S3150801E3A05C36D4F89426A5F1A801F4F76DFD064666
S3150801E3B000287FF453AF4FF0300942F264024FF45C
S3150801E3C0801194F8603609FB03F303F1A04303F5C2
S3150801E3D08023995097F9E8703846EBF7C1F9384622
S3150801E3E0EBF7CCF9C4F8DC66EFF3118389F31188EE
S3150801E3F03B4A3C49116083F31188BFF36F8FA5F13E
S3150801E400A800EBF724FC94F86006EBF7C5FA054675
S3150801E41000287FF423AF344E344BC4F8C807C4F838
S3150801E420C4373348331DC4F8BC37C4F8C0671CF079
S3150801E43090FD4346042208212846F9F7B9FF4346C9
S3150801E440022209212846F9F7B3FF304684F8CC574A
S3150801E4501CF07FFD1BA92748F4F7D6FD142194F873
S3150801E460CC2742F0040384F8CC37234BD207C3F8F0
S3150801E470C4144FF40021C3F8DC144FF41021C3F877
S3150801E480D41408D5022203F58053C3F8CC54C3F833
S3150801E490C424C3F8D054194E33681BB9184919480E
S3150801E4A0EDF722FC3368184AC4F8D037174B052113
S3150801E4B03360174B0F48DA64F9F75EFFCFE600BF02
S3150801E4C0E79A00084C3E0020C36600087BEA030869
S3150801E4D085EA030839E403088DBC0008BD6600080F
S3150801E4E0BC850020841600209CB703080008000993
S3150801E4F0A8B103080000015B00C00350D4860020C0
S3150801E5001CB100207C8A0020FF3F0D03283F002014
S3150801E5100020015B2DE9F043D1B0A822002126A8ED
S3150801E52004AD18F02CF988220021284618F027F99D
S3150801E530AD4ED6F8203326A99B6918681CF02BFD29
S3150801E540012802D051B0BDE8F0839DF898307D2BA3
S3150801E5507FD8622B06D8472B5AD83F2B40D8C622DC
S3150801E5602A701DE1A3F163021A2AF8D801A151F80C
S3150801E57022F000BFD1E701085FE5010805E80108B7
S3150801E5805FE501085FE50108A5E60108B3E90108A9
S3150801E5905FE501085FE501085FE501085FE5010838
S3150801E5A0A5E70108D3E9010879E70108DDE90108CA
S3150801E5B05FE501085FE501085FE501085FE5010818
S3150801E5C05FE501085FE501085FE501085FE5010808
S3150801E5D05FE501085FE501085FE5010819EB010838
S3150801E5E0A3F14002072ABAD801A151F822F000BFC7
S3150801E5F077E601085FE5010893E60108B3E6010835
S3150801E600D3E60108E3E601085FE501082BE70108FF
S3150801E6105C2BA4D1D8232B70744BD3F8BC301B7850
S3150801E620022B26D0032B0CBF022203224FF07F3385
S3150801E6306F4905A8059318F0C9F80124D6F82033BF
S3150801E64026A99B6918681CF087FC002C3FF471AF5A
S3150801E65043E08D2B00F095808E2B00F09C80852B56
S3150801E6607FF47DAFF3232B70604BB3F8EA30AB80B0
S3150801E670E3E70422DAE7C1239DF89C102B702029D1
S3150801E68001D900238CE00DF115002971F1F7F6FE89
S3150801E690D3E730220021554BD3F8E00018F06FF884
S3150801E6A00024CBE7514B1422D3F8E000002118309F
S3150801E6B0F4E79DF89C009DF89D30032884BF00204F
S3150801E6C08DF89C00002B4B4908BF002103F0A6F9E1
S3150801E6D0E6E70BF019F9C4232B702846F2F74BFB32
S3150801E6E027E7454BD3F82418A1B14A68970611D5EF
S3150801E6F091F86A3003F00F03022B04D10B7843F02B
S3150801E70020030B70CCE7887FB0FA80F0400903F04C
S3150801E7109DFEC5E75B6C002BC2D05A689406BFD52F
S3150801E7201A7842F020021A70BAE7C7232B70324BC7
S3150801E7305B6C002BA5D19DF89C30DBB92B4CD4F82A
S3150801E740B40019F061F9052803D10620D4F8D430AC
S3150801E75098470027384684F80471F1F7AFFB012280
S3150801E7600321D4F8B40019F051F902F04FFF3846E5
S3150801E7700CF074FE012313E0204B214A5A62EFF78D
S3150801E780C8FE1D4B9DF89E20BDF89C1083F82A28CB
S3150801E790A3F8281851E7F7232B70174B93F82A3853
S3150801E7A02B714AE7DF232B70D6F81C3A43B1D6F80A
S3150801E7B0203A5BB1D6F8243A002B7FF462AF0223E4
S3150801E7C0279A06EB8303C3F81C2AD3E70123F7E745
S3150801E7D09DF89C20032A3FF663AF044B13449DF82A
S3150801E7E09D2083F800215BE7681500207CAE002098
S3150801E7F0743F0020E5B3010858370020000008508F
S3150801E80000001D03DC232B700023B34C9DF89C905C
S3150801E810D4F8301884F82C3839B904F63407384650
S3150801E820AE4AF2F703FAC4F83078B6F82833BBB122
S3150801E8304FF0000801AF0A233A460321D6F8480AE1
S3150801E840CDE90188ADF80C80EFF7F0FE9DF80A30A6
S3150801E850012B05D141460820FCF7C4FD00234EE0F3
S3150801E860002008F097F9B6F8283333B1B9F1000F4B
S3150801E87015D1012384F8749877E0994B93F8C870F9
S3150801E880032FF3D1012001F0F3FE0028EED1012078
S3150801E890013F1AF0F5F917F0FF07F3D1E6E7002370
S3150801E8A084F8743894F8753823B1012384F87538D7
S3150801E8B0F3F7A2FE09F1FF39B9F1030F18D8DFE81A
S3150801E8C009F002710C20012084F87408EFF708FD9D
S3150801E8D00423C4F87838022347E00227012084F884
S3150801E8E07478EFF7FDFC042384F87578C4F8783852
S3150801E8F0F3F782FE94F87538003B18BF01232B7293
S3150801E9009BE6B6F828339BBB94F87C386BB9012291
S3150801E910744984F87C2891F8F410914201D00429AD
S3150801E92037D1714BDB68C4F87E38012794F87F38F4
S3150801E93084F82C789BBBDFF8B48184F87E78A8F834
S3150801E940003088F8023007F05BFF00280CBF3B4611
S3150801E950032308F1050084F87F3884F88278F3F7F1
S3150801E960B9FB384608F016F9042384F87538BFE769
S3150801E97094F87D384BB9012384F87D38594B93F8BF
S3150801E980F430052B01D1EFF7BFFE0120EFF7A8FC04
S3150801E99064E7564984F87E280B808B70C5E784F8AE
S3150801E9A08278E1E700230120C4F87838EFF798FC6C
S3150801E9B091E7DD232B709DF89C3043B11A1F5F2A1E
S3150801E9C03FF64CAF474A82F8F530012397E704230F
S3150801E9D0F8E79DF89C000AF089FE61E63E4BD3F8FC
S3150801E9E06C3123B1002008F02BFB08F007FB00234C
S3150801E9F0012501AC2046CDE902338DF80450F6F71E
S3150801EA006CFC039B980262D5394C29463D20F9F7DF
S3150801EA1001F963680BB1F9F7D9F80122354B5A6048
S3150801EA2063689907FCD402230125A3606362324B0C
S3150801EA305D60F9F7CBF82E4BE5609A6AD206FCD4ED
S3150801EA4002221A639F6A17F01007FBD10323294A8A
S3150801EA5012205361A2F580529361EAF78FFE4AF6B6
S3150801EA60E853264CE56EE66E25F0030545F00205EA
S3150801EA7046F00306236672B6DFF89880F9F7D0FBED
S3150801EA80D8F87030012023F0070343F00103C8F8D2
S3150801EA907030F9F7FBFB3846F3F7FAF8D8F8643023
S3150801EAA05B0142BF164B174AC3F82024164BE5668D
S3150801EAB0E666E566E666E566E666E566E666E566EB
S3150801EAC09B6ABFF34F8FBFF36F8F30BFFEE70F4BC4
S3150801EAD00F4A1A60F7F71CF858370020ED24010889
S3150801EAE07CAE002030B0002000000850D73F00203F
S3150801EAF00040065000600650005006500040005085
S3150801EB0000E003500000FF0F0040095000000020FC
S3150801EB1002020FF000800050EA230A4A2B7092F88D
S3150801EB20C530012B3FF4ADAD9DF89C30082B7FF61F
S3150801EB30A8ADB2F8EC1003EB8303A1EB4303A2F8EB
S3150801EB40F03017E67CAE00202DE9F041C4B0C822AA
S3150801EB50002112A817F013FEEFF73EFF002800F078
S3150801EB602C81C822002103AF12A817F008FE994C80
S3150801EB7014220021384617F002FE1822002108A89F
S3150801EB8017F0FDFD3A460221D4F8B40019F06EF8E3
S3150801EB900DF151068046002800F08180D4F8E03056
S3150801EBA013B19A6801329A604146D4F8B40008AAAA
S3150801EBB019F05EF8002840F0C3809DF83320FE2A3C
S3150801EBC000F0BE80D4F8BC301B78022B00F0B2806E
S3150801EBD0032B0CBF022303239A4280F0B180D4F899
S3150801EBE0C03013441B7E032B00F2A6800133DBB22F
S3150801EBF0032B00F0A380042B14BF4023BE237D887A
S3150801EC009D4200F29D800023009332462B464146E1
S3150801EC10D4F8B40019F042F82D1A18BF0125414657
S3150801EC20D4F8B40019F028F8002838D1002D36D1C7
S3150801EC307B889DF833208DF85030D4F8C0301344C2
S3150801EC401B7E032B9CBF0133DDB2D4F8BC308DF893
S3150801EC5048501B78022B75D1032A7CD194F8C83009
S3150801EC60022B78D104238DF84930022A94BF002259
S3150801EC70012253008DF84A309DF82E308DF84B301D
S3150801EC80089B1393D4F8E0304BB1DDF85120D4F842
S3150801EC908C1012BA91421EBF5A6901325A6120225A
S3150801ECA000210DEB020017F06AFD9DF848309DF82A
S3150801ECB04A70013BDBB2032B8CBF0023464A3D4613
S3150801ECC09CBF9B1893F86433032F28BF03258DF83F
S3150801ECD020309DF8493031468DF830309DF84B305B
S3150801ECE028468DF833309DF850308DF831508DF81F
S3150801ECF03C30139B1096119301F022FE012804461D
S3150801ED0005D127B99DF95630002BB8BF0824334BD6
S3150801ED10B3F82863304608F0C9FC002849D0022F09
S3150801ED204BD1013C072C48D8DFE804F0223D374790
S3150801ED303147472B04234FE7402360E7AA235EE7C1
S3150801ED4001256CE7032B09D1012A08BF04238DF895
S3150801ED50493002238EE78DF8492086E78DF8492048
S3150801ED60002B87D0012B85D0022B3FF47EAFF0E72D
S3150801ED70194800EB8500D0F8683308A912A8984706
S3150801ED801BE0154800EB8500D0F87833F5E7124803
S3150801ED9000EB8500D0F88833EFE70F4800EB8500D4
S3150801EDA0D0F89833E9E70C4800EB8500D0F8A8338A
S3150801EDB0E3E7002EB5D0022FB3D1EFF70DFE28B148
S3150801EDC0064B0421D3F81C031BF008FA44B0BDE82E
S3150801EDD0F08100BF7CAE002050B4030868150020FE
S3150801EDE02DE9F04F9B4897B01CF0B3F803212D206D
S3150801EDF0EAF7A2FC4FF48012974B04255A664FF4A2
S3150801EE000052964C964E974B66672D206567266786
S3150801EE102567C3F88421EAF7B1FC4FF00072924BDB
S3150801EE208C485E675D67A2624FF480529A621CF055
S3150801EE3090F80DA90A201BF0B6FF86481CF089F840
S3150801EE408A481CF086F80D9EF0F762FE884A894CBE
S3150801EE50B24228BF3246B6FBF2F62369013E23F0D9
S3150801EE60870343F081032361A3684FF0000823F069
S3150801EE70030343F00103A36063697F4F23F00F0384
S3150801EE8043F002036361236940F6FF7023F07F4371
S3150801EE9043EA066323612369012623F0F80343F055
S3150801EEA080032361E36823F0F04323F47023E360CE
S3150801EEB0A36823F4C043A3604FF48063BB60626A0E
S3150801EEC06E4B134043F480236362C4F81880F0F74D
S3150801EED015FE40F6FF707E60F0F710FE40F6FF70F3
S3150801EEE0BD63F0F70BFE4FF4817332462946BE63C4
S3150801EEF00CA8ADF83030F9F7A1FB40F202234246DF
S3150801EF0031460BA8ADF82C30F9F798FB40F20233DD
S3150801EF10324629460AA8ADF82830F9F78FFB40F2A0
S3150801EF2002432946324609A8ADF82430F9F786FB8B
S3150801EF30534B544A4FF44870C3F8F8244FF0021261
S3150801EF40C3F8F424A2F58032C3F8FC241C22C3F8C2
S3150801EF50E424EBF71DF929460220F2F78FFE142067
S3150801EF60EBF716F9294602201BF09EF92320EBF749
S3150801EF700FF929460220F2F781FEA36C5806FCD543
S3150801EF80B9236364A36C1906FCD504210220E36B3B
S3150801EF901BF08AF900224FF48173114608A8ADF8CF
S3150801EFA02030F9F74BFB002240F20223114607A84D
S3150801EFB0ADF81C30F9F742FB40F202330122002179
S3150801EFC006A8ADF81830F9F739FB40F202430122D9
S3150801EFD0002105A8ADF81430F9F730FBF0F798FDD4
S3150801EFE00021274B2148C3F8E414C3F8F814C3F8E1
S3150801EFF0F414C3F8FC141BF039F9F7F7AFFEEFF375
S3150801F0001186302383F311881F4C2049D4F8883898
S3150801F01004F68C02183B13F1180F3DD1D4F8F87792
S3150801F020002F00F0218204210820194AF4F7DAFAA0
S3150801F03060B904210820174AF4F7D4FA05460028CE
S3150801F04000F01682D4F89C081AF0E4F9C4F8F877A7
S3150801F05025E000BFA8B10308009000500060005ADF
S3150801F060010000A000E100E00050005A08B80308BA
S3150801F070E070720000000A5000100A508C88F0FFF8
S3150801F08000C0035002000300583700200CB80308DB
S3150801F090F43F0020F83F0020934240F0DE8186F3DA
S3150801F0A01188BFF36F8FF7F795FD0023B7480D93C6
S3150801F0B01BF04FFF4FF44073012204210CA8ADF851
S3150801F0C03030F9F7BBFA0122B14B0520C3F84424C5
S3150801F0D00DA91BF068FE002839D1AE4BD3F8F020F4
S3150801F0E042F00102C3F8F020D3F8FC2042F0807206
S3150801F0F0C3F8FC20A84AA3F55D431A600D9BA74AED
S3150801F10003F5D52303F2FC43B3FBF2F3A44A013B0F
S3150801F11013610223C2F8F0304FF48073C2F8043346
S3150801F1204FF060439F4AC3F8B02F9F4AC3F8802E19
S3150801F130D3F8002E42F48072C3F8002EFF2283F81A
S3150801F1402020D3F8002E22F48072C3F8002EF2F79D
S3150801F150E9FEF2F7E7FE8D481BF0FBFEEFF311859A
S3150801F160302383F31188914E3368002B00F0B38165
S3150801F17085F31188BFF36F8F8D481BF0EAFE83482C
S3150801F1801BF0E7FE40F20323002204210CA8ADF888
S3150801F1903030F9F753FA874D2B6BDF0702D52B6908
S3150801F1A05E06F9D40122844B1A632E6B16F0020609
S3150801F1B0FBD1032301222B662B6E08202B667F4B7E
S3150801F1C00DA91A637E4B02F102126B667D4BC3F8D9
S3150801F1D0FC261BF0E8FD40F6AA220D9BB3FBF2F3D1
S3150801F1E0013B2A6BEB612B6B724BAE661A6BD00730
S3150801F1F002D51A695106F9D401216F4A11631A6BAE
S3150801F20012F00208FBD101226C49C3F804806E484A
S3150801F2100A63C3F82480C3F80880DA60F2F7A2FE0D
S3150801F2206A48F2F79FFE6A48F9F7DAFA6948F9F780
S3150801F230D7FA4FF06043D3F8002E42F48072C3F830
S3150801F240002ED3F8002E22F48072C3F8002EECF7B4
S3150801F250F3FD40BB60481BF07CFE604B604A614988
S3150801F2601A620222C3F830214FF4167203F5E2231B
S3150801F270C3F848805C4B5D481B685D4D53435D4A46
S3150801F28003F5742303F23F23B3FBF2F30B600A235E
S3150801F29002680E68013B45F8046B0E6813F0FF031C
S3150801F2A03244F6D10260F9F73AFBDFF87091524B16
S3150801F2B0524FC9F80030524B524E3B60524B53489D
S3150801F2C03360F9F71BFBD9F8003051489847D9F84C
S3150801F2D000305048984794F8A83803F0FF05BBB9A1
S3150801F2E019F0F6F8012802D91BF04DFB054694F8EA
S3150801F2F0A83833B9D9F8003044489847012384F827
S3150801F300A83819F0E5F8012802D928461BF068FB48
S3150801F310F6F7D2F9002840F019823B683C4898472D
S3150801F3203D4D8146002800F0AD813B683848984735
S3150801F3302B785A0700F1F28398071FD5DFF8E0907A
S3150801F3404FF0000ACB4601220323C9F81C2089F88D
S3150801F350183048460AF1010AF6F716FABAF1100FFB
S3150801F3604FF003034FF0010209F12809EDD10023FB
S3150801F3708BF880322B7823F002032B7033682448EC
S3150801F38098473B68234898476B784BE0A8B1030830
S3150801F39000D0035000ED00E0FF030040F8590D00CE
S3150801F3A0000004E055CEACC509000100300D00206F
S3150801F3B050B803080080045000A00450009004507F
S3150801F3C00001000200C00350B4B10308CCB1030820
S3150801F3D079AE002080150020D8B3030800800350B9
S3150801F3E001110C0064860020380E002038880020A0
S3150801F3F03C88002040420F001D89010820AE0020EC
S3150801F400B752010824AE00209D520108BC0F002006
S3150801F410D00800204C0F0020B00F002030AE00208D
S3150801F4203409002013B18248F6F75CFA0021814BB2
S3150801F43008221B6869707E4898477F483368984751
S3150801F4403B687E4898472B787C48D90744BF23F008
S3150801F45001032B703368984778E1186888423FF4AE
S3150801F4601EAE9B69183BD6E5754BC4F8F837DAE545
S3150801F470D4F88838734FC4F8A438734BC4F8900885
S3150801F48084F89808C4F89408A7F17800C4F888386D
S3150801F490C4F88C781BF05DFDA7F174001BF059FDCB
S3150801F4A04FF48002694B1620C3F88021EAF766F902
S3150801F4B04FF0F052664B9A60FF229D619A624FF0B7
S3150801F4C0FF329D631D6403F500531A650122A3F5F6
S3150801F4D080535A60E3E55F481BF03BFD5E481BF02D
S3150801F4E038FD5E4BDFF894910E9340F20123012219
S3150801F4F00A210DF13A00ADF83C30CDF83490F9F710
S3150801F5005BF801220A210FA8F9F756F80A27002104
S3150801F5100120F2F7B3FB6420EAF73AFE0021012045
S3150801F5201AF0C2FE6420EAF733FE013FEFD1032247
S3150801F5304B4BDFF84C81C3F838250122C3F83C252B
S3150801F54002F50032C3F840254FF48073A8F8A031BC
S3150801F550444B4548C8F89C91C8F8A4311BF0F9FCFE
S3150801F56008F5D470EFF754FF00287FF401AE08F2CE
S3150801F570A910EFF74DFF28B1384698F8A811F1F709
S3150801F5806BFDF5E5D8F89C311F68B7F1B64F03D086
S3150801F590364A97427FF4ECAD18790CA91BF003FCA7
S3150801F5A000287FF4E5AD3846F9F734F9304A07F50E
S3150801F5B0005398F8A091DA6338461A64F9F72AF9DC
S3150801F5C04FEA490307F580518B60B9F1000F24D141
S3150801F5D0284A98F8A13102EB8300134493F8F8C33B
S3150801F5E0D0F8EC03624492F8FB230C9B4243013B9F
S3150801F5F0A3EBC0031344B3FBF2F34FEA0C2EC1F895
S3150801F60008E0D7F808E0BA68013B920702D5002B53
S3150801F61008BF0123C3F30803BB610123B7F1B6474A
S3150801F62018BF01274B60144B46F82730A0E500BFE9
S3150801F630B40F00209CB103084C0F0020D00800200D
S3150801F640E43F00200CB80308FC3F002000E100E07D
S3150801F6500000045024B80308A8B1030800010100FA
S3150801F66000C003500100010298B703080080065044
S3150801F670FFFF1F0050B403080417002028B8030829
S3150801F680681500202B78D8070AD4F9F748F9002815
S3150801F69000F03E826FF092092B7843F001032B703C
S3150801F6A03368BA48984700287FF43FAEB9F1000F8E
S3150801F6B07FF43BAE3B68B548984700287FF435AEE2
S3150801F6C02B78990706D40121B14A43F0020382F83F
S3150801F6D080122B703368AD48984700287FF425AE11
S3150801F6E03B68AA48984700287FF41FAE3368A748A5
S3150801F6F095F8009098473B6800287FF416AEA54810
S3150801F700984700287FF411AE6B783BB919F0010FC1
S3150801F71004D0A148F6F7E6F802236B7033689D48D2
S3150801F72098473B6800287FF400AE98489847002818
S3150801F7307FF4FBAD2B7895485A075CBF43F0040369
S3150801F7402B703368984700287FF4EFAD934FF9F78C
S3150801F750E6F8934807F1F801ECF7C6FAFEF7D6FC86
S3150801F76097F8C830022B00F2DD81002B40F0DD81CD
S3150801F7704FF4307200218B48D4F8B45816F0FFFFC5
S3150801F78080230122C4F84439874B84F84029C4F8F8
S3150801F7903C3997F80431C4F8685B33B9C7F80031C6
S3150801F7A0824B87F80421C4F854393223C4F8703BD4
S3150801F7B07F4B80490D93192313934FF4C863129312
S3150801F7C07D4B0DAA0F9360231093002311917B485B
S3150801F7D0A1F530710E9314931BF09FF9EAF708FC13
S3150801F7E0F7F7F8F9002800F0A581754DEAF718FC36
S3150801F7F0284617F030FC20B995E80700714B83E8D5
S3150801F800070001214FF0FF3017F027FC0DF096FF96
S3150801F8104FF400314FF05022D7F80C516A486B1C4F
S3150801F8206A4B04BFD3F89450C7F80C511167DA6EC6
S3150801F83005F0040922F0300242F02002DA665A6F16
S3150801F84022F440725A671BF084FB4FF000514FF6C1
S3150801F850FF700A685E4BC3F88A2608804FF20F01CB
S3150801F860B1EB124F04BF4CF23C32A3F88C26EE07DB
S3150801F87000F1648115F4D06640F06281A8070ED4C0
S3150801F880690600F15F812A0700F15E81B9F1000F6F
S3150801F89040F05C8115F4005F0CBFFF260A264D482F
S3150801F8A083F888661BF055FB0A2E0DD840F22163B2
S3150801F8B0F340DD0708D50022474B43F8282008F115
S3150801F8C00108B8F1200FF8D1DFF82CA1434DDAF879
S3150801F8D0303013F0080318BF012385F820314FF0A3
S3150801F8E000030CBF4FF008084FF0100885F82131C6
S3150801F8F0F2F718FA18223A4BDA62DAF828209A62ED
S3150801F900A3F58053C3F82C804FF48002354B5A6017
S3150801F910502283F83623B9F1000F09D02E4B0D205A
S3150801F9209B680DA9C7F810311BF03DFA2E4B9B6851
S3150801F9300023032085F8223184F8F46287F8F460FD
S3150801F940EEF736FEDFF8B48095F82231C8F80000E4
S3150801F9504BB995F8233133B9012285F8243185F855
S3150801F960232185F82531214A00210120EAF792FD54
S3150801F97001212D20F8F74EF91D4A1E49D2F8003209
S3150801F98023F0070343F003033AE000BFD008002041
S3150801F990340900204C0F0020B40F002030B000209D
S3150801F9A004400020104000200AE4030830B100207A
S3150801F9B090EA0308D04200201049002099820008E5
S3150801F9C054B8030884880020A8B1030800400050F1
S3150801F9D06815002060B80308000008505048002048
S3150801F9E00060095000E100E000400650A3EA030860
S3150801F9F0008000500040005B0040095090880020BC
S3150801FA00C2F800320122634BDA611022624B83F895
S3150801FA102B234FF40062C3F884215A604B68002BEC
S3150801FA2040F096804FF420225C4B9A605A69002A6E
S3150801FA3080F29880594B5B69002B80F29E800121E8
S3150801FA4033460846564AEAF725FDFE238DF8343033
S3150801FA5001230DAA1946D8F80000EEF7E7FD9DF82F
S3150801FA60346001213046EEF789FF10284D4C00F02D
S3150801FA7088802672237A002101204B4AEAF70AFD7B
S3150801FA800020EFF76BFC95F8253153BB40F20123B3
S3150801FA90464CA4F8EC32464BC4F8F03295F82231BC
S3150801FAA0FBB995F82331E3B195F82431032B18D81E
S3150801FAB0404B40F2EE2202936033019311233E49F3
S3150801FAC000933E4804F53E731AF01BFF48B195F8BA
S3150801FAD02431C4F8E802013385F82431012385F875
S3150801FAE02531374B40F24C620293364B3649019326
S3150801FAF02D2336480093364B1AF003FF01230020C5
S3150801FB0085F822313C2387F8143117B0BDE8F08F08
S3150801FB10F8F705FF00283FF4BFADBBE503F0FB038B
S3150801FB202B7009E4032B7FF423AED7F8C030C4F851
S3150801FB30B4381DE60122274B1A7056E60526AEE6AD
S3150801FB400926ACE60726AAE60326A8E60126A6E6BE
S3150801FB504B6A002BFCD101221F4B5A604B68980750
S3150801FB60FCD45FE75A6AD207FCD401221A4B5A60C1
S3150801FB700A4A53689B07FCD45CE70122054B5A6085
S3150801FB805DE70123D8F80000194604F10802EEF7EB
S3150801FB90FBFD6FE70050005B00E100E00040005B01
S3150801FBA0B6EA03081EB00020D9EA03085837002030
S3150801FBB028B4030878490020E8EA0308D5DC0108D7
S3150801FBC090550020F4550020ECEA0308A1C8010865
S3150801FBD0403A0020808800200060005B036A817A31
S3150801FBE01A68C0F802201A79C2805A79D20962F3D2
S3150801FBF0041181725A79C9B2921162F3C3018172F1
S3150801FC005A79C9B2121162F3000181729A79C9B29D
S3150801FC10D20962F3820181729A79017B921162F3A8
S3150801FC20410101739A79C9B2521162F30001017354
S3150801FC309A7902F00F02C2721B7A03817047036A2E
S3150801FC40817A1A68C0F802201A79C2805A79D209CB
S3150801FC5062F3C30181725A79C9B2521162F3820100
S3150801FC6081729A79017B521162F3410101739A7982
S3150801FC70C9B2121162F3000101739A79C9B2D209A4
S3150801FC8062F3820101731A7AC2725B7A0381704741
S3150801FC9010B5036A1A68C0F802205A791C79110945
S3150801FCA041EA0411C1801202997902F470620A4389
S3150801FCB002811A7A817AD20962F3C301027B8172BF
S3150801FCC022F0040202735A7AC2729A7A4273DB7A72
S3150801FCD0037510BD7047431E032B024613D9A0F1C5
S3150801FCE00C03D8B2022811D9092A0ED005D8063A2A
S3150801FCF0022A94BF0320002070470F3AD0B2032886
S3150801FD0028BF0020704701207047042070474379B7
S3150801FD1000F1090203F00F03082B04D1837A1B07AC
S3150801FD2005D4012307E090F90630002BF9DA837A26
S3150801FD3003F007030233D0187047437903F00F0322
S3150801FD40082B07BF807A00F00800807900F0800050
S3150801FD5070474279034602F00F02082A0AD1807ACF
S3150801FD6010F008000BD0DA7A03EB1213187B00F0B7
S3150801FD700700704790F90620002AF4DB0020704737
S3150801FD804379C27A03F00F03082B00F110014FEAF9
S3150801FD90121207D1837A13F0080307D1033A1344E1
S3150801FDA0C818704790F90630002B04DA837A03F0F5
S3150801FDB007030133F2E70023F0E74379427A03F0B8
S3150801FDC00F03082B00F10A0102F01F0206D1837AFC
S3150801FDD013F0080306D11A448818704790F90630BB
S3150801FDE0002B04DA801A837A03F00703F3E700236A
S3150801FDF0F1E74379C27A03F00F03082B00F10C01EE
S3150801FE004FEA121206D1837A13F0080306D11A446F
S3150801FE108818704790F90630002B05DA1044037BE1
S3150801FE2003F007030133F2E70023F0E74379C17AC8
S3150801FE3003F00F03082BC2794FEA11110ED1837A09
S3150801FE4013F0080304D00844037B03F007030133C6
S3150801FE50A2F10D00401AC01AC0B2704790F90630D7
S3150801FE60002BF0DB0023F3E70322F0B5124BDFF892
S3150801FE704CC01F7802FA00F41CF80730002503EA83
S3150801FE80040141FA00F0E6430121C0B202EA030483
S3150801FE902C41E4B2A04288BF5B1805F1010588BF71
S3150801FEA0DBB292008900042D03EA0603D2B2C9B275
S3150801FEB0ECD10CF80730F0BDB4900020442900209D
S3150801FEC0054B1B7823B1054B5878421C5A7070476D
S3150801FED0034B1878704700BFD91F0020B490002043
S3150801FEE09D180020184BC8B9987859B100F0F0024E
S3150801FEF0F02A08BF00F00F001030C0B2987000F069
S3150801FF00F000704700F00F020F2A08BF00F0F0005A
S3150801FF100130C0B298700001C0B27047D87849B1B3
S3150801FF2000F0F002F02A08BF00F00F001030C0B24E
S3150801FF30D870E4E700F00F020F2A08BF00F0F000BE
S3150801FF400130C0B2D870E6E7B4900020F0B50027BA
S3150801FF50274D04289DF814409DF818602F7104D187
S3150801FF60942C94BF00200120F0BD0927C740FF0744
S3150801FF7003D4012E1CD19F2C06E09F2C35D8012EC7
S3150801FF8003D0FF2901D1362C2FD81A4A1078002818
S3150801FF90EAD02E2C27D9012E01D1962C23D913F07C
S3150801FFA0400316BF012318462B7180F00100DBE7D9
S3150801FFB002281AD89F2C18D8FF2901D1362C14D813
S3150801FFC0D10601D5362C06D80A49087848B9520708
S3150801FFD0CAD5302CC8D913F040001CBF012028719E
S3150801FFE0E3E72E2CF7D80020BEE70120BCE700BFC7
S3150801FFF0B4900020E6370020704710B5C9B180B922
S315080200000C7813789C4211D1CB7A83B1887B03286A
S3150802001002D1D07A98420AD0907A8B7A4340D8068F
S3150802002007D4C87AD37AC31A5842584110BD012058
S31508020030FCE70020FAE7064B186840B9054B1B682F
S315080200402BB193F8582012F0010F18BF18467047C3
S315080200507C3F00209C370020114B10B50446B3F9AB
S31508020060CE0040F2F6439A4216D0994214D00D4B6E
S315080200701B78234413445B1A1BB298420DDB6FF0BC
S315080200803B029342B8BF1346984205DB6FF03B0228
S315080200909342B8BF134618B210BD0346F6E700BF2F
S315080200A07CAE002044B100200C4B0246B3F9CE00C8
S315080200B040F6FF739A420FD001290DD8084B094A18
S315080200C033F81130128813441BB2834204DC6FF0F2
S315080200D03B009842B8BF1846704700BF7CAE002066
S315080200E08CBB0308402900202DE9F0410446077F0E
S315080200F090F84C8088B007EB0803184E023303AD1C
S3150802010080F824300FCE0FC5336821462B60A37DB5
S3150802011011F81D0B002B0CBF00234FF49663ADF8A4
S315080201201C30E37D4D348DF8143054F8353C069373
S31508020130FFF7D1FD14F83D3C0A4603F001038DF89A
S315080201400D00019339464346009403A8EFF724FFAE
S3150802015008B0BDE8F041FDF70FBC00BF90BB03082D
S3150802016070B5174C86B0238B0646ADF80030038966
S3150802017001AD8DF8013055231C348DF802300FCCB1
S315080201800FC5236830782B60FFF7A5FD64220D4B57
S315080201908DF805001A80B37D6A46002B0CBF002332
S315080201A04FF49663ADF81430F37D032101A88DF858
S315080201B00C30EFF7CFFF06B0BDE87040FDF7DCBBA9
S315080201C08CBB0308A0370020F0B5B0F912700646BA
S315080201D0D0F802400A2097FBF0F0552387B040B2C8
S315080201E00093FDF75DFD3189174DC1F3032343EAF9
S315080201F000138DF80130154B8DF80210D3F8BC3078
S3150802020020461A7807F08AFA7222114B01AC8DF849
S3150802021003001A800FCD0FC42B6804212360B37D17
S315080202206A46002B0CBF00234FF496630DEB0100C0
S31508020230ADF81430ADF80C70EFF78CFF07B0BDE8D7
S31508020240F040FDF799BB00BFBCBB03087CAE00209B
S31508020250A0370020F0B5B0F912700646D0F8024071
S315080202600A2097FBF0F0552387B040B20093FDF7BA
S3150802027017FD3189174DC1F3032343EA00138DF89D
S315080202800130154B8DF80210D3F8BC3020461A7887
S3150802029007F044FA7222114B01AC8DF803001A805A
S315080202A00FCD0FC42B6804212360B37D6A46002B49
S315080202B00CBF00234FF496630DEB0100ADF8143022
S315080202C0ADF80C70EFF746FF07B0BDE8F040FDF752
S315080202D053BB00BFD0BB03087CAE0020A03700206A
S315080202E070B50C460646FDF7D1FC064D05EB8000B7
S315080202F0836D05EB8605204698472046AB6EBDE81A
S31508020300704018478CBB030808B50B6A08460933C0
S315080203108B61FFF763FC05238373BDE808400BF086
S31508020320F5B808B50B6A08460A338B61FFF787FCEE
S3150802033005238373BDE808400BF0E8B870B5064696
S315080203400D46054C2046F0F71DFD29462046E66374
S31508020350BDE87040FBF79EBEE820002073B50E4646
S31508020360054601A9304606F0B9FA9DF8053013F09C
S315080203701C0FC3F3820414D1134B9B5D03F00302D3
S31508020380AA4216D0C3F38102954216D0C3F30112CC
S31508020390954214D0B5EB931F13D00024204602B021
S315080203A070BD002DE8D1013CE4B22046FFF75CFDA2
S315080203B0F4E70024054B1C70F0E70124FAE702244F
S315080203C0F8E70324F6E700BF44290020DA1F0020D5
S315080203D070B505462E4C86B0207801A906F05AFA61
S315080203E06946207806F07AFA032D03D9FF252846AE
S315080203F006B070BD9DF804306371002BF6D028460E
S315080204002178FFF7ABFF06AB03EB800050F8132CFD
S315080204102B01C4F80720D2B2DBB2FE2AA3710BD095
S3150802042000221146A01D10F8016F1EBB01B1A3716F
S3150802043015B1D2B2002AD9D0284621789DF8006093
S31508020440FFF78CFF400046FA00F303F00303022B82
S3150802045019D0032B19D0002B0CBF20230823E372D3
S315080204609DF8013013F003031EBF5B0043F010032F
S31508020470E372BCE701320133042A4FF00101DBB211
S31508020480D1D1A371D8E71023E9E71823E7E700BF1C
S31508020490B490002030B587B0054601A9002006F0C1
S315080204A0F9F99DF8040007F085F8FF23114C23702B
S315080204B06373114B1B78AB420AD100202070FFF7F9
S315080204C087FF60732078FF3818BF012007B030BD58
S315080204D0284601A906F0DEF929460020FFF73EFF65
S315080204E006AB03EB800010F8133C002BEAD0002081
S315080204F02570E4E7B4900020D43900200E4A38B5B6
S31508020500117804460D4B31B1D3F80F30C0F84A3092
S315080205100023137038BDDA7C094D042A05D1DA693D
S315080205201B6AC0F84A202B60F4E7284606F06AFBE5
S315080205302B68C4F84A30EDE7D81F0020B490002093
S315080205409218002038B5094C656A17F0CDFDAD6BD7
S3150802055017F0D8FDA46A17F0C7FDA46B17F0D2FDF1
S315080205606019B0FA80F0400938BD00BFB490002087
S315080205700148FBF761BD00BFE41F00207FB5274B8A
S31508020580274C1D6804F12C0640F2BC420021304675
S315080205902DBA16F0F4F8C4F8F85000253046294664
S315080205A084F8E85406F0D0FE1E4BCDF80A501E60B9
S315080205B01D4BADF80E50C4F800351C4BCDF806504D
S315080205C01A8825238DF80A30FF23ADF804208DF802
S315080205D00E3001AB03CBC4F80E0118680123C4F828
S315080205E0160140F20120A2F58072B2F56A6F84F80C
S315080205F0BB3398BF94F80835C4F8046598BF03F06E
S315080206007E03C4F8121184F8BC5398BF84F80835DF
S3150802061004B0BDE8704009F087BA00BF92180020FE
S31508020620B4900020C4380020C90602089018002099
S31508020630012908B50CD9FFF7A1FF064B40F20E2097
S315080206401A68054BC3F80425BDE8084009F06CBAD8
S3150802065008BD00BFC4380020B49000201089F2F704
S3150802066081BB1289F0F708BB11891078F0F76EBBC7
S3150802067008B5054B014693F8C400F2F75BFAB0FADF
S3150802068080F0400908BD00BF7CAE002008B50C4BBF
S315080206901B7803F0FD03092B11D10A4B188860B1A8
S315080206A007F004F800280CBF00200320FFF7E0FF3C
S315080206B028B9BDE80840FDF755B90120F6E708BD97
S315080206C0E4B400209018002070B50D46044618B907
S315080206D0F1F700FDFFF7DAFF044BD3F80C3523B127
S315080206E029462046BDE87040184770BDB4900020E0
S315080206F02DE9F0412F4F05463C8854B909F0F6F822
S3150802070028463988FFF7E0FF2B4BC3F81045BDE8AA
S31508020710F081204606F0CAFF20B121462846BDE8E8
S31508020720F041D1E7244C94F8146565BB4FFA86F874
S3150802073016F0070602D1B8F1000F39DA00210920AE
S31508020740FAF750FEB8F1000F0EDA94F81835082BAE
S315080207500AD1002384F87C35184BC4F88035012366
S3150802076084F8383507F02AFB002ED0D0134B40F216
S315080207700E20C4F80035124B1B68C4F80435BDE8D0
S31508020780F04109F0D1B9012D12D1320684F87C055F
S315080207900AD594F81835092B06D1084B84F8395529
S315080207A0C4F8803507F00AFB730701D0FFF7E6FEA7
S315080207B03988B3E790180020B4900020C9060208C9
S315080207C0C4380020034BD3F8BC301878431E58426D
S315080207D0584170477CAE002008B50146FFF7F2FF84
S315080207E058B9FFF728FC48B1438903F00602022AE2
S315080207F003D003F00703042B00D18908012938BF67
S315080208000121084608BD08B543075BBFC0F340028D
S3150802081052014022D2B20146FFF7D4FF10B142F08C
S31508020820030008BD01F03801102904D020290CBFA5
S3150802083003200120F5E742F00200F2E7012803D976
S31508020840022808D000207047487900F00F00431E9E
S31508020850584258417047087A00F00700F7E701281E
S3150802086006D8487900F00F00831E5842584170474F
S3150802087000207047012806D8487900F00F00431F68
S3150802088058425841704700207047012803D9022868
S3150802089008D000207047487900F00F00C31E58425E
S315080208A058417047087A00F00700F7E7012802D195
S315080208B04879C009704718B94879C0F3801070475B
S315080208C0022801D1087AF4E700207047FFF7EEBF45
S315080208D0012803D14879C0F38010704718B94879BE
S315080208E0C0F3401070470020704702280DD0012837
S315080208F007D1487900F00F00A0F108035842584181
S31508020900704710B94879C009704700207047012816
S3150802091003D1887AC0F38000704708B9487AF9E7A4
S3150802092000207047012806D1887A00F006000038B0
S3150802093018BF0120704708B9487AF6E700207047C1
S31508020940012803D9022805D000207047487900F00B
S315080209500F007047087A00F007007047012802D98D
S31508020960022806D070474B7923F00F031A434A71BF
S3150802097070470B7A23F007031A430A727047012855
S3150802098004D14B7963F07F034B71704718B94B79E1
S3150802099043F04003F8E7022802BF0B7A63F07F03AD
S315080209A00B727047012804D18B7A43F001038B72CC
S315080209B0704718B94B7A43F001034B727047012806
S315080209C004D18B7A23F001038B72704718B94B7ADC
S315080209D023F001034B727047012804D18B7A43F046
S315080209E002038B72704718B94B7A43F002034B72B3
S315080209F07047012804D18B7A43F004038B7270473F
S31508020A0018B94B7A43F004034B727047012802D196
S31508020A10C87A0009704708B9887AFAE70020704749
S31508020A20012803D1C87A00F00F00704708B9887AFE
S31508020A30F9E700207047012804D1887AC04300F0FC
S31508020A400100704708B9487AF8E70020704701287C
S31508020A5003D1887A00F00100704708B9487AF9E7A5
S31508020A6000207047012802D11201CA72704708B9DC
S31508020A7012018A727047012807D1CB7A02F00F0257
S31508020A8023F00F031343CB72704730B98B7A02F007
S31508020A900F0223F00F0313438B727047012803D109
S31508020AA0887AC0F34000704708B9487AF9E7002007
S31508020AB07047012804D1487900F00F00012808E0A0
S31508020AC058B991F905204B79002A0DDB03F00F037B
S31508020AD0012B14BF002001207047022803D1087A8F
S31508020AE000F00700EAE700207047022813D0012821
S31508020AF007D1487900F00F00082814BF002001200A
S31508020B00704740B991F905204B79002A04DA03F0B7
S31508020B100F03012BF1E700207047FFF7C7BE022833
S31508020B2001D1487A7047012801D1087A704718B965
S31508020B30887900F00F00704700207047012806D117
S31508020B404B7923F00F0343F008034B7170470028D3
S31508020B50FCD14B7963F07F03F7E701289EBF4B79F7
S31508020B6003F07F034B717047012802D11144087BB9
S31508020B70704710B91144C87A704700207047012897
S31508020B8002D111440B73704708B91144CB727047EE
S31508020B900346022B08460BD10B7A01F10C0213F01D
S31508020BA040031EBF0B7B03F007030133D0187047BF
S31508020BB0012B01D1FFF7ABB80BB9093070470020FA
S31508020BC07047012803D1487A00F0E000704708B957
S31508020BD0087AF9E700207047012803D1487A00F01D
S31508020BE01F00704708B9087AF9E7002070470128FC
S31508020BF002D101F10A00704710B901F109007047E4
S31508020C0000207047012808D010F0FD0F0CD18B790F
S31508020C1002F0600223F0600304E08B7902F07002AE
S31508020C2023F0700313438B717047012806D010F026
S31508020C30FD0F07D18B7923F0600302E08B7923F04D
S31508020C4070038B717047012804D010F0FD0F05D090
S31508020C5000207047887900F070007047887900F0A4
S31508020C6060007047012807D010F0FD0F03D14B7AB8
S31508020C7043F008034B7270478B7963F07F038B71DD
S31508020C808B7A43F008038B727047012807D010F05D
S31508020C90FD0F03D14B7A23F008034B7270478B7909
S31508020CA003F07F038B718B7A23F008038B727047EC
S31508020CB00346012B084601D1FFF73FB81BB9487A0C
S31508020CC000F008007047022B0ABF087A002000F0DD
S31508020CD04000704710F0FD0F02BF8B7A01EB13112B
S31508020CE0CA72704710F0FD0F01BF8B7A01EB131120
S31508020CF0C87A00F00F0018BF0020704710F0FD0FE9
S31508020D0007D18B7A01F10B001B09C15C41EA021279
S31508020D10C254704710F0FD0F01BF8B7A01EB131115
S31508020D20C87A000918BF0020704720B9887A11448A
S31508020D3001EB10110B73704728B98B7A114401EB3A
S31508020D401311087B704700207047C37A00EB131013
S31508020D500C30704708B50346012B084607D013F036
S31508020D60FD0F08D18B7A01EB1310C27203E0FFF76D
S31508020D70ECFF1201027008BD08B50346012B0846AE
S31508020D8004D013F0FD0F06D0002008BDFFF7DDFFE3
S31508020D9000780009F9E78B7A01EB1310C07A00F0A4
S31508020DA00F00F2E7012804D010F0FD0F07D000204B
S31508020DB07047CB7A01EB1311087B000970478B7ACF
S31508020DC001EB1311C87A00F00F0070470346012B96
S31508020DD0084610B50BD013F0FD0F11D18B7A01F12D
S31508020DE00B041B09E15C41EA0212E25408E0FFF730
S31508020DF0ACFF037802F0070223F0070313430370DC
S31508020E0010BD10B50446012C0846194608D014F040
S31508020E10FD0F09D1837A104400EB1310017303E026
S31508020E20FFF793FF1044417010BD10F0FD0F01BF8C
S31508020E308B7A891801EB1311087B18BF00207047BB
S31508020E40012804D010F0FD0F16D0002070474B7908
S31508020E5003F00F03082B0AD1887A10F00800F5D0A0
S31508020E60CB7A01EB1311487B00F00700704791F922
S31508020E700630002BF4DBE8E78B7A01EB1311C87A0C
S31508020E80000970470346012B084604D013F0FD0FEC
S31508020E9003D000207047FEF75CBF8B7A01EB131074
S31508020EA0C07A0009704708B50346012B084604D0E4
S31508020EB013F0FD0F06D0002008BDFFF746FF0132EA
S31508020EC01044F9E701F10B03897A013202EB111298
S31508020ED09818F1E70346012B084601D1FEF750BFE1
S31508020EE06BB9827A437A0B3113F008034FEA12126E
S31508020EF01EBF8B5C1B0901331A44881870470020F1
S31508020F00704710B502460B46FFF70CFD002835D18F
S31508020F10012A1CD15C79DA79C97A04F00F040E3AEF
S31508020F20082C4FEA1111D2B209D1987A10F00800AA
S31508020F3009D00B44587B00F00700013003E093F90F
S31508020F400640002CF5DB531A1B1AD8B210BD002A2C
S31508020F50FCD15A7A897A12F008024FEA1111D87925
S31508020F601CBF5B18DA7AA0F10C0018BF1209C0B2CE
S31508020F7018BF0132401A801AC0B2E7E70020E5E737
S31508020F80012802D101F11200704710B901F11100CE
S31508020F90704700207047012803D1C8791438C0B2B7
S31508020FA0704710B9C8791238F9E700207047034626
S31508020FB0012B084601D1FEF700BF33B90A7A01F1BF
S31508020FC0090302F01F02981870470020704701288B
S31508020FD01DD14B79C87903F00F03082B4A7A04D13D
S31508020FE08B7A1B0705D40A230AE091F90630002BEF
S31508020FF0F9DA02F01F03C91A8B7A03F007030A33D8
S31508021000013802F01F02801AC01AC0B2704728B906
S31508021010C8790B7A0A3803F01F03F5E700207047F0
S31508021020012802D10846FEF7E4BE002070470128CF
S3150802103002D10846FEF7FABE00207047022805D1FB
S3150802104048790B79000940EA03107047012801D153
S31508021050087970470028FBD000207047022808D17B
S3150802106013090B714B7903F00F0343EA02134B7111
S315080210707047012801D10A7101E00028FBD07047A8
S31508021080022806D14B7988791B0203F47063184348
S315080210907047012801D1487A704708B9087A70471B
S315080210A00020704773B50546FFF772FD0678447847
S315080210B02846FFF7E5FF184902460868022D009000
S315080210C0888889796B46ADF804008DF8061014D124
S315080210D040F6FF718A420ED1012E0AD1052013F875
S315080210E0012BA24207D0013810F0FF00F7D102B057
S315080210F070BD042EF2D00120F9E7FF2AFBD1012E9A
S31508021100F9D1072013F8012BA242F4D0013810F0C6
S31508021110FF00F7D1EBE700BF19EF0308022808D151
S315080211204B79C2F3032023F00F0303434B718A71F1
S315080211307047012801D14A72704700B90A7270478E
S3150802114008B50D4B198881420AD0998881420CD07C
S31508021150FF280CD1EDF7A6F9C0F10200C0B203E0F0
S31508021160002203EB8203987808BD0122F9E7BDE85D
S315080211700840EDF701B900BFE020002002380C282C
S315080211800CD8DFE800F00909090D07070B0B0D0B50
S315080211900D0D0D000420704702207047012070478C
S315080211A003207047F8B51C46054601F00F0740B9FB
S315080211B0090983F85310052F1AD02046FFF79EF91E
S315080211C016E0022802D183F85320F4E71B7A94F832
S315080211D05200DB0963F38200012F84F8520002D120
S315080211E063681E061CD405291BD16368580618D5E0
S315080211F0666816F002021EBF94F8523043F00203E4
S3150802120084F852307B1E072B00F29F80DFE813F02A
S3150802121038008E0111009D00CC019D009D009E00A4
S315080212201021002384F85320A4F86A3084F8561053
S31508021230C1E7BA4B6A1E1B68012AC4F84A30B84B82
S315080212401B88A4F84E304FF0030384F85630B54B8A
S315080212501B780DD923F00F0384F85330022D0DD0D5
S31508021260002D72D1092384F8643084F86C306CE05E
S31508021270012D84F85330F1D10A23F4E70D23F2E75E
S31508021280012316F001010CBF1A46032284F85630D0
S31508021290637808BF0F4662F3030362F307136370AA
S315080212A0A14B1B78C3F3001203F0200343EA82130F
S315080212B0DAB29B0642BF94F8543043F0010384F82D
S315080212C05430012D2CD0022D0AD0002D37D1237A85
S315080212D0580742BF94F8523043F0010384F852305B
S315080212E006F08006CFB1237A94F85220DB0963F31D
S315080212F0820284F8522036B194F8523043F0100331
S3150802130084F852300027022D14BF09220C2294F8C1
S31508021310943084F8642013440FE0002EF2D0EBE7F1
S3150802132094F86B3023F07003134384F86B300A2366
S3150802133084F8643094F894300A3384F86C3094F85C
S31508021340523067F3C30384F85230F8BD0023012DE7
S315080213500CBF84F86F3084F86E30710637D594F86E
S31508021360963094F895204F2B4FEA131781BF04271E
S3150802137003F00F0343F0400384F89630012D0BBFA8
S3150802138084F86F2084F86E203A463A460CBF84F8F1
S31508021390703084F86F3004F197010CBF04F17100C4
S315080213A004F1700015F012FA94F89430FA1C93427C
S315080213B0D1BF0022033BDB1BDAB2A7F1690184F82D
S315080213C0942054FA81F104F1950015F039FD16F0CE
S315080213D0010F14BF0322012294F85230012D43F063
S315080213E0100384F85230637862F3030362F3071337
S315080213F0637008D0237A5A0742BF94F86E3043F0D6
S31508021400100384F86E30638904F1650613F06002EE
S3150802141054D0434AB4F84E101288914247D1314605
S315080214202846FFF708FB002841D0277A17F010074D
S315080214303DD1012D2FD028463A46FFF713FCFFF778
S3150802144049FC01223146FFF759FC63893A4631467F
S31508021450284603F06003FFF768FC638923F06003FC
S31508021460638131462846FFF7D1FA012D024631D06B
S315080214702846FFF71DFC50B3A31893F870300332C1
S3150802148002EB131202F0FF020123022D84F85630F2
S315080214903ED10C3231E094F87020C3F3411304EBC9
S315080214A0121292F871100B4382F87130D5E7012DAA
S315080214B0D7D031462846FFF7E8FBD2E7012DF8D107
S315080214C094F8703004EB131383F87120C9E70232DB
S315080214D0D2B2D9E73046FEF730FCB8B1531C54FAFB
S315080214E083F393F87130043203F0070353FA82F256
S315080214F00823D2B284F856300A3294F89430D2B21B
S3150802150084F864201A4484F86C201EE70332EFE755
S3150802151015B184F8642018E70932EEE7921800201C
S31508021520901800209D18002096180020022384F89F
S3150802153056302AB194F8523043F0020384F85230F6
S3150802154011236370CDB1012D7FF4FFAE272384F8F2
S3150802155064301D2384F86E30214B04F16F0203F1C7
S315080215601C0153F8040B8B4242F8040BF9D11B7881
S31508021570137094F89430273377E6262384F8643078
S315080215801D2384F86D30164B04F16E0203F11C011B
S3150802159053F8040B8B4242F8040BF9D11B781370EB
S315080215A094F89430263360E6052384F85630730699
S315080215B002D42046FEF7A2FF112363704DB1012D16
S315080215C07FF4C3AE0A2384F8643094F894300A335D
S315080215D04BE6092384F8643094F89430093344E6D8
S315080215E0A738002003680BB140681847704710B542
S315080215F0054C0A4623682BB101462046FFF7F2FF3F
S315080216000023236010BD00BFDC1F002013B5184C51
S31508021610636A4BB900930421032004F2845304F24B
S31508021620D45219F02CF96062A36A43B904210093D3
S31508021630104B084603F1500219F021F9A0620E4C2C
S31508021640236843B900930D4B0421032003F150028A
S3150802165019F015F920600021094A0A48EFF7E6FA57
S315080216600021094A094802B0BDE81040EFF7DEBA80
S31508021670B49000209496002080160020F49600204C
S31508021680E9230208A43700205128020850970020AF
S3150802169073B52348FAF7D8FB10B12148EFF772FB66
S315080216A0072400261F4D55F8040B58B100220321C2
S315080216B018F00AFD0022052155F8040C18F004FD5D
S315080216C045F8046C013CEED1174B586A10B1214615
S315080216D019F080FC0022154B154D1A60154B2A6825
S315080216E0934206D018464FF4A272002115F047F825
S315080216F003460134032C03F5A273F0D1FEF722FF49
S3150802170048B10D48F0F7E6FC0C4C206801A919F01F
S3150802171023FC012801D002B070BD019B9847F4E76B
S31508021720A437002090970020B49000207C3F002028
S315080217309C370020AC970020789B0020801600205A
S3150802174008B50448EFF71EFB0123024A02F8043CD7
S3150802175008BD00BFDC39002008B500220121034874
S31508021760FFF740FFBDE80840EAE700BF7C9B002080
S3150802177010B5144649B9BDE810400848084B4CF262
S31508021780706103640430FAF785BCFFF7D9FF224675
S31508021790BDE810400121034824E700BFD8390020DC
S315080217A0591702087C9B00202DE9F84FDFF8F880CC
S315080217B004460E46D8F8D03A384D1B78282200211E
S315080217C002302B7014F0DBFF0123267095F8009087
S315080217D0637019F0300F05D019F0100F0CBF2023D3
S315080217E04023E3702E4B2F4FD3F8BC3038881D7830
S315080217F0023D012D8CBF002501256D00257105F0DE
S3150802180055FF40B95323A370E37845F0010563F009
S315080218106303E3702571D8F8D03A19F0010FB3F8CB
S3150802182001304FF00000A4F8053018BFA37804F180
S31508021830070B1CBF63F07F03A37005F0B1FF042EEC
S315080218400CBF2223232302780ABFDA464FF0000A86
S3150802185004F1080B934228BF134600258146984691
S315080218602C46EBB243450AD3BAF1000F03D0631CE8
S315080218708AF80040DCB2E01DC0B2BDE8F88FD9F89C
S3150802188004305E5D982E03D1388805F00FFF18B92B
S31508021890631C0BF80460DCB20135E2E796180020F7
S315080218A07CAE002090180020B49000200148EFF783
S315080218B069BA00BF889B002010B50446EDF7A2F866
S315080218C040F2D11140F25553002818BF1946034871
S315080218D004FB0111BDE81040FAF7DCBB889B002027
S315080218E010B52A4CFFF7E2FF94F8143BDA1E012AD8
S315080218F00FD8EDF787F8BDE8104040F2D11340F251
S315080219005552002818BF13464FF4FA60B0FBF3F09D
S31508021910D2E7012B1BD10023E3741D4B1B88C3B9E5
S3150802192084F8143B00231B4A84F8153B1370E37CA6
S31508021930012B09D0184B1B7813F0300F17D1DB0790
S3150802194015D501200AF05EF80023E37401E0002BA6
S31508021950E8D0D4F8103563B10D4A94F8140B1188FF
S31508021960984794F8143B23B9C4F8103510BD0020E3
S31508021970E8E794F8143B012BF8D1054B1B88E82BB2
S31508021980F4D8032384F8143BB3E700BFB4900020CD
S3150802199090180020E43700209618002008B5FFF7B3
S315080219A085FF074991F8143B033B012B07D8002210
S315080219B081F8142B1046BDE80840114690E708BD89
S315080219C0B4900020F8B5124B044693F8166BF6B994
S315080219D0DA7CE2B107291AD90122458883F8142B41
S315080219E06DBAAFB2A7F58073B3F56A6F0FD8FFF772
S315080219F04FFE084B08481D8063683946036005F0A8
S31508021A0077F8324631463046BDE8F84068E7F8BD11
S31508021A10B4900020901800209218002010B5254C8A
S31508021A2094F8143B2BB1BDE810400022114610462B
S31508021A3056E7214BE074C4F80C15C4F8103548B1C2
S31508021A4005F01EFEE37C042B2DD8DFE803F0030F16
S31508021A50212618001948F0F73DFB002384F81C3BA1
S31508021A6005F0BEFABDE8104008F09ABB4FF47A6159
S31508021A701248F0F795FC002384F81C3B05E0ECF7C6
S31508021A8023FE012384F81C3B002384F81D3B10BD6A
S31508021A900B490A48F0F784FCF3E709490748F0F7C7
S31508021AA07FFC0223EEE70548F0F714FB0023E374F4
S31508021AB0E2E700BFB4900020F1060208CC9B0020A2
S31508021AC0E093040070B5002501261F4C314604F642
S31508021AD01E33C4F8603BC4F8D00A84F8206B84F835
S31508021AE0215B84F8416B84F8425BFEF76BFEA842E1
S31508021AF00CBF32460322154B04F664301A70144A98
S31508021B00EFF794F82A4631461248EFF78FF8D4F8D9
S31508021B10D03A31461A78104B04F6D4201A700F4B75
S31508021B200F4A83F82850EFF781F8FFF7BFFE0D4BEF
S31508021B300D4A84F8145BE57484F8165B84F8A45B92
S31508021B4084F8155B1A6070BDB4900020E537002052
S31508021B5041390208DC390020961800207CAE0020A4
S31508021B609D190208C8380020E18F02080022024B9C
S31508021B701A601A71EDF7C0B81C3A002010B50C4865
S31508021B800C4C0523224602210068ECF74FFD002182
S31508021B900A46631D13F8010DE82884BF01211A704D
S31508021BA0A342F7D119B1BDE81040EDF7A5B810BDAB
S31508021BB0B01F00201C3A00202DE9F04F5D4B054668
S31508021BC093F8169B87B0B9F1000F40F0A68001285A
S31508021BD000F2A380DFF86481574B18F830401B786F
S31508021BE001AFA34214BF26460026112249463846AB
S31508021BF014F0C5FD39463046ADF8009004F04AFEA9
S31508021C006946304604F06AFE9DF801308DF80440B4
S31508021C1013F0030F4FEAC5020FD008EB0200417812
S31508021C205B0121F0700141F020014170817903F0D6
S31508021C30600321F060010B438371BC4604244244CD
S31508021C4051784FEAC50901F00F019646E24600238C
S31508021C5099421AF8010F54D99EF802B0584554D041
S31508021C60013C14F0FF040CF1040CEED1A2465FFA13
S31508021C708AFB31465846FEF771FB06AB03EB80003A
S31508021C8010F8133C2BB10AF1010ABAF1040FEED18E
S31508021C90D3465846032828BF03203146FEF75EFB83
S31508021CA008EBC5056A78830012F00F0506D1FE24F3
S31508021CB003F11801694401F8134C01244FF0000C92
S31508021CC0013309F10209F91847F803C0C144E3B21E
S31508021CD09D4225D801219DF8003002F0F00201FA52
S31508021CE000F08A428ABF184323EA0000C0B2E82EEF
S31508021CF08DF8000011D86A463946304605F089F84B
S31508021D000BE093B9FE28ABD107E0FE2805D00133D4
S31508021D10DBB2042B0EF1010E9AD107B0BDE8F08FA3
S31508021D2019F804300B550134D1E7002898D19942A5
S31508021D30ECE700BFB4900020D43900202D2A0020F9
S31508021D4010B5174B174C8AB0187023880DF1060187
S31508021D501548ADF8063004F055FFBDF80630238065
S31508021D60FFF7EEFC1122002105A814F008FD05A9CB
S31508021D70002004F08FFD9DF8140005F01BFCFFF708
S31508021D80FDFE00230948CDE90233ADF810300321E0
S31508021D900A2302AA0068ECF749FC0AB010BD00BF84
S31508021DA0E4B400209018002092180020B01F0020EA
S31508021DB070B51F4E0546308805F078FC044638B1E2
S31508021DC01C4A1D4BB2F8CE201A801A681B4B1A629F
S31508021DD000221B4B32801A600DB12A681A60002154
S31508021DE0174804F085FE94B910222146154814F0C6
S31508021DF0C6FC154B1C70154B1C605C60FFF7B6FEE3
S31508021E0004F032FE04F0E8FD204605F0D3FB002478
S31508021E1008F0C6F90E4B1B6883F8B94405F0EEF8CC
S31508021E2007F064FD2046BDE87040F0F783BF00BFA7
S31508021E30901800207CAE002040290020000008509F
S31508021E40921800202D2A00203D2A0020E02000209A
S31508021E50C438002008B50D4AD37CB3B1072914D972
S31508021E6043880B495BBA09889BB28B420DD1012381
S31508021E7082F8143BFFF70CFC0020FFF799FFBDE838
S31508021E8008400022114610462AE508BDB4900020F3
S31508021E90901800202DE9F341437C04465BBB454D6F
S31508021EA0454E95F82580B8F1000F16D117F020FC9B
S31508021EB0694607460520CDF8008017F053FD06202F
S31508021EC001A9F0F79DF940B9D6F8B40015F09CFDC2
S31508021ED0830741D401A8F0F7FDF896F8C830032B1A
S31508021EE060D12378063B18BF01231D4495F920309B
S31508021EF084F827306373A37B617C032B56D194F94C
S31508021F0015302D4A03EB83030129B2F9CE004FEAB5
S31508021F10430349D8294A32F81120294909880A442B
S31508021F2012B2904240DB6FF03B018A42B8BF0A46C2
S31508021F309342B8BF13461BB2984204DB6FF03B00CC
S31508021F409842B8BF18460A2390FBF3F3608284F8D6
S31508021F50283002B0BDE8F08196F80080B8F1000F8B
S31508021F60B8D1022811D0EDF77BFFEDF7DBFF01228E
S31508021F70D6F8B400114615F02BFF42460121D6F8D1
S31508021F80B40015F04EFD0028A4D1EEF7F7F917F0C4
S31508021F90AFFB95F82520C31B002A9BD1009A9342D2
S31508021FA0F3D997E70323A0E70246C1E72089FEF79C
S31508021FB07BF8C8E7543F00207CAE00208CBB0308A0
S31508021FC0402900202DE9F84FDFF8FCA20646DAF888
S31508021FD000300D46C362FF238377B64B1860037A37
S31508021FE0DF0642BF438923F06003438190F8340039
S31508021FF0EEF7FFFD012807466CD00228738900F028
S31508022000F380002800F0E2800024728912F0600F43
S315080220101CBFB6F8503033827B1EDBB2012B02D8C6
S31508022020900500F1148196F85630032B0CBF002553
S3150802203005F0010544EA0703DBB286F85E50002B79
S3150802204000F00781022F40F0058196F85F3086F886
S315080220505F302046FDF73FFE727886F82200C2F30B
S315080220600303C3EB121344F62061934886F85930EA
S31508022070F0F796F9002C00F08081A4F10C03022BEC
S3150802208006F1480500F2FE8086F848400A2496F8CA
S315080220905830DB0740F14181FEF794FB96F853303E
S315080220A0002840F03181A21F012A40F2308196F8B9
S315080220B06A2096F8521022F01002C1F30000C1F30A
S315080220C0800142EA001243EAC11386F86A2086F8BA
S315080220D06B3006E1337803F01C03042B12D1774BDD
S315080220E01C787389032C28BF002413F0600F6BD069
S315080220F059055FBF0F2243F48063B27373810F34AD
S31508022100E4B282E7DFF8BC9199F8A54BFEF75AFBD1
S3150802211000284FD06A4A96F85830D2F8BCB096F8DA
S315080221206C10D807BBF80A805CBF0231C9B2B8F195
S31508022130000F3FD004F11C0302EB83035868002802
S3150802214038D0D3F804C0DAF80000A0EB0C0CBBF8C0
S315080221500800404484452DD85B68DAF80000A0EBF5
S31508022160030AD2F8C0302344187E032896BF0130EA
S315080221700020C0B2ECF7D4FB4FF47A72BBF80630F3
S31508022180A8EB0008B3FBF2F3A8EB0308C24511D982
S31508022190012389F8A63B4FF00308EEF797F9B0FB3F
S315080221A0F8F303EB4303C41A99F8A53BE4B2A34236
S315080221B0F3D003E099F8A63B002BECD1002389F86B
S315080221C0A54B89F8A63B8CE70C3499E75A06B073F7
S315080221D037D4980637D403F00703032B35D0022BDE
S315080221E00CBF0224012410E7354A13F0600F92F857
S315080221F0C61016D092F8C820022914BF082409244A
S31508022200032A05D17268910444BFC4F11104E4B2E9
S315080222105A053FF5FAAE0F2243F48063B27373810F
S31508022220F3E692F8C830022914BF06240724032BC2
S315080222307FF4EBAE73689B047FF5E7AEC4F10D0439
S315080222405EE70424E1E60324DFE60524DDE601254C
S31508022250F0E6022496F8563003F00F03052B03D155
S3150802226096F86E2091070BD5726892063FF5EDAE89
S31508022270B6F85020FF2A7FF4E8AE032B3FF4E5AE0A
S315080222800323E4E6A4F10F03022B1FD8284686F897
S315080222904840FDF765FF00286FD10A4C40F2D1711C
S315080222A004F29C60F9F7F6FE012384F8A73BBDE821
S315080222B0F88F00BF9C370020789B00209C180020CE
S315080222C07CAE0020B4900020C4080020A31F012B76
S315080222D002D886F84840DAE6E31E012B08D886F8C3
S315080222E04840284B03EB84039B6E28469847D2E75F
S315080222F0002386F84830A4F10803012B3FF6C7AE3F
S315080223002846FFF7C7FDEAE786F86D30E9E728466B
S3150802231086F86E30FFF7BEFDE3E796F85630013BC6
S31508022320072B2AD8DFE803F0241B122904292924BB
S315080223302046FBF7ABFC134E06EB8000D0F898302C
S31508022340284606EB84069847B36ECEE72046FBF787
S315080223509DFC0C4E06EB8000D0F8A830F0E720462C
S31508022360FBF794FC074E06EB8000D0F8B830E7E797
S3150802237029462046FDF7B4FF8DE70220BDE8F84F4F
S3150802238082E100BF8CBB030870B51348F9F75CFD00
S315080223900146F8B9114C256835B16B895B0519D523
S315080223A02846BDE870400DE60D4E2146B06A18F083
S315080223B0D3FD012802D129462068F2E7094B256098
S315080223C01D683DB92146706A18F0C6FD0128014606
S315080223D0F2D0256070BD00BFA43700209C370020CC
S315080223E0B49000207C3F0020CEE7144B13B51A6840
S315080223F00021824204BF00221A60114B1A688242E7
S3150802240004BF00221A60A02214F0B9F9FEF79AF85E
S3150802241030B10C48EFF75EFE0B4CFEF793F818B98D
S3150802242002B0BDE81040AFE7206801A918F094FD94
S315080224300128F5D1019B9847EFE700BF9C3700209A
S315080224407C3F0020789B002080160020F7B50C46BA
S3150802245006460846EFF7EAFD94F848302A4D063B49
S31508022460012B9BBF0A22B4F95A307F2393FBF2F35E
S315080224709ABF85F8BD3B94F9553085F8BD3B85F87A
S31508022480BE3B94F83D3085F8BF3BE38FA5F8C03BC9
S3150802249066B323789B0729D50026236C94F8442033
S315080224A0C5F8AD3B194B1A71D4E90501CDE900010E
S315080224B0B4F850006F46FF2808D038B1B6FA86F24B
S315080224C06189520901F00701EEF75CF83146104AB4
S315080224D03846FFF787F80F48EEF754FC2046FFF711
S315080224E084FF002385F8C43B03B0F0BD94F834009A
S315080224F0EEF77FFB022801D1E67FD5E7A37F002B03
S3150802250014BF02260126CFE7B4900020619C002062
S315080225105C9C0020E82000202DE9F84F0B9C894698
S3150802252004F165063146054690461F469DF928A0E0
S31508022530FEF7DBFA002858D04C4B94F869201B8822
S315080225409A4252D14A4B93F8C52B002A4DD1012201
S31508022550954283F8C42B21D194F8703004EB1313F7
S3150802256093F871305F073DD131462846FEF74EFA99
S315080225700223062240F26A2610FB023510FB06F6F3
S31508022580ECF740FA6389002803F007030CBF00231F
S315080225904FF4967315FB03F5A8191BE094F86E30F1
S315080225A01807E1D594F86F2004F170031209995CB3
S315080225B00907D9D113445B7813F0600FD4D04FF4CE
S315080225C0616331462846FEF721FA4FF4966210FBFC
S315080225D002308000FEF700F9BDE8F84F01462548AB
S315080225E0FDF7ACBE42F2AC63EBE731462846FEF78E
S315080225F07CF9B0B9DFF878B09BF80D30FF2B03D021
S315080226001D4B1878FDF730FC012D2AD8DBF8C83B9C
S31508022610314628461B7804F14A0209F081FAFFF787
S31508022620CBFA1648EEF7AEFB4FF07F33C4F84130CB
S31508022630134B84F840901B7884F83D8084F8213047
S31508022640237884F83E7043F0020323700D4B84F816
S315080226503FA01B689C4206D02146BDE8F84F0120E0
S31508022660F4E60220DBE7BDE8F88F00BF90180020E9
S31508022670B49000200D330208DA1F0020E82000205B
S315080226809C1800209C3700202DE9F7435E4E05462C
S315080226903368002B00F0B4805C48F9F7D5FB10B11B
S315080226A05A48EEF76FFB3468A37FFF2B40F0A880E9
S315080226B0022D19D0032D21D0012D1AD000236789A6
S315080226C0A377B80520D533B30021514A11700225E4
S315080226D0227812F0200020D0B5FA85F0214640096A
S315080226E003B0BDE8F043B1E601234A4A82F8A63BA5
S315080226F0E5E7484B83F8A65B0223E0E70122454B50
S3150802270083F8A62B0423DAE7022BE0D81D1E18BF8E
S3150802271001256D00DCE71D46DAE7910701D521465A
S31508022720DEE76268D2075DD594F85620052A59D0A5
S3150802273033B10121384803B0BDE8F043FDF7FEBDC9
S315080227403360364B94F834001B6894F8945023632C
S31508022750334B1C60EEF74DFA012880463DD12B35E6
S3150802276004F1650949464046FEF7BFF80646C8B170
S315080227700122284B83F8C42BECF744F94946002872
S3150802278040460CBF00264FF49676FEF754F948B138
S315080227904046FEF745F903464046FEF737F98342B7
S315080227A008BF3D25637803F00F03012B0FD90421D7
S315080227B000230DEB01000193EDF760FE019B05EB8B
S315080227C04502B3FBF2F102FB11332E44F5182846F3
S315080227D0FEF702F801461348ADE708B92A35BFE7FE
S315080227E02E35BDE72046EFF721FC04F114002946F1
S315080227F00D4AFEF7F7FE204603B0BDE8F043F4E5BE
S3150802280003B0BDE8F08300BF9C3700205097002034
S3150802281097180020B4900020A5580208C408002082
S315080228207C3F0020B15802085C9C0020064B1A68BF
S3150802283042B1064BD26A1B689B1AB3F5FA6F01D3EB
S31508022840032021E7704700BF9C370020C4080020F8
S31508022850ECE737B5044615F047FCE56915F052FC76
S315080228602B78019503F01C03144D042B4FF000023C
S315080228704FF001030CBFA86A686A01A916F04AF864
S31508022880019A052192F823302046013382F8233033
S31508022890002217F019FC0023094A52F8041BA14228
S315080228A008D1002205EB8303C3F8DC26FFF76CFD8B
S315080228B003B030BD0133072BEFD1F7E7B490002000
S315080228C0909700202DE9F34105462E4B0190186892
S315080228D02D4A8542116831D0681A434243418D42D6
S315080228E004BF002111606A6812F480422ED00026C5
S315080228F0264B53F8047B2FBB2C20D5F8388018F0CA
S3150802290092F8044650B180F8287016F0F9FA204B6E
S31508022910C4E9068523601F4B676123621E4B0121AA
S3150802292003EB8603C3F8DC461C4B20461A6817F0ED
S31508022930CBFBFFF729FD02B0BDE8F0810020186045
S315080229400123CCE70136072ED3D1F2E729781248BC
S3150802295001F01C01042905D1134601A9806A15F064
S31508022960D9FFE6E7406A53B1012301A915F0D2FF60
S31508022970019A92F82330013382F82330D9E71A46AE
S31508022980F3E700BF9C3700207C3F00209097002089
S3150802299021EF030853280208B4900020C408002037
S315080229A02DE9F74F0D9C99460C9B054694F8340081
S315080229B0019392468846EEF71CF9022808BF636817
S315080229C004F1650102BF23F0040343F010036360B8
S315080229D00646FEF78AF803463046FDF767FF0246C3
S315080229E03046FDF775FF470047EAC20747EA03176D
S315080229F094F8523007F01A0723F01A031F43636844
S31508022A0084F85270277A9B0003F0080B17F0200708
S31508022A10A4F80AB00CD1B9F1010F48D19AF80020EE
S31508022A20002A44D1022E42D10422B146A4F89520A6
S31508022A30019B84F8949004F1140293E8030082E857
S31508022A400300721ED2B2012A38D8AB4600252BF0F3
S31508022A5010036381002E58D0FDF732FA012102468F
S31508022A603E4B1970237A99061AD4234641463046B4
S31508022A70FEF798FB022E13D16368DB0710D5384B95
S31508022A8093F8C830032B0BD16378C3F303120132D0
S31508022A90013302F00F0203F00F0343EA02136370D5
S31508022AA020466389A38103B0BDE8F04F0AE74A4688
S31508022AB0514604F1950013F089FEB9E7B8F1020F01
S31508022AC0C5D0042DC3D094F85000B4F85010FF288E
S31508022AD005F007020AD1002AB9D1EBF7E3FC25F083
S31508022AE00705C0F102000543EDB2B0E7002AAED1F0
S31508022AF01C4A05F0F805B2F8DC0B88420ABF92F8C0
S31508022B00DE2B45F001051543A1E7D7B9134F3B78EC
S31508022B10E3B1A8F1080C05F00700DCF10001A0F109
S31508022B20020E41EB0C01DEF1000040EB0E00FDF750
S31508022B30D9F948EA00005FFA80F8012384F856803A
S31508022B403B70FDF7FFFC002265818BE7064B1B787D
S31508022B5048EA03135FFA83F8EFE700BFD91F00209C
S31508022B607CAE0020B49000209D1800202DE9F04F7D
S31508022B708DB0189C029366688046F30444BF01230D
S31508022B8084F8343094F8340089469346EEF731F8DF
S31508022B90022882469DF8585064D100224FF0040854
S31508022BA0A34B26F0040646F0100666601A7004F176
S31508022BB06F033705049342BF237A63F07F032372B8
S31508022BC016F0C00F40F09380CDE9005A32465946B6
S31508022BD0237A08F00700FDF7B9F90746002840F0FE
S31508022BE0BE81944E3379002B00F08180237A5806F1
S31508022BF040F1B5816368DFF85CA223F020088C4BAC
S31508022C00C4F804801A78179B0A9793E803008AE89F
S31508022C1003002046ADF82C700392FFF7E6FB844BBF
S31508022C201F7004F0A9FA40B9AA2D28BFAA2502994D
S31508022C302A4606F6DF3013F0C9FD002341F2883131
S31508022C407D4A7E4804F0D2FD04F096FA78B1002156
S31508022C500220FEF7CCFC0023CAE9003338460DB041
S31508022C60BDE8F08F0128A2D104F17003A1E796F816
S31508022C70084D082C05D8724B234493F8C830012B0B
S31508022C80E5D0039A6F4B48EA4218C6F8A83CADF855
S31508022C902490ADF826B08DF82A80B5330CAA12E92D
S31508022CA0070003C31A80684B1122C6F8A03C00230A
S31508022CB0A6F8AC5CA6F8AE3C86F8B02C86F8F33CCF
S31508022CC086F8F43CA6F8003D86F8023DA6F8923C42
S31508022CD0A6F804BD2CB1062C07D005F099FB0127EE
S31508022CE0BCE7172004F066FAF7E71820FAE700228D
S31508022CF04F4B67681978A4F84E90A4F850B06277DB
S31508022D0000296BD01A70237A43F0010323724FF01D
S31508022D10010917F0900656D1B9F1010F40F08480E7
S31508022D201BF0FF0300F02081484A1278002A4AD095
S31508022D3047490A7A9A4258D00A789A4243D1F30006
S31508022D40069301EBC6066389707823F0070300F041
S31508022D500F0243EA1013B07923F0600300F0600013
S31508022D6003439BB263810393FDF72CFD130105937D
S31508022D70069B0233194402F10D03CDE906300028F9
S31508022D8035D004F1710013F021FD059B84F87030EB
S31508022D90069B84F86430039B08F0980813F0600FCA
S31508022DA01EBF237A43F010032372049B1B78102B51
S31508022DB04FF0030328BF4FF008096377039B03F01C
S31508022DC0670348EA030840F6FF739B4544D1BAF104
S31508022DD0020F47D127F00507676043E0790696D5C3
S31508022DE007234FF00809637793E74E46A7E704F1EE
S31508022DF0700013F0EBFC059B84F86F30069B84F891
S31508022E006430F379DA07C6D5237A079A43F00403BE
S31508022E102372737823F0700343F030037370F379E7
S31508022E2062F30003F371B6E74FF00809CBE700BF78
S31508022E30E6370020B490002055790208689D0020E4
S31508022E408CBB0308939C0020EF1502083D2A00203C
S31508022E502D2A0020DC1F0020BBF1FF0F02D1BAF198
S31508022E60020FB7D1637F3BBB07F00507052F68D171
S31508022E705FFA8BF0FDF70EFB00285BD03D4EF07A29
S31508022E80FDF7C1FCB279804602F00F02531E032BEE
S31508022E900DD8BAF1010F4FEA021743D0F11D04F11A
S31508022EA0700013F093FC84F86F704FF0080905233D
S31508022EB063777379A4F850306668330725D52E4BA5
S31508022EC0B4F850101A8891421FD19F78EFB1E5B134
S31508022ED0029B1B788D2B18D0A62D16D82A46029946
S31508022EE004F1990013F0ACFF8D2384F8953004237E
S31508022EF007F00F0784F8963084F898501D4404F1B9
S31508022F00950384F89770EDB2029316F0C00F1BD0A2
S31508022F10179B4946009340462B46029A0194FFF7AF
S31508022F203FFDDCE6154904F1710013F04FFC84F805
S31508022F307070BAE7636823F004036360637F002B4B
S31508022F40BAD106236377B7E7CDE9005A324659461E
S31508022F50237A08F00700FCF7F9FF0028D8D02046A4
S31508022F60FFF743FA002779E640F6FF739B457FF49D
S31508022F7079AF2CE7B4900020803F0020BB90002058
S31508022F802DE9FF47044690F83400EDF732FE04F1C6
S31508022F9065010546FEF774F8022D814635D194F887
S31508022FA06D60B4F8500006F0070640B194F859105F
S31508022FB0FDF77AF8964B18801A68964B1A62636878
S31508022FC0627F590740F13081052A00F22D81237A62
S31508022FD013F0100700F0898023F01003237294F887
S31508022FE05230A08923F01803608184F85230002DEC
S31508022FF06ED0FCF765FF0121024623462846FEF7F6
S31508023000D1F8002384F8233054E094F86A30012D6D
S3150802301003F00F06D3D0721E032A03D8DFE802F0A4
S315080230204F0303030126002DC9D194F85220D10675
S315080230304BD51F060ED594F86E2012F0100F09D044
S31508023040227A22F00402227294F8522022F0010215
S3150802305084F85220704A94F8691012889142AED1C7
S315080230601806ACD5638903F00702032AA7D194F898
S315080230706C20402AA3D8012123F0070343F0020358
S31508023080638194F85230084623F0180384F85230C4
S31508023090237A43F004032372FCF724FF002240F04C
S315080230A0080123461046C9B2FEF77CF8237A23F0B4
S315080230B004032372204604B0BDE8F04702E413F085
S315080230C0800F14BF08260126ADE712F0010FB6E7F6
S315080230D000F00700871E784229467841FCF702FF6E
S315080230E040EA06012A46C9B287E7032ADFF834818D
S315080230F042D85FFA89F0FDF7CDF90523637798F888
S315080231000D3094F852A0FF2B62D098F8053098F843
S315080231100B00A4F85030FDF776FB0646FDF752FB86
S31508023120638998F8068003F0180308F00F081E430F
S3150802313008F1FF33032BF6B22AF0180A8CBF0125D1
S3150802314008258146668184F852A0F0B1082D09D176
S315080231504246324904F171004FEA081813F036FB69
S3150802316084F87080FCF7ACFE074623463A462946A1
S315080231704846FEF717F89DE798F80D000130C0B2E9
S31508023180FDF726F988F80D00B7E706F00706B11E1F
S315080231904E424E41082D14D14246204904F1700090
S315080231A04FEA081813F012FB0121304684F86F80A3
S315080231B0FCF798FE40F008050122194BEDB21A7089
S315080231C0D3E701463046FCF78DFE40F00105F3E7EA
S315080231D02AF0180A84F852A055B1FCF771FE0121AB
S315080231E0024623462846FDF7DDFF0623637761E795
S315080231F06389294623F0070343F0030328466381BC
S31508023200FCF770FE40F001012A46C9B2E9E700BFA1
S31508023210402900200000085090180020BB9000208A
S31508023220D91F0020B4900020062A64D8227AD20731
S3150802323061D594F83C2003F00203029243F001039D
S3150802324004F114020192009304F19506324694F8A9
S315080232509430B4F85010B4F84E0007F001FF002875
S3150802326049D00027DFF8A08084F86470D8F80C0DDE
S315080232704FF47A61C279C36B42F020021A70402277
S315080232805F60DA70A36A03610523037007F0A0FE84
S315080232901C4BD8F80C1DC4E905376389012D23F0A8
S315080232A0070343F0020363818A79636843EA0203E8
S315080232B063600A7A12D1AA2A28BFAA22304684F85B
S315080232C094208D3113F082FA0723637755B1FCF700
S315080232D0F7FD05210246234628464AE7402A28BF23
S315080232E04022EBE701210846FCF7FCFD40F0050108
S315080232F02A46C9B2EFE72146002004B0BDE8F047E6
S31508023300FFF7A4B819660208B490002008B5FCF7BE
S3150802331092FE10B1BDE8084032E608BD38B504464B
S3150802332000286BD00123364D90F8340085F8A63B69
S31508023330EDF75FFC637803F10F0202F00F0262F306
S315080233400303190763704CD0032A4AD894F85230FB
S3150802335094F8481023F00103112984F8523003D84F
S31508023360284B0B41DB0705D594F8583043F0010387
S3150802337084F85830012A04D92046BDE83840FFF7B8
S31508023380A1BA10BB638903F00702032AF4D11E4AC5
S31508023390B4F84E1012889142EED194F96A20002AA6
S315080233A0EADB94F86C20402AE6D895F8162B002A10
S315080233B0E2D123F0070343F00203638194F8523003
S315080233C043F0010384F85230D6E70228D4D1A37F0A
S315080233D0002B08BF01206368E07743F4405363601B
S315080233E0CAE794F85830204623F0010384F8583087
S315080233F0002385F8C43BBDE83840C1E538BD00BFA7
S31508023400B4900020E77CFCFF9018002010B5044613
S31508023410FFF70CFA214B1A6852B1214B126B1B6843
S315080234209B1AB3F57A6F03D3FCF705FEFFF776FF0F
S31508023430022C1C4A19D192F8F83613F0010308D067
S3150802344092F83C38D90727D592F88039DB0721D478
S3150802345023464FF4A27253431348C25C22F01D025C
S3150802346042F00902C254184410E00023A02000FBCF
S3150802347003F1541894F8104DE40708D40B48435C3A
S3150802348023F01D0343F005034354084410BD0133DA
S31508023490042BECD10020F9E70123DAE77C3F002070
S315080234A0C4080020B4900020AC970020C49D0020D8
S315080234B02DE9F74F074699460192FDF783F98B46A0
S315080234C0054697F85030DFF8C88088B1A82B59D836
S315080234D00220FFF79BFF8246002853D098F8002067
S315080234E0002A48D035B1FCF7EBFC0646052409E06C
S315080234F03F2BECE701210846FCF7F4FC40F00504F3
S315080235002E46E4B2391D7F220AF1480013F05EF90D
S31508023510DAF80420019B42EA0B02CAF804200222C6
S31508023520AAF80A2097F8202000278AF864200122A0
S31508023530CAF8143088F800205346324621462846EF
S31508023540CAF818708AF83C90FDF72CFE9AF86A2099
S3150802355002F00F02052A05D19AF89E2012F0020FF0
S3150802356008BF032750468AF85F70FFF7ABF90120B8
S3150802357003B0BDE8F08FFE7B002DB7D1340144F0CD
S315080235800504BDE70123002088F80030F0E700BFF4
S31508023590D91F00202DE9F04F91428BB006460D4601
S315080235A090461C469DF85070DDF858B09DF85CA010
S315080235B04CD05978187803F091F8814610B34FF039
S315080235C00009ADF81E500125159BADF82690089303
S315080235D0ADF81C808DF8245004F0CEF839468DF8E3
S315080235E02500CDE903592046CDE901AB189B009683
S315080235F007AA05F08DFCB0EB090018BF01200BB035
S31508023600BDE8F08F0220FFF701FFF8B1159B1049BC
S3150802361043609DF86430096880F83C30189B8162E3
S31508023620C0F838B080F85FA080F823904246CDE90A
S3150802363000730290234629463046FFF797FA002878
S31508023640DDD1044A044B107001221A700020D6E715
S31508023650C4080020E6370020D91F0020F0B589B03B
S3150802366009B1334B1970334C3349227BE72A19D9EE
S31508023670002323731C220021304813F080F84FF0F0
S315080236807F332F4AC4F8953F13712E4B2E481B7869
S31508023690053A84F8AA3F264B197809B0BDE8F040E6
S315080236A0FDF7A0BFD308CB5C02F007000341013245
S315080236B0DB0792B2DAD5A07B227310F00100D9D1CA
S315080236C0224B234D1B781F4EC3F340132B70214BFD
S315080236D006AD3178CDE90305CDE906301E4B0591D5
S315080236E002901B781D4943F4006301931C4B1B7817
S315080236F000931C4B09781B68FFF74CFF0146A0B9DB
S3150802370002270B4B1C220D481F7013F038F84FF096
S315080237107F330B4AC4F8953F1371337839462846E6
S31508023720053A84F8AA3FFDF75DFF09B0F0BD00BF70
S31508023730A6380020B4900020A738002044A0002014
S3150802374049A000209C380020943800209138002097
S31508023750E63700205D360208A53800209238002098
S31508023760A4380020A038002041F2017300B50029D0
S315080237708BB0ADF81C3014BF042305238DF81E3018
S31508023780002308AACDE9033205930293CDE908334B
S3150802379005220323CDE900320549064A098892F82B
S315080237A0AC2F07AB0120FFF7F5FE0BB05DF804FB63
S315080237B090180020B490002070B516460122184BC6
S315080237C086B083F8AD2F182283F8AE2F002283F82D
S315080237D0B01F83F8AF2F05460C46EAF7CDFD114A0E
S315080237E003461078022802D0032818BF18460E4B43
S315080237F01B781BB1022B14BF422022200023112260
S31508023800CDE90463CDE902340423CDE90032074940
S315080238102A46074B0988FFF7BDFE06B070BD00BFF2
S31508023820B4900020E5370020E437002090180020E5
S3150802383061A0002070B52F4A034692F8161B88B07D
S31508023840E1B908B070BD05EBD304E47803F00706C6
S315080238503441581CE407C0B249D582F8B13F264B19
S3150802386003210693002306AA0793FFF7A5FF00285C
S31508023870E7D10A212148F8F70DFCE2E7D2F8605BA6
S31508023880A978C900C9B28B42DDD3002182F8161B7A
S31508023890FCF798FF88420CBF01200320184B82F8D8
S315080238A0AF1F1870012382F8AD3F072382F8AE3F97
S315080238B00323144882F8143BCDE9060106A8CDE98C
S315080238C0031005910291D2F8B81F0F48CDE90031CD
S315080238D00E4992F8B42F0E4B09884078FFF75AFE24
S315080238E002460028ADD10221FDF7FAFFA9E70346F1
S315080238F0C9E700BFB490002015390208189C0020B9
S31508023900E5370020E1180208E4B4002090180020E8
S3150802391061A00020094B93F8B10F59B10121D3F8E0
S31508023920603B00F0070203EBD0039140DA7822EA03
S315080239300102DA700130C0B27CE700BFB490002001
S3150802394008B5EDF71FFA044B93F8B10FBDE8084026
S315080239500130C0B26EE700BFB49000202DE9F043F3
S3150802396004460D4693B00021174607A82A2212F0EC
S3150802397006FF2046FDF7E4FBAB0644BF0122204BB7
S31508023980064648BF1A701F4BDFF87C9093F8A48B43
S3150802399005F01F05B8F1000F1AD00026012107A865
S315080239A083F8A46BFDF700FFFF2C14BF33460323ED
S315080239B0CDE9000522460220CDE90263CDE9047667
S315080239C0B9F8001007ABFFF7E5FD13B0BDE8F083C1
S315080239D0042814BF0121042107A8FDF7E5FEFF2CE0
S315080239E014BF00230323CDE90005CDE90283CDE9FF
S315080239F0047822463046B9F8001007ABE3E700BF61
S31508023A00E6370020B4900020901800201346164A84
S31508023A1013B592F8164B04BBD47C14F0FB0F1CD0DA
S31508023A2002291AD98178C80717D592F81C0B0128DA
S31508023A3015D111F0020F10D10021CDE90011012193
S31508023A4082F8A41B1A78188912F0020F08BF1021EF
S31508023A506A4618BF1221FFF781FF02B010BD02287D
S31508023A60EAD111F0040FE6E7B49000202DE9F04FF1
S31508023A708BB0002900F09980FCF7DDFA044600288D
S31508023A8000F09380FCF79EFE04F165010646FCF7FA
S31508023A90D2FF002800F0898094F85390B4F850B009
S31508023AA0002E00F0858094F8707004F171014FEAD7
S31508023AB01718424607A812F089FE0220B4F84EA04B
S31508023AC0FFF7A4FC08F10205044600286DD033234B
S31508023AD0BA1E5FFA8BFB02F00F0227F00F01437042
S31508023AE0A0F84EB01143002E69D000F1710300F11F
S31508023AF06F0B08200F2A059384F8560084F8539012
S31508023B0084F8701004D194F85220024384F85220A3
S31508023B10304604F1650194F85620FCF71FFFFCF7BE
S31508023B2041FFFCF766FF94F85220130701D5FCF70C
S31508023B3026FF5FFA8AFAA4F850A09BF80020059897
S31508023B4042EA07128BF800204246042A28BF0422BA
S31508023B5007A912F03BFE002384F89430002E4FD1B9
S31508023B600935237A204643F02003237284F86450E9
S31508023B7084F86C50FCF7C2FC224BB4F85020089328
S31508023B80002309936368B4F84E1043F08103636017
S31508023B9008AB0294019394F894301B48009390F86A
S31508023BA0DE0B04F19503FEF7E1FF0BB0BDE8F08FDB
S31508023BB094F86F7004F170014FEA171879E700F16B
S31508023BC0700300F16E0B012084F8560094F8520037
S31508023BD009F00F0940F0100084F8520094F86A00C0
S31508023BE00F2A60F07F00059384F8539084F86A00E0
S31508023BF084F86F108CD194F8522042F0080285E7B7
S31508023C000A35AEE7F9FF0108B49000202DE9F04F16
S31508023C100D46516880461E46507A4F4B89B001F0D0
S31508023C203F079DF848A01B785760042807D8DFE8A5
S31508023C3000F044030A0D420013F0010F76D100206A
S31508023C4009B0BDE8F08F13F0020FF7E7C3F380035C
S31508023C50002BF4D0414B0428B3F8009069D1404CAC
S31508023C60B4F800B0BBF1000FE9D1AA2DE7D8138842
S31508023C70414607933B4B2A46184612F0A7FD079A78
S31508023C8004F154032280384A2574E06096E803005A
S31508023C9083E8030012F8923C58460133DBB2A4F8D3
S31508023CA00290676002F8923C84F8523084F87CA04D
S31508023CB003F046FF38E0DB09CAE7DFF8B89047F0B9
S31508023CC02007C1F3401157600220079289F80010B5
S31508023CD0FFF79CFB079A044630B90023012289F8AC
S31508023CE00030224B1A70AAE7214B80F83CA01B68C9
S31508023CF08362002380F82330937ADB0742BF037A74
S31508023D0043F0400303725368178843603846FDF749
S31508023D1017FACDE901641149009543463A460988DE
S31508023D20FEF724FF0028D8D0012089E70B4BB3F809
S31508023D3000900023A2F802902946CDE90233CDE984
S31508023D40003340463346CDF810A005F0E1F80038B6
S31508023D5018BF012074E700BF9E18002090180020A3
S31508023D60B819002070A00020ACA10020D91F00209D
S31508023D70C4080020E63700202DE9F04F036A93B005
S31508023D800693037FDFF89C82089390F91330C8F8EC
S31508023D90C80B0C93037807905A1F022A01D90A2BDB
S31508023DA008D1069B069ADB79013BD371089B013B36
S31508023DB0DBB20893FCF73FF9069B0746C8F8CC3BEB
S31508023DC0089B88F8D93B079B1A7C924B1A70089B6A
S31508023DD0082B6ED9069B089ADB79934269D8079B0A
S31508023DE093F811B00023BBF1010F88F8D53B23D015
S31508023DF0079B1878FDF7C2F90024874B069988F8BD
S31508023E00DE0B584603F8914CFCF79AFD02465846D3
S31508023E10FCF76BFD012A11D098B9052A40F0D68025
S31508023E20BBF1010F069B40F0BB809B7AD90600F0D6
S31508023E30C680054605907FE00320DDE7002800F0EE
S31508023E40A680584606990F94FCF7E0FD431EDBB29E
S31508023E50032B04462DD85846FCF7E2FD024658467F
S31508023E60FCF7F5FD034630B1944222D001D20F2A5F
S31508023E701FD1002301E094421BD30FADDAB2584694
S31508023E800699FCF771FEE8540133DAB29442F5D882
S31508023E90042C11D19DF83F305BB19DF83E209A4221
S31508023EA007D09DF83D209A4203D09DF83C209A42BD
S31508023EB004D113B0BDE8F08F032C14D19DF83E301F
S31508023EC0002BF6D09DF83D209A42F2D09DF83C2070
S31508023ED09A42EED09DF83D30002BEAD09DF83C2060
S31508023EE09A4202D1E5E7012CF4D19DF83C30002B29
S31508023EF0DFD058460699FCF7F8FC002847D0584602
S31508023F00FCF7E8FF4378451C182B059044D0072B8D
S31508023F1042D0032B42D104224048A91C13F03EF892
S31508023F20B0FA80F04009059B1B7813B1012B03D127
S31508023F3010B1FE2007F092FAD8F8CC4B5846214623
S31508023F40FCF7D3FC364BBBF1010F02461E8849D15A
S31508023F502379B34258D1002859D094F809A0B2451A
S31508023F6014BF4FF0000A4FF0010A059B002B5FD0E1
S31508023F701B789F2B58D0982B5AD1BAF1000F98D19B
S31508023F8021465846FDF77CF8FF2851D191E7584655
S31508023F900699FCF7FDFDB5E70120C4E70020C2E754
S31508023FA05B7A13F01F037FF444AFBBF1000F16D1FF
S31508023FB0069B11330593069B03F11205BCE7069B84
S31508023FC012330593069B03F11305B5E7022A7FF41C
S31508023FD030AF5846FCF7EBFF0590451CACE70125C8
S31508023FE00593A9E75846FDF729F8B0420CD1584679
S31508023FF0FCF7A6FC0128824609D1002AB5D0584604
S31508024000FDF73EF8B042ABE74FF0000AADE74FF0D6
S31508024010010AAAE79C180020ACA1002092180020E9
S3150802402090180020B4900020BAF1000F7FF441AF37
S3150802403098F81390B9F1000F62D1BAF1000F7FF424
S3150802404038AF974D14220021A5F1900012F097FB84
S31508024050002305F87C3C88F8D53BFBF7ECFF236880
S3150802406005468F4804228F4940F87B3D099312F092
S3150802407095FF10B1012388F8D53BBBF1020F5AD13F
S31508024080237A03F00503012B40F025816279217911
S31508024090120942EA0112B2F57A6F04DDA2F6A27299
S315080240A0032A00F21881804A92F8D52BD20704D542
S315080240B0B9F1010F40F00F814B4621465846FCF7ED
S315080240C02EFD7A4A1070002D00F0E38095F85320F1
S315080240D0734901F8772C21465846FCF731FC01381A
S315080240E0DFF8C4916E49072800F2F580DFE810F080
S315080240F0E20019055005F300F300F300F300C405C6
S3150802410009F1FF33012B9CD8BBF1020F99D0059B0D
S31508024110002B3FF4CEAE002D3FF4CBAE1B78012B1D
S3150802412006D12B78032B8CD0082B7FF4C2AE88E7F6
S31508024130002B86D0BDE6BBF1010F46D194F8058067
S3150802414008F00F08B8F1020F06D12046FBF735FE34
S315080241500378012B00F0BF80534A92F8D53B13F03F
S315080241600103AAD09EB192F81D3B83B1B8F1050F9F
S3150802417029D0B8F1080F0AD12046FBF701FE04221E
S31508024180C11C484812F00AFF0346002895D0B9F127
S31508024190000F00F0A080B9F1010F14D0B8F1080F92
S315080241A011D0B8F1010F40F096802046FBF7E8FDE2
S315080241B04378032B07D1C11C04223D4812F0EEFEB8
S315080241C0002800F08880002377E7BBF1000F40F053
S315080241D0828094F8058008F00F02022A06D1237A13
S315080241E003F01F0323445B7A012B74D02E4B93F8FA
S315080241F0D53BDB072FD5052A45D0012A45D118F02C
S31508024200800F42D021460020FCF764FE0422C11C1E
S31508024210244812F0C3FEB0FA80F0400926B1224BB8
S3150802422093F81D3B03B1B0B9B9F1010F13D018F0D9
S31508024230800F2CD1A37A032B29D104221C4804F11E
S315080242400C0112F0ABFE003818BF0120B9F1000FBD
S3150802425041D000283FD021460020FCF760FC124BD3
S315080242600246D3F8C83B1878FCF788FFA0F1020C7F
S31508024270DCF100000D4B40EB0C0042EAC0121A704A
S315080242804DB1FF2327E70120C8E70020C6E7012032
S31508024290DCE7FF221CE7FF22014B03F8772CF0E745
S315080242A0ACA1002092180020B49000209D1800208E
S315080242B031A100200022BBF1020F94F8078001F811
S315080242C0762C40F0E781B8F10D0F00F2A5810022A5
S315080242D0AA4B83F8D52BA94C5846D4F8CC5B94F84C
S315080242E0D58B2946FCF72CFB0128464640D1584671
S315080242F0FCF7FBFA002800F034865846FCF7EAFD7C
S31508024300BBF1020F037890F8019031D894F813A004
S31508024310BAF1000F2CD008F04708B8F1010F27D1DF
S315080243200BF1FF32012A00F23886012B02D0042B48
S3150802433040F02B86B9F1080F1AD0B9F1030F40F0F5
S31508024340158629465846FCF723FCBAF1010F05469D
S3150802435005D1C11C04228A4812F020FE40B12A79EE
S31508024360EB7813436A791343AA79134340F00D860F
S3150802437016F0800F18BF0123DFF8288218BF08F845
S315080243807C3C18F87C3C002B14BF0123002308F858
S31508024390753C2CD0BBF1020F29D17A4DD5F8BC3029
S315080243A01B78023B012B22D8079B1B7C032B00F0B0
S315080243B01186042B1BD15E4695F8C630B34216D039
S315080243C0304602F003FC95F8C43003F0FD03092BCE
S315080243D005D195F8C630B34218BF85F8C6606A4853
S315080243E003F071F9FCF744F908B9F9F7BBFA94F83E
S315080243F0D53B03F0C703802B18D1059BB3B11B78B5
S315080244001F2B13D9614B1B685D6913F06DFEEE6BAA
S31508024410AD6B13F077FEAE4208D1002294F8D53B75
S3150802442008F8752C62F3C71384F8D53B5846D4F8B6
S31508024430CC1BFCF703FEBBF1020F0546A4F8DC0B06
S315080244400CD1D4F8D03B4BB11B78012B01D0042BED
S3150802445004D1A5F6A273032B7FF62BAD94F9D53BAF
S31508024460002B26DA4A494B4A08881378A84200F0F4
S31508024470B4858888A84208BF012394F8DE6B21F820
S31508024480235001EB8301013303F001031370731EFA
S31508024490032B8E700DD865B12846E9F731FF012244
S315080244A03D4B05801B688270836031462846ECF7CF
S315080244B069F818F8753C13B10022384B1A7094F84B
S315080244C0D53B9A0670D50120FEF7A0FF06460028BE
S315080244D000F09885D4F8C83B314D5A7C5B6A012AAC
S315080244E014BF00222A78012B38BF01230366002352
S315080244F0032180F8943003465846FCF753FEBBF175
S31508024500000F0AD1D4F8C83B9B7ADB0742BF96F85C
S31508024510523043F0010386F852300021B4F8D63BF4
S315080245207289A6F850302B7822F0070286F85330A3
S3150802453094F8DE3BC6E9051113437381079B86F897
S315080245405F101B7D5846D4F8CC1B86F85D30FCF705
S31508024550BFF9002800F0448596F8523043F002036A
S3150802456086F85230032386F85F30079B3046DB7C99
S3150802457086F85C30FEF7A6F916E000BFB490002074
S3150802458031A100207CAE002040AF00208818002010
S31508024590E0200020DB1F0020C40800209718002016
S315080245A09D180020ACA1002018F8755C9DF830A073
S315080245B0002D00F0B28794F8D53B03F04202022A96
S315080245C040F02685AFB194F8C43B93B1BBF1010F15
S315080245D00CBF97F8700097F86F0020F00F0000EBF9
S315080245E080004000C0B2FCF7F7F80146B748FBF76F
S315080245F0A5FE94F8D53B18077FF55BAC94F8D41B57
S3150802460002200591FEF702FFB14B054605990028DF
S3150802461040F0988718704CE421465846FCF742FD4C
S3150802462000283FF454AE21465846FCF7B1FA227ADE
S31508024630A8F10D0812F0400318BF237BC9F8D00B66
S315080246401CBF03F007030133434489F8D43B63795B
S31508024650A079190201F470610143B14204D040F60F
S31508024660FF7081427FF437AE99F8D51B1B0941F0DA
S31508024670800189F8D51B217943EA01131106A9F8A5
S31508024680D63B7FF528AE99F8D53B43F0200389F847
S31508024690D53B20E6BBF1010F30D1B8F10A0F7FF600
S315080246A016AE21465846FCF7FDFC00283FF40FAE2D
S315080246B02046FBF72CFBC9F8D00B2046FBF73DFB3F
S315080246C018B1A07A00F007000130A8F10B0840449F
S315080246D089F8D40B637A9E4202D0FF2B7FF4FBAD96
S315080246E099F8D53B43F0800389F8D53B2379A9F895
S315080246F0D63B94F90530002BC5DBECE5B8F1090F7A
S315080247007FF6E5AD21461046FCF7EFF8002800F0E3
S31508024710E3817048037843F0400303701046FCF7C0
S3150802472075F9431EDBB2032B82463FF6D0ADB8F1CC
S315080247300A0F3FF4CCAD1046FCF7B0F958B1104653
S31508024740FCF7B6FA38B10AF10D03DBB2434502D9D2
S315080247501046FCF79AFA21460020FCF7BBFBDFF865
S3150802476078912146C9F8D00B0020FCF7CAFB89F8D4
S31508024770D40B237A214600200A93FCF751F99E426C
S31508024780804640F0AB80504542D10020FCF78EF8B7
S3150802479099F8D53B002838D063F05F0389F8D53BF2
S315080247A0DFF8349108F1FF3299F8D53BD2B243F0DB
S315080247B010032146002089F8D53BFCF7D5F9DAB271
S315080247C012F00102A9F8D60B1BD121461046FCF7B6
S315080247D08CF8B0B11046FCF77DFB0378012B10D19B
S315080247E04378032B0DD199F81C3B022B1CBFD0F83A
S315080247F003300993099A384BC3F80F200122344B28
S315080248001A70002D3FF467AD11E143F08003C5E746
S315080248100F28F6D10020FCF749F828B199F8D53BBC
S3150802482043F0200389F8D53B95B32B4B0020D3F8E8
S31508024830C81B05F14802FBF7E0FB48B321460020F6
S31508024840FCF7E4F805F1650103460020FCF7DEF8FB
S3150802485083421DD1217995F86D20914218D1A84637
S315080248602B44A8EB05024345D2B207D11A4A92F85D
S31508024870D53B43F0800382F8D53B09E02146002068
S31508024880FCF772F998F8709008F101088145E8D0AA
S3150802489021460020FCF702F90F4B68B193F8D52B95
S315080248A042F0040283F8D52B002221461046FCF773
S315080248B05BF9A3F8D60BA4E7FCF729F80028F3D08E
S315080248C093F8D52B42F00202ECE700BF0D3302083B
S315080248D0D81F00209D180020B49000200020FCF765
S315080248E095F8804582467BD242460020FCF73CF981
S315080248F0864275D121460020FCF79DF8002849D149
S3150802490085B1D9F8C81B05F14802FBF776FB48B111
S31508024910052299F8D53B63F03F0389F8D53BBA4B94
S3150802492003F8762C0AF1FF3AD0452BD12079B74BFA
S31508024930A3F8D60BB8F1000F15D121464046FCF76D
S31508024940B7F980B14046FCF717FA60B94246FCF758
S315080249506CFA10F0180F06D0AC4A92F8D53B43F021
S31508024960200382F8D53B21460020FBF79FFFA74A82
S3150802497092F8D53B88B323F0280343F0280382F83C
S31508024980D53B3EE708F101022146D2B20020FCF7E8
S31508024990EBF8CCE7B8F1000F18D120799B4B0AF156
S315080249A0FF3AD045A3F8D60BDDD121460020FCF705
S315080249B07FF90028D7D00020FCF7DEF90246002846
S315080249C0D1D1FCF732FA10F0600FC4E708F1FF32D2
S315080249D0D2B20020FCF7C8F8E0E743F00803CEE7B6
S315080249E0002D3FF478AC894B0020D3F8C81B05F19B
S315080249F04802FBF702FBD0B121460020FCF71BF860
S31508024A00002854D108F1020202F00F0292450ED98B
S31508024A10FCF7AAF886420AD17C4A92F8D53B63F09B
S31508024A203F0382F8D53B0122774B03F8762C94F89C
S31508024A30048046450DD00422204605F14A0112F0AB
S31508024A40ADFA00287FF447ACB5F84E3043457FF4FB
S31508024A5042AC6E4B0020D3F8C81B05F14802FBF79F
S31508024A60CCFA00283FF437ACB5F850300A9A93428C
S31508024A707FF431AC21460020FBF7D2FF0246002024
S31508024A80FBF7D9FFD8B9FBF7C1FF831E03F00F0363
S31508024A909A427FF420AC5D4A92F8D53B63F03F0315
S31508024AA082F8D53B0322584B03F8762C13E4B8F167
S31508024AB0010FBCD9A8F102020020D2B2A8E7012A46
S31508024AC07FF409AC514A92F8D53B63F03F0382F86A
S31508024AD0D53B01224C4BE7E7FCF7E4FA00283FF402
S31508024AE0F6AB237A9E4202D0FF2B7FF4F4AB99F8F9
S31508024AF0D53BA8F10A0843F0800389F8D53B237908
S31508024B002146A9F8D63B002004F10903C9F8D03B8F
S31508024B1089F8D48BFBF7CAFE00287FF4B4ADFFF7F9
S31508024B20DABB21465846FCF742FA2146C9F8D00BA9
S31508024B305846FCF74CFA214689F8D40B5846FCF736
S31508024B4040F8864203467FF6C6AB5846FCF744F859
S31508024B5003EBC00086423FF7BEAB013EF61ABBF135
S31508024B60010FB6B20DD10A34F308E35C06F0070664
S31508024B703341DA077FF5AFAB99F8D53B43F08003AB
S31508024B8085E5BBF1000F01D10934EDE70024EBE717
S31508024B90012B58D899F8D53BDB073FD41C4B1B6829
S31508024BA0002B3BD09A7B002A38D01A4AD9F8C80B70
S31508024BB0D2F8BC20B0F806E012780089B3F810C023
S31508024BC0012A40F6FF7208BFFF22604540F0D585EC
S31508024BD0864501D0904221D100220F489A73F7F7F1
S31508024BE033F910B10C48ECF7CDF8094D00212868C5
S31508024BF0448924F48C634381FDF7E4F92A6824F492
S31508024C0080635381FFF767BBACA10020B4900020F4
S31508024C109C3700207CAE0020A4370020BBF1010F90
S31508024C2011D199F8D53B43F0400389F8D53BA04BFF
S31508024C301A7811F8773C9A427FF44DAB637AB342FD
S31508024C407FF449AB98E7002D3FF445AB5846D9F8AF
S31508024C50C81B05F14802FBF7D0F900283FF43BAB25
S31508024C6021465846FCF70CFA86427FF434AB99F88B
S31508024C70D53B63F03F030AE50023BBF1010F01F8B8
S31508024C80763C7FF428ABE37A4FEA13180B9308F1C4
S31508024C90FF33032B3FF61BABE27908F10D039A4269
S31508024CA0FFF415ABA37ADFF80C9213F0020F0A93FE
S31508024CB059D099F8D53B43F00403204689F8D53BE9
S31508024CC0FBF797F8C9F8D00B2046FBF7AFF8DFF8E1
S31508024CD0E4A18AF8D40B637A0D930B9B03F00F09B0
S31508024CE00D9B9E4240F08D80C1454ED194F9052018
S31508024CF06379002A9AF8D52BB4BF62F05F0242F0B4
S31508024D0080028AF8D52BDFF8ACA109F1FF329AF8AE
S31508024D10D51B54FA82F241F01001127B8AF8D51B90
S31508024D20C907AAF8D62B1AD403F00F03082B16D1F3
S31508024D302046FBF725F80378012B10D14378032B7D
S31508024D400DD19AF81C3B022B1CBFD0F803300993ED
S31508024D50099A584BC3F80F200122574B1A70002D97
S31508024D603FF4B9AAD0E00A9B580704D599F8D53B6F
S31508024D7043F00203A1E72046FBF702F82146C9F8E9
S31508024D80D00B5846FCF7BDF8A1E7B9F10F0FE6D1EB
S31508024D9094F90530002BBEBF9AF8D53B43F02003A1
S31508024DA08AF8D53B45B3434B0120D3F8C81B05F116
S31508024DB04802FBF722F9F8B195F87030B8EB131FE1
S31508024DC01AD1227995F86E309A4215D1002305F147
S31508024DD0700104F10B0211F801CF12F8010F844594
S31508024DE00AD10133DBB29845F5D8324A92F8D53B57
S31508024DF043F0800382F8D53B227B2E4BA3F8D62BB1
S31508024E00ADE7C1455CD204EB09031B7BB34257D11C
S31508024E100A9BDA072ED58DB10120DAF8C81B05F1EF
S31508024E204802FBF7EAF848B105229AF8D53B63F03F
S31508024E303F038AF8D53B214B03F8762C08F1FF335A
S31508024E404B4518BF04EB09021A4B0CBF2279527B59
S31508024E50A3F8D62B94F90530164A002B92F8D53BBF
S31508024E60BABF23F0280343F0280343F0080382F865
S31508024E70D53B74E7B9F1000F13D123790D4AA2F88D
S31508024E80D63B08F1FF334B45E4D104EB08031B7B01
S31508024E905B071EBF92F8D53B43F0200382F8D53B49
S31508024EA0D8E709F1FF3354FA83F31B7BE6E700BF21
S31508024EB09D180020B4900020D81F0020ACA1002025
S31508024EC0002D3FF408AAA14B0120D3F8C81B05F10F
S31508024ED04802FBF792F8B8B10A9BD80735D509F10B
S31508024EE0020303F00F0343450ED223441B7BB3424E
S31508024EF00AD1964A92F8D53B63F03F0382F8D53B2E
S31508024F000122934B03F8762C94F804A056450DD04B
S31508024F100422204605F14A0112F040F800287FF4DF
S31508024F20DAA9B5F84E3053457FF4D5A9B5F850300D
S31508024F300D9A93427FF4CFA90A9BD9070ED5A8F1F9
S31508024F40020808F00F08C145A3E50B9B13F00E0FE4
S31508024F50DAD0A9F1020354FA83F3C7E7B9F1010FCC
S31508024F60AEE55846FBF714FEFFF7CAB9B9F1290FA1
S31508024F700BD129465846FBF70BFE042281187548C1
S31508024F8012F00CF800283FF4F3A994F8D56B06F052
S31508024F90570684F8D56BFFF7EBB9012BF5D1B9F1B2
S31508024FA0080F3FF4E5A9BAF1010F06D104226948B0
S31508024FB005F10C0111F0F2FF38B16A7B2B7B134322
S31508024FC0AA7B1343EA7B1343DFD1B9F1030FDCD182
S31508024FD0FFF7CEB90126FFF7EFB90023FFF74DBA5F
S31508024FE0D4F8D03B1A78012A7FF4BFAA5A78182A2D
S31508024FF07FF4BBAA94F8D42B042A7FF4B6AADB78EA
S31508025000FFF7B1BA08F8750C84F8D50BFEF751BF4D
S315080250105D0640F1A780002F3EF44BAF584607F1D4
S315080250206501FBF762FC002800F0868097F8943049
S3150802503097F86400BBF1010F03440BBF97F8702081
S3150802504097F86F2007F1710107F170010A2B7EF7B5
S3150802505030AF02F00F030F2B02D1B7F8505003E01E
S31508025060B3EB121FF9D0CD5C18F8762C900713D53E
S315080250707A8903F10C0102F00702022A4DD0033A9B
S31508025080012A4FEA43024FD81A4401EB42020C3274
S31508025090D1B23148F6F7FEFFD4F8CC2B5846114662
S315080250A0FBF7CCFFA84204D018F8763C002B3FF455
S315080250B0A0AA11465846FBF718FC20B15846FBF73A
S315080250C0EDFC84F8C50BBBF1020F92F90C5012D114
S315080250D0D4F8C83B05EB850193F90D20B7F95A00B8
S315080250E002EB820252004900FAF7B6FF1B4B188000
S315080250F01A681B4B1A62079B019793F90D30079A98
S31508025100009351462B46584692F91420FDF704FAA5
S31508025110002384F8C53BFFF76CBA03EBC3030B44C1
S31508025120123303F0FF01B4E7134403EBC303194434
S31508025130363101F0FF01ACE75846FBF77FFB05461F
S315080251400028A9D0B7F85050A6E700BFB4900020AF
S31508025150ACA1002031A10020A4370020402900205C
S315080251600000085059074DD5002F3FF442AA94F87B
S31508025170C43B002B3FF43DAABBF1010F40D8D4F83B
S31508025180C82B584612F8023B069906F0C9FCFCF7EA
S3150802519013FD7B685A0706D5637BFF2B03D0C04BEA
S315080251A01878FAF761FEBF48EBF7ECFDD4F8C83B6E
S315080251B0D4F8CC1B5D7C2846FBF77AFD58B1284605
S315080251C0FBF7DAFD012806D100222846FBF76BFE1B
S315080251D00368C7F84130B44B87F840A01B7887F8B4
S315080251E021303B7843F002033B70B04B1B689F4269
S315080251F03FF4FFA939460120FDF728F9FFF7F9B967
S315080252000220C4E7069B5B7903F00F03022B1DD02D
S31508025210BBF1010F40F03D81D4F8CC3B5B7AFF2B02
S3150802522014D0D4F8C82B937A5B0742BF0121A04B4E
S3150802523083F82810BBF1020F00F05681584612F87F
S31508025240023B069906F06CFCFCF7B6FC94F8D53BD3
S31508025250DF0640F1BD800220FEF7D8F80646002890
S3150802526000F0B680D4F8CC2BD4F8C83B059233228A
S315080252705F7C94F8D43B427094F8D95B3846013D7A
S31508025280ED1A0599EDB2FBF713FD30B13846FBF777
S31508025290D7FD013D2D1A05F0FF05012F04BF05F1C3
S315080252A0FF35EDB22F2D06F165092A46059928BF65
S315080252B02F22484611F08AFA0023494686F8943086
S315080252C03846FBF76FFBFBF787FBFBF7A9FB012FBA
S315080252D00BBF96F8703096F86F3023F00F0323F061
S315080252E00F0300F1FF320CBF86F8703086F86F3074
S315080252F03846D2B2FBF7BFFB0122FBF7B3FCFBF73A
S3150802530029FD04223846FBF761FD7F230022494620
S315080253103846FBF776FD7F23012249463846FBF7D6
S3150802532070FD7F23022249463846FBF76AFD7F2332
S31508025330032249463846FBF764FD96F85430012F96
S3150802534043F0040386F85430D4F8C83B08BF053D39
S315080253501A8918BF043DA6F84E20DA88EDB2A6F8D7
S315080253605020332272700022012F86F8645086F884
S31508025370942000F0BB80022F00F0BA802FB90935BD
S31508025380EDB286F8645086F86C50327A304642F0AE
S31508025390200232729A7B86F85620DB7A86F85330D8
S315080253A0FBF7ACF8434BB6F850200F930023109343
S315080253B0812373600FABB6F84E100296019396F8E6
S315080253C09430009394F8DE0B06F19503FDF7CEFBB5
S315080253D0394BD4F8CC6B1B783146022BD4F8C83B30
S315080253E018BF00225D7C08BF94F8152B2846FBF7E8
S315080253F06FFA94F8D53B03F0010342EAC31242EA74
S3150802540040022846FBF79CFA0528D2B272D142F02E
S3150802541010022A4F314617F8903C58461A4307F8A5
S31508025420902CFBF70BFE336827F8880C47F88C3C60
S31508025430234BAE1E1B8827F8863C0C9B07F8843C38
S31508025440079B1878FBF79AFE75427541BBF1020F66
S3150802545014BF7F23079B07F8820C08BF1B7D07F83A
S31508025460815C05BF07F8803C079B07F8803C93F9E7
S315080254700D300FA807F87F3CD4F8D03B0F9394F869
S31508025480D43B8DF840300F4B119304F0CDFFFFF754
S31508025490B0B8BBF1000F17D1D4F8CC3B1B7ABEE6E5
S315080254A0DA1F0020E82000209C1800209C370020E4
S315080254B07CAE0020F9FF01083D2A0020ACA100209D
S315080254C0901800201CA10020BBF1020F7FF4BEAE8B
S315080254D0D4F8CC2B537992791B0203F470631343E5
S315080254E040F6FF7293429BE65846ADE60A3547E711
S315080254F00C3545E701280BD12846FBF7C1FDFF28E5
S3150802550003D040F6FF73984283D142F0040280E743
S31508025510022808BF42F008027BE7002F3FF469A879
S315080255209748F6F791FC00283FF463A894F8A73B3E
S31508025530002B3FF45EA89248EBF735FC84F8A75B8C
S31508025540FFF757B801221A7058F87B3CD4F8CC9B5F
S31508025550C4F80F3033234370089B00F165065A1AC4
S31508025560013AD2B22F2A28BF2F224946304694F84A
S31508025570DE7B11F02BF994F8D42B05F195087A2ADB
S3150802558085F89420D4F8D01B28BF7A22404611F019
S315080255901DF931465846FBF743FA02465846FBF7C9
S315080255A056FA002800F09F80013AD2B2FF2A08D1A3
S315080255B05846FBF7E4F995F8523043F0080385F8A4
S315080255C0523031465846FBF756FAFBF767FAB0B13E
S315080255D05846FBF76DFB90B15846FBF7E3FB0128EB
S315080255E00DD131465846FBF71BFA0F2814BF421C49
S315080255F000225346584618BFD2B2FBF702FC2B7A52
S31508025600D4F8C89B43F020032B7299F80C3095F80E
S315080256105420C3F3800363F3820285F8542099F871
S315080256200E303146584685F85630FBF7EFF9824672
S315080256305846FBF73DFB002800F08D805846FBF7DD
S315080256402DFA00287BD0BBF1010F78D13046FAF744
S3150802565080FB0AF1030350FA83F3DBB2BBF1010FB5
S3150802566095F8942085F8643000F08380BBF1020F28
S3150802567000F08180BBF1000F06D10933DBB285F851
S315080256806430134485F86C3031465846FBF747FABE
S315080256907A2A28BF7A22D4F8D01B85F853004046C6
S315080256A011F094F8B9F808302846A5F85030B9F838
S315080256B00630A5F84E30FAF721FF324BB5F85020DE
S315080256C00F930023109381236B600FABB5F84E102E
S315080256D00295019395F89430384600934346FDF7B0
S315080256E045FAFEF7E6BB5846FBF790F901388242BF
S315080256F022D1BBF1010F0AD195F8703005EB1313CD
S3150802570093F87130590717D047F0400714E099F813
S3150802571009301B0710D599F80A1009F10B03090974
S31508025720585C000708D10B445B7813F0600303D07A
S31508025730202BE9D147F020070132D2B241E73146A0
S315080257405846FBF77DFB5044C3B2BBF1010F0CBFB1
S315080257500433033381E7BBF1000F02D10AF10203D6
S315080257607BE75846FBF79AF90028F7D10AF10303B3
S3150802577073E70A3382E70C3380E7E645FFF72BBA6D
S31508025780E82000206D3A02080846096A08B50B7A2D
S3150802579001F10C0213F040031EBF0B7B03F0070353
S315080257A0013313448361FAF773FA01238373BDE85D
S315080257B00840FEF7E1BA08B50B6A08460A338B6158
S315080257C0FAF73DFA01238373BDE80840FEF7D4BA17
S315080257D008B50B6A084609338B61FAF7FFF9012304
S315080257E08373BDE80840FEF7C7BAF1E708B50B6A46
S315080257F008460A338B61FAF722FA08238373837AF7
S3150802580043F010038372BDE80840FEF7B5BA08B53F
S315080258100B6A084609338B61FAF7E0F902238373A8
S31508025820BDE80840FEF7A8BA08B50B6A0846093368
S315080258308B61FAF704FA02238373BDE80840FEF780
S315080258409BBA08B50B6A084609338B61FAF7C6F99B
S3150802585003238373BDE80840FEF78EBA08B50B6AC0
S3150802586008460A338B61FAF7EAF903238373BDE81C
S315080258700840FEF781BA0846096A08B50B7A01F1AB
S315080258800C0213F040031EBF0B7B03F00703013320
S3150802589013448361FAF7FCF903238373BDE80840CE
S315080258A0FEF76ABA014B1868FDF738BD9C37002027
S315080258B008B5FAF7C0FBBDE80840FDF72FBD00BFE3
S315080258C010B5431800EB5101884200D110BD027889
S315080258D013F8014D00F8014B1A70F5E778B1094B38
S315080258E01B7863B1084B1A7A824206D01B78834228
S315080258F005D101200138C0B270470220FAE7FF201D
S31508025900704700BF3D2A00202D2A002008B5FFF760
S31508025910E5FFFF2809D0054B1B7833B9044A02F87C
S315080259203030044A1378013B137008BDC99B002026
S315080259302D2A00203D2A002010B5094B00F110023D
S3150802594050F8044B904243F8044BF9D1054B01F148
S31508025950100251F8040B914243F8040BF9D110BD19
S3150802596038A1002048A100200023837070477047A1
S31508025970002130B50D4C0B46002214F8015F45FA9A
S3150802598002F010F0010007D133B1094AB2F85221E8
S315080259909A4200DD98B230BD0132082A03F10103AA
S315080259A0EDD10831D029E6D10020F4E76FA2002014
S315080259B038A1002010B5054C0846D4F854311146D2
S315080259C01BB198470023C4F8543110BD38A10020F2
S315080259D00A4B1A78012A0ED15988428C91420AD169
S315080259E09988828C914206D190F828209B799B1A35
S315080259F05842584170470020704700BF9C950020C6
S31508025A00002330B5074C821C123012F8015F14F8D5
S31508025A10011B824229440B441370C3F30F23F4D1AA
S31508025A2030BD00BF60BC030890F88C33042B01D04C
S31508025A30022B18D190F8DA3013F0060F13D0D0F8EB
S31508025A40FC2082B1B0F8803333B1B0F884335BB14D
S31508025A50B0F888333BB90223927800EB830080F8CA
S31508025A608223A0F8801370470123F5E770470828B8
S31508025A7008D80138072807D8DFE800F0080C060F0F
S31508025A8006060613102810D00A48704701F5E020CA
S31508025A900430704701F10710704701F5E0200A301B
S31508025AA0704701F5E0200D30704701F5E02010300F
S31508025AB0704700BFFFFF070003681BB1406800B1CB
S31508025AC01847184770470A4A0A4B11680A481B685A
S31508025AD00268016053B1881A511A5A68824294BF01
S31508025AE0002252185A601B68002BF6D1704700BF75
S31508025AF0C40800203437002038370020084BD3F872
S31508025B005831587A50B1074A1168DA68521A002A87
S31508025B104FF0000201DC5A7270471046704700BF08
S31508025B2038A10020C4080020011E08BFEF2110B5C5
S31508025B30134B144A1C6892F85C318B421BD092F8BC
S31508025B4068318B4219D092F8703193B192F8640198
S31508025B5048B1D2F86031181BD2F86C311B1B984237
S31508025B60B4BF002001200C2303FB002282F85C113B
S31508025B7010BD0120F7E70020FAE70120F8E700BF89
S31508025B80C408002038A1002011891078EBF7DEB886
S31508025B9000B5164B8BB01B78DB0723D5144B15497A
S31508025BA01A788378012A0B708DF81E30124B41F24F
S31508025BB0016108934FF00003ADF81C1008A9CDE95E
S31508025BC0033105934FF00501029309934FF003033E
S31508025BD0CDE90031094938BF01220120098807ABFE
S31508025BE0FDF7D8FC0BB05DF804FB00BF9618002041
S31508025BF0D439002060A000206937020890180020D6
S31508025C00174B1868174B93F864215AB1D3F86011E9
S31508025C10091A002908DC4FF47F42A3F85C21002206
S31508025C2083F864216FF0004193F870213AB1D3F8F2
S31508025C306C21121A002A09DD9142A8BF11466FF09B
S31508025C40004399420AD00848F6F724BA4FF47F422D
S31508025C50A3F86821002283F87021F0E7704700BF95
S31508025C60C408002038A100206C360020C8E770B5A9
S31508025C7014460422204B0E4688B005461A70FBF7D6
S31508025C8015FE00221D4B022E1A7003D9AA781A7025
S31508025C90002A2FD100221A4B1A4901200B6006212D
S31508025CA018705970217811F0020F174918BF032589
S31508025CB006914FF000010791997808BF054609B980
S31508025CC0014698705818C270002006AA0431CDE918
S31508025CD00302CDE90150C9B200910C490590228907
S31508025CE00988FDF757FC024610B90221FBF7F8FDB1
S31508025CF008B070BD064BCFE7C89B0020E4370020EA
S31508025D00D29B0020149C0020E1180208901800205B
S31508025D10F39B002038B50C4B04461B78012B11D097
S31508025D200025FBF70DFD094B1D70FBF7BFFDFBF7C1
S31508025D3025FFA1782A46BDE8384002390448C9B287
S31508025D40FBF750BC38BD00BFD8390020C89B0020DD
S31508025D507C9B0020F0B5134D00262C469DF8147046
S31508025D6095F802C0BCF1000F15D095F800C084451D
S31508025D7011D195F801C08C450DD147B11C2202FB01
S31508025D800642043203CA186001205960F0BD95F82C
S31508025D9004C09445F2D001360F2E05F11C05DFD159
S31508025DA00020F3E7381A00201289EAF765BF114680
S31508025DB0054B064A1B781278134304D11A468320E8
S31508025DC00989EAF73BBF7047C7900020C89B0020A5
S31508025DD0002208B5044B05481A70EAF7D3FFBDE856
S31508025DE008400348ECF776B9D19B00202C360020F0
S31508025DF0ACA2002008B50B4A08B9107008BD0123E9
S31508025E001370FFF76BFD0128F8D1074B07499A680B
S31508025E101A60DA685A600A78013A0A7000229A60A9
S31508025E20DA60EBE7C99B00202D2A00203D2A0020D4
S31508025E302DE9F0412F4F15463A7804460E46002AB8
S31508025E4055D10B1F1E2B52D883781D2B4FD8A97BF1
S31508025E50294B104619700221284B19701146FBF777
S31508025E603FFD012326483B700378042B02D10430F8
S31508025E70EAF788FF287AFFF7BDFF0023DFF8988044
S31508025E80204F88F80030FAF79DFC00280CBF012342
S31508025E9003233B70A37803F01F020332964204D908
S31508025EA02344DB7888F80030FBB91748174B32468B
S31508025EB02146186010F08AFCA378002003F01F031D
S31508025EC01A1D964284BFE41823792A8988BF3B7033
S31508025ED00F4B1A702A7812F0020F0CBF0122032206
S31508025EE05A60BDE8F041FDF7A5BC0A48DEE7BDE801
S31508025EF0F08100BFCA9B0020E5B40020C89B0020A1
S31508025F00D8390020E5370020D29B0020149C0020B7
S31508025F1068A00020F39B0020E43700202DE9F04119
S31508025F201E46042388B0069390F8B83404461546EC
S31508025F300F9FBDF840801BBB00EB8111164A06A8CD
S31508025F40EBF7E7F807AB049308F108032946CDE90E
S31508025F5002733246BDF83830CDE900780698E8F77C
S31508025F605DFD94F8B83495300CBF0025BDF81C5079
S31508025F7013B90698EAF766FB284608B0BDE8F08129
S31508025F80042997BF054BFF205B18187C0121FFF7F0
S31508025F906EFD0690D6E700BF0001500560BC0308F7
S31508025FA037B5052304460D4601A8074A0749019352
S31508025FB0EBF7AFF82A4621460198EAF74EFB019815
S31508025FC0EAF740FB03B030BD0044400438A1002084
S31508025FD02DE9F0410F4600260C4B451EA3F1100889
S31508025FE0BE42F3B201D1BDE8F08113F00F0403D12A
S31508025FF006490846FFF7D4FF08EB040315F8012FF4
S315080260001B7C013653402B70EAE700BF48A10020EB
S31508026010F8B507460E461048114614460025FFF7FE
S31508026020BFFFB542EBB206D12B0713D02146204655
S31508026030BDE8F840B4E703F00F03E25C795D0F2B85
S3150802604082EA0102E25403D121462046FFF7A8FF5D
S315080260500135E6E7F8BD00BF48A100202DE9FF415A
S315080260601D4606460F469046002390F8B822B2B15E
S3150802607090F8A622424512D1B0F8A422BA420ED10D
S3150802608096F8C82090F8B7120A41D20707D5162201
S3150802609002FB036303F5297004B0BDE8F0810133FE
S315080260A00A2B00F11600E0D17DB369461848EBF7D2
S315080260B0A8FA0024162206F52E7302FB04F1595C8F
S315080260C049B101340A2CF8D19DF80030B3FBF4F239
S315080260D004FB1234E4B21623002F18BF02255C43D0
S315080260E0331983F8B85283F8A682A3F8A47296F8ED
S315080260F0E02004F2A721064883F8B722314404F5C2
S315080261002974EBF77EFA3019C6E72846C4E700BFBA
S31508026110B0A2002030B5024604460D46002385B0DB
S3150802612092F8291181B1B2F82201298888420BD145
S31508026130B2F824016988884206D12A2202FB03435F
S3150802614003F5807005B030BD01330A2B02F12A022D
S31508026150E6D169461448EBF754FA00232A2104F2D9
S31508026160291201FB03F0105C48B101330A2BF8D15E
S315080261709DF80020B2FBF3F103FB1123DBB22A22BE
S3150802618001215343E21882F82911298803F58073FD
S31508026190A2F822116988E018A2F824119DF80110C4
S315080261A082F82711CEE700BFB0A2002010B5144628
S315080261B0FFF7B0FF90F82930012B05D090F826306A
S315080261C01B1BDBB2012B03D980F82640012010BD28
S315080261D00020FCE7F8B500F1D6070C4616468A7881
S315080261E039460546FFF7E2FF18B339462846FFF750
S315080261F091FF132E12D9E378DA070FD500220D4B39
S3150802620004F114011A700246231D53F8047B8B42CB
S3150802621042F8047BF9D1042380F82930E3789B07F6
S3150802622006D5022E04D92846B5F8D810FFF7FCFB86
S31508026230E078F8BD9C9500202DE9F84F2B4F8A4649
S3150802624019463B789146002B4DD1C6B23046FFF728
S3150802625045FBFF280446264D09D1264A1378012B09
S315080262602ED82C780133003C18BF01241370002362
S3150802627005EBC40B45F834300846CBF8043005F86C
S3150802628034608BF80630FAF779FF99F800604FEA1E
S31508026290C40806F00F0646EA00108BF8010096B904
S315080262A0FE238BF80230FAF78DFA20B94544EB79CA
S315080262B060F30003EB7101233B702046BDE8F88FBB
S315080262C00D4B1C78D3E708F102032B4432461846D5
S315080262D009F1010110F07AFABAF1000FE3D1314659
S315080262E0FFF7EEFADFE7FF24E7E700BF1BA100206E
S315080262F02D2A00203D2A0020C99B002070B50E4693
S3150802630014461D467BB193420DD813460A460146EA
S3150802631007480068E8F78AF90021621B7019BDE888
S31508026320704010F02CBA224600213046F7E700BF2B
S31508026330B01F0020F0B500251E4E89B01E4CC6E9D6
S315080263406855C6F89C5184F80A51B1F800C08646C9
S3150802635010464A888979A6F89EC1C6F8A011012175
S31508026360A6F89C2186F8A611144994F80061CDE98D
S31508026370061ED9B206ABBEB1CDE9043594F8F5309E
S315080263800393D4F8FC300293D4F8F830CDE900131D
S315080263900346614694F8F400FDF7FCF8C4E93E5555
S315080263A0A4F8F45009B0F0BD054A0096FDF72EFC94
S315080263B0F8E700BF38A10020C8380020398E020845
S315080263C0D4A2002008B50A4B186800F26F4290F86A
S315080263D0973400F1E201FFF7ADFF064A30B192F8B1
S315080263E0A831013BDBB282F8A83108BDFF23FAE7E0
S315080263F0B895002038A10020F0B589B017460E4698
S31508026400FFF788FE9F232D4C054684F8A9310223FF
S3150802641084F8AA3190F8273084F8AC7184F8AB3145
S31508026420FB0720D50022264B2F461A70032304A900
S3150802643080F8293004F5BC70EBF7E3F804AB1A468A
S3150802644003CA796008A98A423860134607F1080721
S31508026450F5D12B461B4A05F1100153F8040B8B4262
S3150802646042F8040BF9D195F82730174A013385F813
S31508026470273094F8AC3113F0010F4FF00003C4F83B
S31508026480C031C2E901333288CDE90233A4F8C22108
S31508026490728808BF0421A4F8C021B27918BF142152
S315080264A0C4F8C421012284F8CA21074A0093A2F13A
S315080264B0170002ABFDF7AAFB09B0F0BD38A1002010
S315080264C09C950020E5A20020F8A200202DE9F043C1
S315080264D0002680460F46244C89B0CDE9066604F5A7
S315080264E0EC79C4F8D861C4F8DC61C4F8D461A9F8B7
S315080264F00860A4F8CE11A4F8CC01C4F8D02108216A
S3150802650006A8E9F7BBFF414638469DF818200096CB
S3150802651004ABFFF71FFC05460028F0D1982384F840
S31508026520D8318023114E84F8D93106AB03CBA6F1B4
S315080265300E02C4F8DA0102AB716048460A210095D8
S31508026540CDE90255FDF762FB58B1414638462A465F
S3150802655006ABEAF7A3FA4FF4FA7006F10A01EBF76B
S315080265604FFE09B0BDE8F08338A1002012A300202F
S3150802657070B498260C4B80B29C689B691C400B4BE6
S3150802658065B283F8E8610526E40748BF25F00105E8
S3150802659083F8E96183F8EA5102F0010370BC0A46FE
S315080265A00321E8F7B9BA00BFCC95002038A100202C
S315080265B038B50E4D2C6844B92B680D488BB159680D
S315080265C079B1BDE83840F5F765BD63683BB9A3689C
S315080265D00BB1E068984721462846E7F789FF246801
S315080265E0E9E7BDE83840EAF7CDBB00BF34370020FB
S315080265F03C370020074A08B513680BB119681160C1
S315080266009A680AB1D8689047FFF75DFABDE808406C
S31508026610CEE700BF343700200B4670B40A4C02F1AD
S315080266201806254610685168083203C5B2422C4638
S31508026630F7D11068002B2860194670BC14BF0620D3
S315080266400420E9F7D1BF00BF60A30020002110B5DE
S3150802665004460120E9F7C8FF124B1A68124B93F851
S315080266604D12D1B1D3F85012891A0029D8BF6FF04A
S31508026670004193F80D0338B1D3F810339B1A002B57
S3150802668002DD9942A8BF19466FF00043994207D026
S315080266902046BDE81040F5F7FDBC6FF00041E8E77B
S315080266A010BD00BFC408002038A1002008B5002389
S315080266B04372084B93F84D225AB993F80D3343B9EE
S315080266C00548F5F7C1FB20B1BDE808400248EAF7DC
S315080266D059BB08BD38A10020AC360020012810B5E8
S315080266E001D0042826D1154B1B882BB1144B1B78D5
S315080266F013F0070318BF0123124A126892F8B90465
S31508026700A8B10022104810F8014BA14210D001325C
S31508026710D2B20D2AF7D100204BB10A230B4A12F83E
S31508026720014BA14208D0013B13F0FF03F7D110BD7C
S315080267300120F1E70020FAE70120F8E79018002087
S31508026740C8950020C438002075BC030882BC03081B
S315080267502DE9F043DFF8A480034698F800208BB0B1
S31508026760002A38D0204F3E78012E34D102201F4C01
S31508026770387003C984E8030000218DF8271041F216
S315080267800151ADF820101A4908680979CDF8220096
S315080267908DF8261023B3FF234FF008098DF827300A
S315080267A00025144B104606930795FAF7C9FC06AB63
S315080267B0CDE903530523CDE900930F4905950295C3
S315080267C098F80020098808ABFCF7E4FE20B90123F3
S315080267D0C4E900003B70002630460BB0BDE8F083E2
S315080267E04FF00709DCE700BFD83900207C9B002060
S315080267F01C3A00207117020890180020D43900208C
S31508026800044BD3F8BC301878023801288CBF002014
S31508026810012070477CAE0020E82811D8094B50B1F8
S315080268200138C0F3CC029B5C00F0070043FA00F083
S3150802683000F001007047587F003818BF01207047E2
S3150802684000207047BA1F0020E82870B504460D4696
S315080268501AD8FFF7E1FFB8B1E0B2EAF769F91320EF
S315080268600A4A04F0030300FB032329880848A3F80D
S31508026870D513A1084C23BDE87040006802F5717271
S3150802688001F50071E7F780BF70BD00BF38A100208F
S31508026890B01F002038B50546FFF7BEFF0C46014675
S315080268A028B92046BDE8384011220FF068BFE8B281
S315080268B0EAF73EF913222046074B05F0030502FBC9
S315080268C0053303F1100253F8041B934240F8041BE4
S315080268D0F9D11B78037038BDFCA4002038B50446EC
S315080268E00D46FFF799FF08B9088038BDE0B2EAF706
S315080268F01FF91322044B04F0030402FB0433B3F812
S31508026900D5332B80F1E700BF38A1002070B5184CAB
S31508026910867886B0C57884F8106436B311220021C9
S3150802692001A80FF02CFF304601A9FFF7B3FF94F830
S3150802693010649DF804103046FEF7E8FF8E4214D123
S31508026940002369463046ADF80030FFF7C7FF9DF8C9
S315080269500130013503F0030343EA8503694694F8D7
S3150802696010048DF80130FFF76FFF06B070BD00BF47
S3150802697038A1002030B5174D87B08378112200213F
S31508026980C47801A885F810340FF0F9FE002001A991
S31508026990FFF780FF95F810349DF80400984217D146
S315080269A0032C15D80025FEF7B1FF69462846ADF82F
S315080269B00050FFF793FF9DF80130013403F00303FB
S315080269C043EA8403694628468DF80130FFF73CFFFF
S315080269D007B030BD38A100201C232DE9F041204A1A
S315080269E0D15C51B15C1C537F24B264004BB10125C2
S315080269F01C4FAE000021B6B216E0013BF0D2BDE84C
S31508026A00F081012188B2FFF707FF30B1154B4FF429
S31508026A1000711868E9F784FCE9E701310429F1D124
S31508026A20E5E7013104290AD0701880B2FFF7F4FEAF
S31508026A300028F6D0386805F50071E9F771FC0135CA
S31508026A40AC42D6D81D22002105480FF098FEBDE8B3
S31508026A50F04104481E230421014A0068E7F794BE60
S31508026A60BA1F0020B01F002010B50D4A537FB3B1DC
S31508026A7000230C4C0421537720681E23E7F784FE73
S31508026A80012188B2FFF7C8FE48B901310429F8D1B5
S31508026A9020684FF40071BDE81040E9F741BC10BD0B
S31508026AA0BA1F0020B01F00207FB5002304460E4EF1
S31508026AB00D46CDE90133ADF80C3003210A233068BF
S31508026AC001AAE7F7B3FD0CB1236801930A23032150
S31508026AD0306801AAADF80850E7F756FE10B9019AD0
S31508026AE0024B1A6004B070BDB01F00209218002035
S31508026AF038B505460C46FFF7D7FF0A4A136833B17D
S31508026B00286855685DB10146224628469847064BCD
S31508026B104FF400611868BDE8384013F05FBB2146A0
S31508026B209847F4E7A02000208418002038B5144BB3
S31508026B3004461B7813BB134B1B78FBB106291DD9D8
S31508026B401589FAF7A5FD01220F4BA1781A7061B9CA
S31508026B50E01CFBF72DF9002210461146FAF7C0FE93
S31508026B60E8B2BDE83840FFF745B9084B084819802E
S31508026B70D4F803300360FFF7BBFFECE738BD00BF6C
S31508026B80CA9B0020C7900020C89B002090180020AE
S31508026B9092180020002330B504460B4D85B0CDE986
S31508026BA00133ADF80C3001AA0A2303212868E7F756
S31508026BB03DFD0A230321286801AA8DF80A40E7F752
S31508026BC0E3FD05B030BD00BFB01F0020002330B57D
S31508026BD004460B4D85B0CDE90133ADF80C3001AA58
S31508026BE00A2303212868E7F721FD0A2303212868D7
S31508026BF001AA8DF80B40E7F7C7FD05B030BD00BF07
S31508026C00B01F0020002330B504460F4885B00D4654
S31508026C10CDE90133ADF80C3003210A23006801AA35
S31508026C20E7F704FD60B9094B9C4207D1019B236033
S31508026C3015B1BDF808302B8005B030BD019A1A602F
S31508026C40002CF3D1F4E700BFB01F002092180020F1
S31508026C500246054808B5102140230068E7F7E6FC16
S31508026C60B0FA80F0400908BDB01F0020F0B5002533
S31508026C70044693B001A80F468DF80450E8F76AF85F
S31508026C809DF80430234023D0661E14EA060121D15A
S31508026C9014F087001AD002AD7611402246EA54064D
S31508026CA028460FF06CFD06F003062846FFF7D0FFCC
S31508026CB005EB061303F110041A4603CAA24238600A
S31508026CC07960134607F10807F6D1012013B0F0BD23
S31508026CD01846FBE72846F9E71FB580200F49FFF754
S31508026CE0C5FF044620B9014610220C480FF047FD9D
S31508026CF01022552168460FF042FD68460849FFF7FB
S31508026D004FF91022AA2168460FF039FD684605494F
S31508026D10FFF746F9204604B010BD00BF38A100208F
S31508026D2049A5002059A5002030B5102804460B466F
S31508026D3091B03ED00BD8032828D0042832D0022896
S31508026D4010D00120B0FA80F0400911B030BD1128E8
S31508026D5036D01428F5D12022FF2168460FF00FFD00
S31508026D6020231DE0194A6946D06A92F8302000901D
S31508026D708DF8042020460522FFF7C0FA05236A4645
S31508026D80134821460068E7F7FFFCDBE7002269465D
S31508026D90CDE90022ADF808200A22FFF7AFFA0A2346
S31508026DA06A46EDE71E220B49FFF7A8FA1E23094A8F
S31508026DB0E6E74022FF2168460FF0E1FC4023EFE7B1
S31508026DC001226946FFF79AFA0123E9E760BC03083C
S31508026DD0B01F0020BA1F002008B500210220FFF7C5
S31508026DE0A3FF90B100210320FFF79EFF68B100219F
S31508026DF00420FFF799FF40B100211020FFF794FF06
S31508026E0018B100211120FFF78FFFBDE80840E8F707
S31508026E10CBBF70B50546C0B20C461646E9F788FEE2
S31508026E201321194B05F0030201FB023321461A46C8
S31508026E3004F1100051F8044B814242F8044BF9D18F
S31508026E400978124C11703288A908A3F81120206813
S31508026E504C230D4A01F50071E7F796FC2846FFF721
S31508026E60DBFC80B95DB129460948F4F763FF20685F
S31508026E701E23BDE870400421054AE7F785BC0122B6
S31508026E80034B5A77F3E770BDFCA40020B01F00201D
S31508026E90BA1F00202DE9F047C678DFF81CA116F0C4
S31508026EA0700F08BF837886B008BF8AF81034884600
S31508026EB09AF8101405460CBF01240024C6F30219D9
S31508026EC000295ED038480022FF23844610F8017B49
S31508026ED0B94246D1730659D49AF8106414B1E42219
S31508026EE0324B9A5501AF112200213846B6B20FF03D
S31508026EF046FC39463046FFF7CDFC9AF810140CB119
S31508026F008DF80410EA784FEA890302F007023CB1C9
S31508026F10AABBFE2403F11800684400F8134C0124A6
S31508026F2001333B4405F1040CE0B290422CBF002029
S31508026F301CF8040018550134E0B20428F4D10023E1
S31508026F404246ADF8003028466B46E9F721FEE82EA0
S31508026F5004D86A4639463046FFF75BFF06B0BDE8F5
S31508026F60F08717B9FF2B08BF13460132052AADD1A0
S31508026F70FE2BAFD80CF80310E7F7BEFEAAE70024EB
S31508026F80CEE71CB1FFF728FDFAF7F0FD08480378AB
S31508026F90012BE3D04CF27061064B0430C36306B092
S31508026FA0BDE8F047F5F776B81C3A002044290020D8
S31508026FB0D83900205917020838A100208378032BF4
S31508026FC009D0064BD0F888001B68C01A0028CCBF27
S31508026FD00020012070470120704700BFC408002026
S31508026FE010B5054C2378092B05D0E7F78FFE092340
S31508026FF023700023636010BDCC95002030B50E4B7C
S315080270000E4C1B6885B093F8B95400230321CDE9C9
S315080270100133ADF80C3020680A2301AAE7F706FB0C
S3150802702038B90A230321206801AA8DF80C50E7F71C
S31508027030ABFB05B030BD00BFC4380020B01F00202E
S315080270402DE9F04FDFF80C918BB0D9F8004004F522
S31508027050297858B1DC22002140460FF090FB4FF404
S31508027060D272002104F580700FF089FB384D282270
S31508027070002168460FF083FB40F209534FF4A062E1
S3150802708069462868E7F7C5FE464607464FF4A064F0
S3150802709040F20A5A337D2BB1162332462146286816
S315080270A0E7F772FB0134544506F11606F2D16E462D
S315080270B000244FF0160BA742D5F800A02DD128229E
S315080270C000216846D9F800600FF059FB40F20943DF
S315080270D04FF4806269465046E7F79BFE06F58076CE
S315080270E0804637464FF4806440F20A4997F82930B9
S315080270F02BB12A233A4621462868E7F745FB01348D
S315080271004C4507F12A07F1D16C4600274FF02A09A8
S31508027110B8450FD10BB0BDE8F08F56F8041BA1F5A0
S31508027120A0630BFB03831B7D13B95046E9F7F8F8F6
S315080271300134C0E754F8041BA1F5806309FB036315
S3150802714093F8293013B92868E9F7EAF80137DFE72F
S31508027150B01F0020C4380020064B1B6893F88E2304
S3150802716032B993F88C0320B1053818BF012070474D
S3150802717001207047C4380020054B1B78082B8EBFA8
S31508027180FF20044AD05CB0FA80F04009704700BF7D
S31508027190BC9D002054BC030838B50A4605460C4671
S315080271A0014641F60F50F4F7A9FD2B19020A2A5592
S315080271B0587038BD382330B50C490D4A0C7892F808
S315080271C0B851013BA54203D192F8B951854205D07F
S315080271D013F0FF03A2F10802F1D130BD054A02EB12
S315080271E0C30393F836300B70F7E700BFBC9D002047
S315080271F094BC030860BC030808B520B1044B5B695C
S315080272000BB100219847BDE808401A20D2E700BF13
S31508027210409D002070B598B1144B93F83831DB07BE
S315080272200ED40E20FFF7C6FF114B93F8222022B187
S31508027230012283F86720012015E0E9F7A9FBFAE79E
S3150802724001250A4C014481420CDD04EBE00292F866
S31508027250386100F0070305FA03F33343C92882F8B5
S31508027260383101D1002070BD0130ECE738A1002089
S31508027270409D002010B5044608461146002288B0F3
S31508027280CDF81620CDF81A2006930A4BADF814400D
S31508027290CDE903320A9C084BADF81E20C3F85441C7
S315080272A0009203AB05AAFCF7B1FC431E58425841AB
S315080272B008B010BDB559020838A100200368D904E0
S315080272C044BF43F4806303609A0444BF43F40063F3
S315080272D00360704710F18B0F06D028B110F1950F95
S315080272E00CBF6FF09400C8207047082802460CD8D5
S315080272F0B8B1421E072A14D8DFE802F01504130FA4
S31508027300131313114FF00710704710280DD0084BAE
S315080273100848802A18BF1846704707487047074822
S31508027320704703487047064870470648704700BFCB
S31508027330FFFF0700010007000A0007000D0007000B
S3150802734004000700100007002DE9F04F0025DFF8BA
S31508027350F89089B0DFF8F4800391C9F8000080F844
S31508027360C85098F800B033495846FFF77FFC002802
S3150802737053D098F80170022F4FD8D9F80060BC0193
S3150802738004F12003F31802932B4B103406EB871AE9
S31508027390344404AA03F1080E944618685968083357
S315080273A0ACE8030073456246F6D1186899889B795A
S315080273B0CCF80000ACF804108CF806305846FFF7F3
S315080273C094FF029B1B4900930194534604AAEAF7C9
S315080273D021FA039BD3B1194B01213B4493F810B010
S315080273E0174A5846FEF743FB5146049004A8E9F7A4
S315080273F090FE02215846FEF73AFB114A04902146AE
S3150802740004A8E9F786FE012386F8B834012296F81D
S31508027410C830BA40134386F8C8300135032D08F13F
S3150802742002089ED10022074BC3F8312409B0BDE8F1
S31508027430F08F00BF69A5002033EF030860BC03087C
S315080274400001500538A10020B895002054BE030853
S3150802745070B504460E4D01212868FFF775FF0D4ADF
S31508027460C2F874442C6802F58F63D4F8E200D4F8A3
S31508027470E61003C3D4F8EA00186094F8C43002F29E
S31508027480744082F88434044BBDE870401B68184780
S31508027490B895002038A1002054B1002010F18B0FB6
S315080274A008B509D0C82809D095300CBF0223042391
S315080274B0034A5362E7F72DF80123F9E70323F7E7AF
S315080274C00000085010B50246044615488AB0202323
S315080274D003210068E7F7AAF80021202202A80191F1
S315080274E00FF04DF94FF4E02001AA02A9E8F79CF83B
S315080274F018B1FFF7EFFEFFF7D1FF019A202A04D051
S315080275000A22084B5A62E7F704F8214602A80FF046
S3150802751045FD10B10B22034BF4E70AB010BD00BFBC
S31508027520908800200000085030B4104B1B6893F86E
S315080275308F23012A06D193F8C43013F01E0F01D007
S3150802754030BCBFE70A4B1B78002BF9D10346094C1E
S3150802755004F12005224603CAAA4218605960144655
S3150802756003F10803F6D130BC704700BFB895002076
S31508027570DA3F002030A6002010B5044686B0002166
S31508027580182268460FF0FBF869462046F2F7C2F859
S3150802759018B1FFF79FFEFFF781FF039806B010BDEB
S315080275A003461A68084622B15B680BB118461047AB
S315080275B010477047024B014618700248F0E700BFB1
S315080275C0D4390020982000202DE9F04387B090F89E
S315080275D0038001AE04460F461122002130460FF001
S315080275E0CEF8C8F302153146002008F00709FFF75E
S315080275F051F9DDB9E4221F4B83F8E820A078FFF79A
S31508027600D9FF1D4B1B788DF80430B9F1000F19D03C
S31508027610002306EB8505211D994594BF0022CA5C05
S315080276200133042B05F8012FF6D10EE018F0400FAE
S31508027630EED0124B1B7813B10120FAF73DF907B0C9
S31508027640BDE8F083FE238DF805300B4B1B7873B12A
S3150802765000253A46294620466B46ADF80050E9F71A
S3150802766097FA6A4631462846FFF7D3FBE1E7FFF762
S31508027670FBF9DEE744290020D4390020C89B002004
S31508027680002307B501A88DF80430E7F763FB9DF8D8
S315080276900410044B04481970FFF782FF03B05DF823
S315080276A004FB00BF9E180020A820002040F6FF72A7
S315080276B0821AA0F5807350425041B3F5806F38BFE5
S315080276C040F00100704708B588B1037803F0FD035E
S315080276D0092B0ED10079032808D0084B188850B117
S315080276E0FFF7E4FF002814BF0320002008BD04208A
S315080276F0FCE70020FAE70120F8E700BF901800200F
S3150802770038B50024044D55F8040B08B1FEF7D4F930
S315080277100134062CF7D138BD941F002080F0FF03F0
S3150802772083EA102383EA1343FF2AD8B214D0012A24
S3150802773014D1452806D007D80A2803D003F0DF0358
S31508027740052B09D1013007E0A0F14A021B2A03D80A
S31508027750084BD340DB07F5D4C0B270471AB1022AE8
S31508027760FAD1FF29F8D803F0BF030A2BEAD0552825
S31508027770E7E700BF01080008084B1B681B79590791
S3150802778007D49A0707D413F0010005D1DB0998003C
S315080277907047032070470220704700BF1C3600203E
S315080277A038B50F4B05461B68BBB10E4A546BA4B1DC
S315080277B01B78012B04D80C48002D08BF204638BD7B
S315080277C0022B0AD110B904F10800F8E7FFF7D4FF33
S315080277D0A84202D104F11000F1E70348EFE700BF1F
S315080277E01C360020403A00205CBE03082DE9F04111
S315080277F0164E904604460D46014630461F46E6F7A3
S3150802780077FEFEF760F9336800221946C4E9015883
S31508027810E76059B96AB921460C48E6F769FE336842
S3150802782023603460BDE8F041FEF7C2BE0968013242
S31508027830EFE75A68AA42EED81A461B6813B1596886
S31508027840A942F9D923601460ECE700BF3437002057
S315080278500346014A0148C9E7998E02089039002071
S3150802786037B5FEF785F82E4C94F8273000284AD00B
S31508027870042B04D103B0BDE83040E9F7D3B8092098
S31508027880FFF798FCFEF774F820B9052003B0BDE8A7
S3150802789030408FE494F830300F2B3ED8552284F8C6
S315080278A01825C82200251B0184F8192584F81A35DB
S315080278B084F81B05002341F288311A4A1A48FFF751
S315080278C095FF94F82630009504221849208C43F037
S315080278D00103FFF7CFFC30B994F839301BB1013BED
S315080278E084F83930E6E70123052084F85C30FFF78F
S315080278F061FC4FF448710E4B0E4AA3F1100003B017
S31508027900BDE8304072E7042B07D00320FFF752FC8C
S3150802791003B0BDE83040E8F7E9BF03B030BD00BFA9
S3150802792038A1002055790208689D002050A600203B
S3150802793094A100207579020808B501460448E6F7BD
S31508027940D7FDFEF7C0F8BDE80840FEF731BE00BF16
S315080279503437002008B50548FFF7EEFF0022044B2E
S315080279601A70BDE80840E9F75DB800BF689D0020B7
S31508027970BC9D002010B504780848FFF7DDFF0820F3
S31508027980FFF718FC34B1FDF7F3FF18B1BDE8104054
S31508027990E9F748B8BDE8104062E700BF84A10020B5
S315080279A0F8B506460F4600250B4C14F80A3C6BB18F
S315080279B014F80C3CB34209D114F80B3CBB4205D16E
S315080279C00023204604F80A3CFFF7B6FF01350F2DBF
S315080279D004F11C04E9D1F8BD441A00202DE9F04748
S315080279E08CB010220021074608A80EF0C8FE102205
S315080279F04C4C00210DEB02000EF0C1FE257C4FF027
S31508027A00000A1A2D92BF002601261A25082108A85F
S31508027A10E8F734FD94F8029094F800809DF8202047
S31508027A2041464846CDF800A002ABFEF793F9024656
S31508027A300028EBD14FF0010A49464046CDF800A08E
S31508027A400AABFEF787F900285FD049464046FFF79A
S31508027A50A7FF52462178A07808ABE9F71FF8002F4E
S31508027A6056D094F8523003F00F0343F030032A46F7
S31508027A70E1686F1C2C4884F82E30FFB20EF0A6FE81
S31508027A802A4808A9FDF758FF39462948FEF7A0FAF9
S31508027A90002E0CBF8123C12384F82A306388254827
S31508027AA084F82B30238808A984F82C3084F82D70A2
S31508027AB0FDF742FF691D204804AAC9B2FEF7A8FAD3
S31508027AC0982384F8243094F82A301C4A84F82530FE
S31508027AD008AB03CB05F10B03C4F8260051609DF8E9
S31508027AE0281005F10C0654FA83F3023A83F8241097
S31508027AF0B71804AB03CB90517960E3682B44E36073
S31508027B00237C5B1B14352374E8B20CB0BDE8F087FE
S31508027B1036B194F8523003F00F0343F01003A6E788
S31508027B203346A4E7B8190020E719002059A5002012
S31508027B30E619002049A50020E2190020DE190020D6
S31508027B40F0B5514C87B060740138062805D8DFE8CD
S31508027B5000F01F21536D56588C00002342F2107113
S31508027B604A4A4B48FFF742FE4A4B02210493002336
S31508027B70454A05930093484804ABFCF747F810B901
S31508027B800720FFF7DDFF42F210704449EAF738FB97
S31508027B9007B0F0BD3E4D00272846FFF7CDFE002070
S31508027BA0FFF71CFF064615F8141CA078FFF7F8FE27
S31508027BB03B4B059704931EB90720FFF7C1FFE7E77A
S31508027BC03146009704ABA5F1140205F11000FCF743
S31508027BD01DF80028F0D0237C002BD9D028463B4636
S31508027BE042F21071294AFFF701FE42F2107105F1BD
S31508027BF06400EAF7D5FBCBE7237C002BC8D1062322
S31508027C006374002522482580FFF796FE2348EAF783
S31508027C1061FA294694F87C30224A84F87630A2F131
S31508027C20080007B0BDE8F040F9F7DCBC184D284655
S31508027C30FFF782FE0120FFF7D1FE15F8141C06464F
S31508027C40A078FFF7ADFE184B029300230393002E8C
S31508027C50B2D00093314602ABA5F1140205F1100029
S31508027C60FBF7D4FF0028A7D092E700230848238011
S31508027C70FFF762FE0948EAF72DFA94F87C300221EA
S31508027C80084A84F87630CAE7B8190020AD7C02089B
S31508027C90CC190020B17C020864BE0308301A002001
S31508027CA0C97C0208141A0020057D0208072047E746
S31508027CB0044B5B7C23B9002914BF072001203FE748
S31508027CC0704700BFB8190020F0B40D4E0F46737CFA
S31508027CD01446022B12D10FCC06F15C050FC596F895
S31508027CE07C3094E80700002F85E8070086F876308E
S31508027CF018BF0720F0BC08BF032021E7F0BC704775
S31508027D00B8190020F0B40D4E0F46737C1446042BA6
S31508027D1012D10FCC06F15C050FC596F87C3094E8B3
S31508027D200700002F85E8070086F8763018BF072077
S31508027D30F0BC08BF052003E7F0BC7047B81900205D
S31508027D40F8B5FEF7C9FF00240322164B0646164865
S31508027D509A7083F88E20C3F88840C3F81441FFF757
S31508027D60EBFD8022214611480EF009FD0E48FFF769
S31508027D70E3FD802221460D480EF001FD27460C4DF3
S31508027D80AF7005F10C000134FFF7D6FD0F2C05F193
S31508027D901C05F5D10748EAF79DF90748EAF79AF963
S31508027DA03046F8BDA0180020CC190020B8190020CA
S31508027DB0381A0020301A00201CA300202DE9FF479C
S31508027DC00023A64C2778227863600BB300239742D8
S31508027DD0238484F8223084F82830238684F83230C3
S31508027DE084F8383084F8403084F8483084F85030C3
S31508027DF0A4F85A30E36584F8603000F00F824FF435
S31508027E008041974B186804B0BDE8F04712F0E6B90E
S31508027E10013A112A00F2A880DFE812F012004E0099
S31508027E20DA00A900D700DA00E400EE000901A6008C
S31508027E306A019B01B801D501D701DC01FE01FA01ED
S31508027E4094F8325005B313230025864823706560DB
S31508027E50FFF772FD636B42F2107183486361EAF7BA
S31508027E609FFA8248E6F782FE2A46E1686069FEF7CB
S31508027E707FFB8020E8F7AEFCFEF72EFF7C4B1B68E3
S31508027E8083F8B85402230EE094F85A30002B6BD0CC
S31508027E901323744823706560FFF74EFD237C012285
S31508027EA023B10623A261237065605DE071490A70F9
S31508027EB007222270636057E0626C63699A423BD17B
S31508027EC094F84030002B37D0002613236A4D2370CE
S31508027ED005F5AA606660FFF72FFD42F2107105F5F7
S31508027EE0AC60EAF75DFA6548E6F740FEE368C5F86E
S31508027EF06A65C5F86665C5F868350423626985F852
S31508027F006D355F4BA5F86425CDE90236A5F86E6591
S31508027F1002215C48009602AB05F26452FBF776FE34
S31508027F2010B9012384F83130A369A2681340A3610A
S31508027F30042323700023BDE794F8313013B994F86B
S31508027F405B304BB113230025464823706560FFF763
S31508027F50F3FC0323A561A6E7A269A3681A4203D123
S31508027F6094F83030002BEDD1636801332BE7257C7A
S31508027F7055B994F830303BB113233A4823706560FB
S31508027F80FFF7DAFC07238EE794F83130002BD9D1B4
S31508027F9094F85C60002ED5D1002DE5D0E26B6369BA
S31508027FA09A42E1D194F83830002BDDD013232D48BC
S31508027FB023706660FFF7C0FC0122E1686069FEF77C
S31508027FC0D7FA052323706660CEE794F8303013B1EA
S31508027FD007232370C8E794F83120002AC4D0A36186
S31508027FE00323F6E7132300252370A3696560E3617B
S31508027FF0E8F736FD112356E794F8323023B11323F6
S3150802800000252370656025E794F82030002BABD055
S315080280101323002542F21071134823706560EAF7AC
S31508028020BFF91948E6F7A2FD0123E5613BE794F893
S315080280302050002DECD194F822604EB313232370FE
S31508028040636A42F21071084863616560EAF7A8F943
S315080280500E48E6F78BFD0B2325E700BFCC950020DB
S315080280608418002088A6002098A6002027960020BB
S31508028070C43800203096002038A100202896002017
S315080280803D82020866BE030826960020299600202D
S3150802809094F828302BB3132323709823DFF898819A
S315080280A0042088F8E8310323666088F8E93188F8FD
S315080280B0EA61FFF775FB05460278416808F2EB109C
S315080280C0D4F81490D4F80CA00EF080FB297801237A
S315080280D003315246C9B21FFA89F0E6F71DFD12238B
S315080280E070E794F82130002B3FF43EAF082370E77F
S315080280F0E26C63699A421AD194F84830BBB11323E9
S315080281000025484823706560FFF716FCA369DA075D
S3150802811009D542F210714448EAF742F94348E6F7AC
S3150802812025FD0C23BFE600230E22A361C1E694F8BF
S31508028130313023B994F85D30002B3FF415AF132381
S315080281400025384823706560FFF7F6FB0E23A56104
S31508028150A9E694F85E30002BF1D194F83150002D3F
S31508028160EDD194F83030002B3FF4FEAE13232D48A0
S3150802817023706560FFF7E0FB42F210712A48EAF7BE
S315080281800FF92B48E6F7F2FC10238CE694F8313007
S31508028190002BD4D194F85F30002BD0D1E16C626900
S315080281A091427FF4E1AE94F84820002A3FF4DCAE0F
S315080281B013221C4863602270FFF7BEFBA369DB0724
S315080281C0B1D50F23B5E60F2303E713230025237042
S315080281D065600DE76269636D9A4216D194F850306C
S315080281E09BB1132300250F4823706560FFF7A4FB94
S315080281F0237C002BE5D042F210710B48EAF7D0F83F
S315080282000C48E6F7B3FC0D234DE694F8603093E785
S31508028210238E002B3FF4A8AE0923DAE604B0BDE8A4
S31508028220F08700BF88A6002098A600202A9600207C
S315080282302C9600202B96002038A1002008B5012292
S31508028240054B31B983F83020FFF7B8FDBDE8084081
S31508028250B4E583F83120F7E7CC95002008B501226A
S31508028260064B41B983F83020FFF7A8FDFFF7A6FDB4
S31508028270BDE80840A2E583F83120F5E7CC95002051
S31508028280044B984204DB073398423CBF0123037030
S3150802829094E500BF2696002010B5054C04F5AE609D
S315080282A0E9F718FF04F27450BDE81040FFF744BB23
S315080282B038A1002070B5124E0546FFF7EDFF30686B
S315080282C00021FFF741F8052332680E4CD2F8E20086
S315080282D0D2F8E610C4F8743404F58F6303C3D2F8EF
S315080282E0EA0084F884541860074B04F274401B6849
S315080282F0984704F28450BDE87040E9F7EBBE00BF28
S31508028300B895002038A1002054B1002037B51B4C7F
S315080283101B48FFF711FB002341F28831194A1A4814
S31508028320FFF764FA002394F87A5084F822306376C9
S31508028330A37B60892278154943F001039DB1073270
S315080283400091D2B21249FEF795FF0028E0D0A37B2E
S31508028350042B02D06389FF2B07D10A2003B0BDE89C
S315080283603040FEF727BF0632EAE7054800234FF4F6
S315080283707A71084AFFF73AFA0520EFE7409D00208E
S3150802838074A1002055790208689D00206F590208D9
S3150802839050A600209983020870B51C4C94F8231045
S315080283A0237E81B10025202084F8243084F82350C6
S315080283B0A4F87850FEF7FEFE63695BB12946BDE86C
S315080283C070400220184794F824209A4203D1636920
S315080283D0002BF4D170BD94F8763063B1636984F8E2
S315080283E07610A4F878100BB102209847BDE87040C1
S315080283F01F20FEF7DFBE1E20FEF7DCFE94F876305D
S31508028400013384F87630BDE870407FE7409D00204E
S315080284102DE9F341414C207E002852D1E8F756F85F
S3150802842000F00F00034600222376231883F858200B
S315080284302F223B4B83F88825A27B910648D5272213
S3150802844083F88825258C93F888650001B54284BF90
S31508028450AA1B97B24FF055028EBFB046A8462F46C2
S3150802846083F81825C5F3022262F03F0283F819251C
S3150802847083F81B054246E1692A4883F81A55E780BC
S31508028480A4F800800EF0A2F908F104012648C9B240
S31508028490FEF782FEB7FBF8F2D3B208FB127292B26B
S315080284A00AB10133DBB2B54263764FF0000312D844
S315080284B01C2084F87A30FEF77DFE02B0BDE8F04152
S315080284C024E70130C0B20F28ACD900231846AAE720
S315080284D0D206B4D5B6E741F28831144A1448FFF7F2
S315080284E085F922881349A37B0632009160890E49D1
S315080284F043F00103D2B2FEF7BDFE60B10E4B18205F
S315080285001B68A4F87430012384F8223002B0BDE84F
S31508028510F041FEF74FBE02B0BDE8F081409D002053
S3150802852038A1002054A6002050A60020557902083A
S31508028530689D00203F850208C408002068E710B538
S31508028540184CB4F8742032B1174B1B689B1A03F502
S315080285509673A4F8743094F8682032B1002384F82C
S315080285606830BDE81040E6F70DBB94F867302BB1CA
S3150802857084F86720BDE81040E8F70ABA94F8241090
S31508028580227E914206D10948FFF7D6F90023A4F8BC
S31508028590743010BDB4F87410054A04480F31FFF759
S315080285A025F9F3E7409D0020C4080020889D002095
S315080285B0B58502082DE9F3413B4C3C48FFF7BCF967
S315080285C0E6880EB9268CE680394D207E95F8888590
S315080285D02318B045474628BF374693F858302780B0
S315080285E0012B5DD05521228C85F81815931BC2F3F1
S315080285F002219BB261F01F0185F8191585F81A2523
S31508028600E169C3F3022242EA0012194485F81B25DE
S3150802861005F21D503A46A38085F81C350EF0D6F8A9
S31508028620791DC9B205F5A360FEF7B6FDB04509D3B3
S3150802863001231C2084F87A30FEF7BCFD02B0BDE89F
S31508028640F04163E6002341F288311A4A1A48FFF7D5
S31508028650CDF822881949A37B073200916089184907
S3150802866043F00103D2B2FEF705FE88B1E38895F816
S3150802867088252088934224BF9B1A9BB2B3FBF0F14C
S3150802868028BFE38000FB11339BB2CAB233B96276C4
S31508028690182002B0BDE8F041FEF78CBD0132F6E7BC
S315080286A002B0BDE8F08100BF409D002074A1002001
S315080286B038A1002055790208689D00203F850208E6
S315080286C050A600202DE9F04F90F88C330446154643
S315080286D0A7B0052B00F2EA81DFE813F006003302A1
S315080286E06002E80166020600002940F005812F684B
S315080286F03946FDF70FFDD5E9003690F829202D8970
S3150802870002F0FD02042A04F1D60140F0D28090F864
S315080287102800BA7A904240F0CC801A68C4F8D6206B
S315080287205A684A609A6802238A60C4F8F060A4F814
S31508028730F45084F88D33022384F88C3394F8DA30B3
S31508028740D80707D504234FF6E851204684F88C3318
S31508028750FFF77EF8204604F1D601FDF7DBFC9F23DE
S3150802876084F891330323002784F8923390F827304C
S3150802877084F8947384F8933390F829300646042BC8
S3150802878004F2913B04F2953840F07082C9480AA96E
S315080287900EADE8F736FFA846334606F110072A4615
S315080287A018685968083303C2BB421546F7D194F8CC
S315080287B0E030424604EB8313203330460AA9E8F731
S315080287C050FF94F8E03004F2973786F828300623EB
S315080287D086F82930122384F89533412384F8963390
S315080287E00AAB1D4603CD4545386079602B4607F12D
S315080287F00807F6D10127162504F2A73894F8DA30C5
S3150802880013F0060F2DD0D4F8FC3053B3B4F8D83091
S31508028810B4F880239A4218D0B4F884239A4214D022
S31508028820B4F888239A4210D0032388F800304323E9
S3150802883088F80130D4F8FC3003359B78013788F87C
S315080288400230ADB2FFB208F1030894F8DA305907DC
S3150802885007D594F88D33022B03D1D4F8FC00FDF723
S31508028860CFF8D4F8FC30002B00F006821A7D022AD3
S3150802887040F0028200211975042302350137C4F833
S31508028880FC10ADB288F8002088F80130FFB294F8DF
S31508028890943343F0010384F89433013F17F0FF073A
S315080288A000F0ED8194F8963363F07F0384F89633EB
S315080288B0F3E740F20122A4F88C231A682046C4F88A
S315080288C0D6205A684A609A688A60C4F8F060A4F8A2
S315080288D0F450FDF71FFC784990F82730043103223B
S315080288E020468B7000F0DBFA4FF6E851204627B097
S315080288F0BDE8F04FFEF7ACBF0139072900F2D68072
S31508028900DFE811F01E00F100D4000800D400D400FC
S31508028910FA0010012868696803682A89C4F8D630FB
S315080289204368C4F8DA3083682046C4F8DE30C4F8EF
S31508028930F010A4F8F42027B0BDE8F04FFDF74ABCC2
S31508028940D5E9002013682989C4F8D63053684FF050
S315080289500309C4F8DA3093689278C4F8DE30C4F8AA
S31508028960F0000123A4F8F41020460021FDF776FB57
S31508028970022384F88C339F2384F891330123FF263C
S3150802898084F894334323C4F8FC0084F8929384F859
S31508028990936384F8959384F896338378B4F8F450FD
S315080289A004F566782A460746D4F8F01084F8973311
S315080289B040460DF00BFF07230F35ADB20DF1580BEC
S315080289C001950093CDF808B004F2913A5346B4F8EB
S315080289D0D820B4F8D6102046E6F7CAF90523099333
S315080289E0F97C364A04EB81111031054609A8E8F7E5
S315080289F090FBD4F8FC1012AA49440998E7F72DFE11
S31508028A000998E7F71FFED4F8FC00FCF7F9FF0023E4
S31508028A10CDE90993D4F8FC30D97C94F8B834002B04
S31508028A2056D1274A04EB811109A8E8F772FBB4F874
S31508028A30F4300AAA049203F10802CDE90282CDE9CA
S31508028A4000835A46ABB2099812A9E7F735F994F8A2
S31508028A50B834BDF8285013B90998E7F7F3FD194A4F
S31508028A60B4F8D6100120A2F88E15FF210023A2F829
S31508028A708C1594F8DC10C2F89435C2F89015124990
S31508028A8002F28C5281F80A0110490093CDE90E14BC
S31508028A90E91D50460EABC9B2FBF7B8F830B9022148
S31508028AA020460EAA8DF83C10FFF70CFE27B0BDE84B
S31508028AB0F08F00BFB0A2002054B100200044400449
S31508028AC00001500538A10020C8380020398E020856
S31508028AD0042997BF664B30465B18187C0121FCF7C0
S31508028AE0C6FF0990A3E72979B1FA81F1490927B0A6
S31508028AF0BDE8F04F01F092BB0A21FEF7A9FE2A68EB
S31508028B001368C4F8D6305368C4F8DA309368C4F8E0
S31508028B10DE300023C4F8F030A4F8F430052384F8D4
S31508028B208C33C3E7052BC1D10023022200F1D601FB
S31508028B30C0F8FC3080F88C3327B0BDE8F04FFDF75B
S31508028B405BBC02290AD12979012930D1002380F890
S31508028B508C334848FEF7F0FE297905E0082909D141
S31508028B600023022184F88C33204627B0BDE8F04F53
S31508028B7001F076BB042999D12B68B0F8D62019885A
S31508028B80914293D15A88B0F8D8309A428ED12A891E
S31508028B906968FDF71FFBC50788D5CCE5022985D18B
S31508028BA0002380F88C33D7E7022907D1297909B936
S31508028BB0E9889BE6002384F88C33D5E705292DD16D
S31508028BC02B68B0F8D620198891427FF46FAF5A887D
S31508028BD0B0F8D83093427FF469AFB0F880239A424E
S31508028BE007D0B0F884239A4203D0B0F888239A4271
S31508028BF00CD194F88D334BB10023A4F8F43094F8D1
S31508028C00DA3023F0010384F8DA3094E500231948B0
S31508028C1084F88C33FEF790FE0521A5E7082903D1CF
S31508028C20002180F88C139FE704297FF43FAF2B6855
S31508028C30B0F8D620198891427FF438AF5A88B0F82E
S31508028C40D8309A427FF432AF2A896968FDF7C2FAA8
S31508028C5000283FF42BAF022804BF0023A4F8F430FF
S31508028C6094F88D33002B7FF466AD79E70425C5E5C4
S31508028C7060BC030890390020002F7FF408AE0BEB86
S31508028C800509A046CA46002704F10C030793B8F85B
S31508028C908023B4F8D8309A4222D1002320461946B6
S31508028CA098F88223FDF7DAF9D0B113238AF800304F
S31508028CB0C2230AF1030211468AF8013098F8823370
S31508028CC001378AF80230FFB2C31C133053F804CBBB
S31508028CD0834241F804CBF9D100239246A8F880339F
S31508028CE0079B08F104084345D1D1A7B101221321F4
S31508028CF07B1E13FB012319F8032002F07F0209F8F1
S31508028D00032007EBC70307EB430794F8943343F0B2
S31508028D10020384F89433B4F8F420D4F8F01009EB7B
S31508028D2007000DF158080DF051FDCDF80880B4F88A
S31508028D30F430204608332B443B449BB2CDE900531A
S31508028D405B46B4F8D820B4F8D610E6F711F812A99B
S31508028D5082463046E8F755FC96F82930062B324B00
S31508028D6055D1708CB18C96F828201E78022E08D11F
S31508028D705E88864205D19E888E4202D19E799642A7
S31508028D8045D02A4E588099809A710DF1480C624650
S31508028D9003CA424530607160944606F10806F6D168
S31508028DA001221A7003230022CDE9082394F8B83465
S31508028DB094F8E0106BBB1E4A04EB811109A8E8F788
S31508028DC0A8F9B4F8F43008AA3B44049203F108025D
S31508028DD0CDE90292CDE9009342461FFA8AF3099831
S31508028DE012A9E6F769FF94F8B834BDF8206013B9FA
S31508028DF00998E7F727FCAA195946204692B200F0C5
S31508028E004EF894F88D33013B84F88D334EE60022F2
S31508028E10C7E7042997BF074BFF205B18187C012177
S31508028E20FCF725FE0990CCE79C950020A395002027
S31508028E300001500560BC0308F0B50F460646114608
S31508028E4085B0E2B11446124D0FCC0FC594E807005F
S31508028E5085E807000F4B93F80A21AAB193F809216E
S31508028E6083F8F2204FF4FA730221304601AA8DF8EC
S31508028E700870ADF80A30FFF725FC05B0F0BD1C22D4
S31508028E8003480DF07CFCE5E793F80821E8E700BF04
S31508028E90A0390020C83800200022082112E430B583
S31508028EA000F1D605134685B00A4629460446FDF75B
S31508028EB041FA50B129462046FDF72CF990F8273099
S31508028EC0013380F8273005B030BD0221044B01AAD0
S31508028ED0187020468DF80810FFF7F4FBF3E700BF79
S31508028EE09C9500201FB55C1EC72C0FD890F88C43A2
S31508028EF00CB1052C0AD10292019101AA0021ADF802
S31508028F000C30FFF7DFFB012004B010BD0020FBE7A1
S31508028F102DE9FF411D462D4B0E461F68144697F84C
S31508028F208C339DF834800BB1052B4CD1AA2E4AD826
S31508028F303246014626480DF049FC0023CDF8093091
S31508028F40039363886268ADF8043023888DF80A2093
S31508028F50ADF80630237A8DF80830637A1D4C013B4A
S31508028F608DF80E30B8F1000F0FD0012384F80031C6
S31508028F709DF82830C4F8F82084F8F4309DF82C308F
S31508028F8084F8F5300C9BC4F8FC30CDB195E80300A3
S31508028F90114B83E803009DF83830384684F80831C7
S31508028FA00B4A334601A9FFF79DFF044620B142F258
S31508028FB010710A48E9F7F4F9204604B0BDE8F081D1
S31508028FC0C4E90155E7E70024F6E700BFC4380020E4
S31508028FD0E4380020C8380020CC380020CC390020DC
S31508028FE02DE9F04F076806793B7885688FB0002B24
S31508028FF041D0012E4AD96C2B3DD16A7B531E022BD6
S3150802900039D87B78012B36D13B79012B01D0042B39
S3150802901031D1A949BB7891F8980503F03F039842E4
S3150802902029D081F898358DF826304FF41B71FF2325
S31508029030ADF824108DF8273029890023ADF82C10B5
S315080290409E498DF835200988CDE90333ADF82E10EF
S315080290500521CDE90133AA7B09A800920BAA8DF84E
S3150802906028300C918DF834308DF83630FFF750FFE2
S31508029070043E0437F6B23878042800F0688208D825
S31508029080002800F04082012800F043820FB0BDE8B4
S31508029090F08F552840F071820023874CDFF81C9226
S315080290A004F29A58C4F89A35C4F89E35A8F80830D6
S315080290B02A898348A4F89A25B9F8002041F288310A
S315080290C0A4F89C252A7884F8A125252284F8A025C7
S315080290D07C4AFEF78BFBFEF74FF878B17A4BB4F869
S315080290E09A255B89934209D1B9F800209A4205D29A
S315080290F01420FEF75FF8012384F8A435B4F89A35EC
S31508029100B4F89C259A42C1D0C82EBFD86E4DD4F861
S315080291109A25C5F86A20D8F80420C5F86E20B8F84A
S315080291200820A5F87220B4F83621934200D022B955
S31508029130B5F8782093421ED0EAB194F8A13593B9CE
S31508029140624B1B78042BA1D00B20FEF733F895F857
S3150802915022301BB1012385F8673097E70FB0BDE8C7
S31508029160F04FE7F715BC042B05D10C200FB0BDE86C
S31508029170F04FFEF71FB894F83030102B0FD17B78DA
S3150802918003F0F802E02A0AD1BA7803F0070302EBE1
S315080291900323C82B01D90D20E8E70E20D5E7DFF80F
S315080291A02CA19AF80000002854D0012852D0484B26
S315080291B0DA790AB34FF00009102283F80790454B73
S315080291C0C4F82A90C3F8049084F830200122A3F840
S315080291D00890494684F8392003F14300C82284F8E6
S315080291E03591A4F836910DF0CAFA3A4B1A22494635
S315080291F003F587700DF0C3FA374BD4F89A05D8F8F9
S315080292000410B8F8082003C367631A8084F8386024
S315080292103B78552B7FF43AAF97F8019097F802807E
S3150802922009F0F803E02B97F803B000F0B38014D8DE
S31508029230C02B36D0C82B7FF429AF1620FDF7BAFF0C
S3150802924095F824204FEA1813B2EB181F40F008814C
S315080292500F208BE7FDF7AEFFA9E7E82B00F0288180
S31508029260F02B7FF413AF2B7E2B4493F85830012B47
S3150802927000F0B1801B20FDF79DFF2B7E0021022006
S3150802928085F82430FFF75BF96421002308FB0111F6
S31508029290124A134884F831800FB0BDE8F04FFEF742
S315080292A0A5BA94F8A43513B12B7E85F82430062E78
S315080292B018D801205AE700BF38A1002090180020CC
S315080292C0689D002055790208409D0020BC9D00201B
S315080292D054B1002062A1002058A100203D85020851
S315080292E0789D00203246394641F60F50F2F706FDC0
S315080292F00028DED194F830304FEA1B15B3EB1B1F5A
S3150802930002D0102B7FF447AF09F0070908EB0929A9
S31508029310B9F1C80F3FF63FAF0026AA4B4FF4487182
S31508029320A3F11000A84AFEF761FA84F830502544E2
S3150802933085F85D6094F838501A22063D3146EDB23A
S31508029340A24884F83551A4F852910DF018FA616BC7
S31508029350238C04312A469E48A4F836310DF036FA93
S31508029360304694F83511FDF755FF00287FF48EAE86
S3150802937094F83521B4F852319A4207D10320FDF701
S3150802938019FF0FB0BDE8F04FE7F7B0BA002384F82B
S315080293905C307BE694F8A4253B7912B12A7E85F8DF
S315080293A02420072E079384D93246394641F60F50B0
S315080293B0F2F7A4FC00287FF47CAF04EB1B1292F8A8
S315080293C05D20079B012A4FEA1B1106D19AF8003045
S315080293D0012B7FF45BAE1520C8E694F83020914243
S315080293E002D0102A7FF4D7AE0BF0070B073EF6B26F
S315080293F003EB0B2B84F835615E44C82EE6DC09F0D4
S31508029400070908EB0929B9F1C80F3FF6C4AE6D4B37
S315080294104FF44871A3F110006B4AFEF7E7F9584674
S3150802942094F83511FDF7F6FE00287FF42FAE616B2E
S31508029430674894F8352105315844A4F852910DF03D
S31508029440C5F994F83531B4F852215B4493429DDB51
S315080294501220FDF7AFFE0FB0BDE8F04FFEF700BAD7
S315080294602A7E9A427FF4F4AE228CB5F878309A4274
S3150802947004D0B4F836310BB1102077E64FEA082843
S31508029480544808F4E068FEF757FA4BEA080B11202D
S31508029490A5F802B0FDF78EFE95F822301BB101231E
S315080294A085F86830F2E50FB0BDE8F04FE5F76ABB1C
S315080294B01620FDF77FFE95F824304FEA1816B3EB0F
S315080294C0181F3FF4C5AE2B7EB3427FF4C1AE228C81
S315080294D0B5F878309A4203D0B4F83631002BCBD19E
S315080294E03C48FEF729FA2B7EB3420AD10123002112
S315080294F02E4486F858306B69A5F878100BB10846E1
S315080295009847222032E628890FB0BDE8F04FE9F7DE
S3150802951029BC7C782146FDF7E1F830B1FEF72CF933
S3150802952095F80D8080457FF4B1AD2B4B2B4A00E0B0
S3150802953008339342BFF4AAAD1978A142F8D12A4654
S31508029540314638465B680FB0BDE8F04F18477C785D
S315080295502146FDF7C3F830B1FEF70EF995F80D80EE
S3150802956080457FF493AD1E4B1E4A03E01978A1424B
S31508029570E5D008339342F9D388E51F287FF686ADEE
S315080295809F2E3FF683ADDFF86080E022002108F5C2
S31508029590B5600DF0F4F808F5CB643246394608F2A0
S315080295A0AC5088F856660DF011F90FCD0FC42B682A
S315080295B02360802388F8A8350FB0BDE8F04FE6F798
S315080295C0FFBB00BF94A100207579020870A2002093
S315080295D0A5A1002074A1002058650008C8650008E6
S315080295E0C8650008F865000838A1002008B5FEF726
S315080295F053FE184A92F8A831013B82F8A831164B55
S3150802960018689F2390F8C12080F86F3442F001024F
S3150802961080F8712490F8C420062380F87424002266
S3150802962080F8EC200122B0F8C21080F87034A0F855
S31508029630721480F8973480F8E62000F1E20100F20D
S315080296406F42FFF74FFCBDE808404FF47A70E9F71E
S31508029650E5B800BF38A10020B895002008B50A4B26
S31508029660186800F26F4290F8973400F1E201FFF7AA
S3150802967039FC064A30B192F8A831013BDBB282F8CE
S31508029680A83108BDFF23FAE7B895002038A10020C3
S315080296909F2208B5124B13491B6883F86F240722C9
S315080296A083F87024032283F8972481F8A8216FF09F
S315080296B04E020241D20783F8900383F8710406D456
S315080296C0FCF780FEBDE808400748E8F703BD00221C
S315080296D083F8EC2083F8E620FFF7C0FFF2E700BF25
S315080296E0B895002038A10020BCA600202DE9F04F2D
S315080296F06E4B8DB0044618700025FDF7C1FFE5F7DD
S3150802970005FB09236A4EDFF8DC9133707560FEF7B4
S3150802971017FB20222946F06102A80DF030F8202115
S3150802972002A8E6F7ABFE2A46624802A9E7F746FF11
S31508029730D9F804311BB109F58270E8F7CBFC00278A
S31508029740DFF8A4815C4B40F2BC421D68002140460A
S315080297500DF015F8594B404639462DBAC8F8CC5083
S315080297601F70FDF7F1FD564B564DAA22394603F1F5
S315080297701800C3E90077C3E90277C3E90477C5F895
S3150802978000800CF0FCFF4E4BDC22394608F52970A6
S31508029790C3E93C77C3F8F87089F800710CF0EFFF5B
S315080297A02822394602A80CF0EAFF474840F2095334
S315080297B04FF4A062006802A9E5F72BFB4FF0160BDF
S315080297C001900DF1080A08F529783F4BD3F8009065
S315080297D0019BBB4246D12F684FF4D27207F58077B8
S315080297E0002138460CF0CBFF2822002102A80CF0F3
S315080297F0C6FF484640F209434FF4806202A9E5F7DC
S3150802980008FB4FF0000881464FF02A0B0DF1080AB3
S315080298102D4BC145186831D100230321CDE9023306
S31508029820ADF8103002AA0A232F68E4F7FFFE18B92A
S315080298309DF8103087F8B934244B254A14F0780F6E
S315080298401A604FF00003234A337413702A68224BB6
S315080298501A6002D114F0870F1CD101200DB0BDE8A1
S31508029860F04F15E75AF8041B1623A1F5A0624846DD
S315080298700BFB0282E4F7DAFE0137A6E75AF8041B65
S315080298802A23A1F580620BFB0272E4F7CFFE08F1E8
S315080298900108BDE70222114B83F88826012283F8C4
S315080298A089260F4B1C700DB0BDE8F08FC8950020B5
S315080298B0CC950020B0A20020921800209C9500208A
S315080298C0CC380020C4380020B01F002054B1002034
S315080298D0199A020830960020B895002038A100206F
S315080298E0BC950020C8380020E090002008B5FF206B
S315080298F0E6F770FF0120FDF7A3FB024B1878BDE8D7
S315080299000840F3E6C895002070B50025394B3A4C55
S315080299101868F8F7D7F8394B40F20A5618461D6008
S31508029920E6F7B8FD29463548FDF7E2F8102229463A
S3150802993033480CF024FF334B294620681D70E6F79E
S31508029940EFFC10212068E6F7EBFC11212068E6F708
S31508029950E7FC03212068E6F7E3FC04212068E6F722
S31508029960DFFC02212068E6F7DBFC4FF4A065FDF771
S3150802997033F8FDF779F8294620680135E6F7D0FC71
S31508029980B542F8D14FF4806540F20A462946206866
S315080299900135E6F7C5FCB542F8D1FDF7B1FE1A4B1B
S315080299A01B780BB9194A1370194C002123681B69D5
S315080299B0186811F00FFB23680021D86911F00AFB19
S315080299C023680021586911F005FB236800219B6969
S315080299D0186811F0FFFA0F4B1878F8F7B1F9F6F78D
S315080299E055FEF7F713FEFFF781FFBDE87040E6F76D
S315080299F0B1BC00BF849B0020B01F00209218002033
S31508029A002D2A00203D2A00208E1800208D180020BD
S31508029A1088180020E4B40020036837B50146062BEF
S31508029A202ED8DFE803F06A2D042D2F5A4900437D0C
S31508029A30364C7BB10021E02204F5B560A4F88C16F9
S31508029A400CF09DFE832384F8A83503B0BDE83040A8
S31508029A50E6F7B6B9027E01A984F89426427E84F80E
S31508029A609526827E84F89626C27E294884F8972609
S31508029A70284A00680192C4F89C261A460EF04AFF44
S31508029A8003B030BD244C23688BB1244D2888FDF7DA
S31508029A900DFE30B10B7C23B90222214B1A70FFF757
S31508029AA025FF23680020298898470023236003B0EE
S31508029AB0BDE83040FDF710B9174C236843B10321BE
S31508029AC0174A00201170154A118898470023236007
S31508029AD003B0BDE83040FDF783BA0F4C236843B1A3
S31508029AE002210F4A002011700C4A11889847002358
S31508029AF0236003B0BDE83040F8E6FDF771FAF7F7E0
S31508029B00D5FE0022074B1A70BAE700BF38A100201B
S31508029B1080160020B9A10208B495002090180020EA
S31508029B2030960020C89B00202DE9F041A24DA0B036
S31508029B3000222E68A14B96F88E131C78A14201D0FA
S31508029B40142C1FD15C88A04219D15A79142A1FD124
S31508029B501B79013B102B2ED8DFE813F027002D00C6
S31508029B6019030C032A00300039007C00E7003A0189
S31508029B701D0222027702EC0211031F001703B4F535
S31508029B80047FE2D00332B42A03F10603D5D112E0E8
S31508029B90914218BF86F88E23DAE7D6F8F03098781D
S31508029BA020B0BDE8F041FEF785BB96F89003F7E7CB
S31508029BB0002386F8E63020B0BDE8F081FEF76CFB9C
S31508029BC040F6B83020B0BDE8F041E8F727BE0026D7
S31508029BD0FEF762FBFF20E6F7FDFD2A68784CD2F80D
S31508029BE0E200D2F8E61004F58F6303C3D2F8EA005E
S31508029BF0C4F874641860734B04F274401B6898477F
S31508029C002B689F2193F88F2383F86F14B2FA82F296
S31508029C105209520083F8C02083F8712494F88826E2
S31508029C20052183F8722494F8892683F8701483F838
S31508029C307324654A83F8B864127883F87424062272
S31508029C4083F89724032384F8A831FCF7BBFB45F66F
S31508029C50C050B7E7FEF720FB2868D0F8F030DA786C
S31508029C60511E11420CD1564C94F888160A4207D056
S31508029C7080F8C2201A79511E114207D0032000E04B
S31508029C800220FFF705FD40F20B2051E794F88916EA
S31508029C900A42F3D080F8C3205979002937D04A4AB4
S31508029CA0127831EA02023AD180F8C4109A789207F9
S31508029CB037D590F88F2392BB5A7980F8C4200122AF
S31508029CC080F8C5209B7880F8C1309F2380F86F34CE
S31508029CD0082300F2724020F8023CFDF725FC2B68A7
S31508029CE093F88F23012A07D193F8C42012F07E0F26
S31508029CF01CBF0022A3F87224232283F89724032385
S31508029D0084F8A831FCF75EFB4FF47A705AE7B0F88C
S31508029D10E220A2F5807292B2B2F56A6FC4D8012027
S31508029D20AFE7012280F88F23C6E7FEF7B5FA45F6B4
S31508029D30C050E8F773FD2A68D2F8F01002F593646A
S31508029D40CB1C1846233150F8045B884244F8045B5E
S31508029D50F9D102211A4CD2F8E200C4F87414D2F8E6
S31508029D60E61004F58F6503C5D2F8EA0004F28C46BC
S31508029D70286003F12007354618685968083303C571
S31508029D80BB422E46F7D12023A4F88A3492F8C4306F
S31508029D900E4884F8883413F006031FBF92F88F33EF
S31508029DA0B3FA83F35B099B0084F88934054B1B6875
S31508029DB020B0BDE8F0411847B895002068BE0308F0
S31508029DC038A1002054B10020BC950020ACA5002083
S31508029DD096F88F33012B04D196F8C43013F01E0F70
S31508029DE031D1A04B1B7873BB4FF001089E4BD3F8B9
S31508029DF0F47400234FF48042089338469B4B08A913
S31508029E00EFF726FC0446C8B90898038823F0FF032F
S31508029E10B3F5E24F02D0B3F5E44F04D143880733D2
S31508029E20B3F5847F2FD2D0E90812446806F5936306
S31508029E30240A0DD0012C20D06FF0850420218C48ED
S31508029E40EEF79BFF0EE04FF4E0274FF00008D0E74D
S31508029E5004AC0094E5F752FC10F1860F0446EBD0E9
S31508029E60002CEBD10898EBF736FE002C18BF2046DB
S31508029E70FDF730FA50B1FDF711FB04AC0094E5F793
S31508029E803DFC0446ECE76FF08904D7E7784B03F10B
S31508029E902002114653F8040B8B4242F8040BF9D1FF
S31508029EA0B8F1000F02D03846E6F7CCFB2B687149A9
S31508029EB003F5936203F5976352F8040B9A4241F845
S31508029EC0040BF9D16C48FDF72FFB2F686B4A07F58F
S31508029ED0936704AC02F110032646106851680832EB
S31508029EE003C69A423446F7D1654A08AB02F1200600
S31508029EF01C4610685168083203C4B2422346F7D199
S31508029F005C4A10AB02F140061C46106851680832DA
S31508029F1003C4B2422346F7D106235A4A04A903A820
S31508029F200393E7F7F6F83B466022039808A9E6F793
S31508029F30D3FB0398E6F786FB534A2C6808AB02F173
S31508029F4008061D4610685168083203C5B2422B46F8
S31508029F50F7D110689188927904F110032860A980D4
S31508029F60AA71019304F120030020009304F593617A
S31508029F70234608AAE7F74EFC94F8C8303A4843F055
S31508029F80010384F8C8301823404980F8A83100F242
S31508029F908450E8F705FA20B0BDE8F041FFF726BB82
S31508029FA0314C04F28450E8F795F8FEF775F92B68F8
S31508029FB0D3F8F0205178052917D1D07894F8881665
S31508029FC0884210D1107994F8891688420BD1304903
S31508029FD050790978884206D193F8C010907841F0F2
S31508029FE0010290420ED007204BE60C290AD192783C
S31508029FF002F00302022A05D00920FFF749FB40F2C4
S3150802A0000A2095E593F8C41029B940F20F208FE586
S3150802A010520083F8C52093F8C5201142F8D09F2133
S3150802A02083F86F14092183F87014002183F87124C8
S3150802A03083F8EC100322012183F8972483F8E610AB
S3150802A04084F8A821FFF70AFB5EE6FEF725F92B68D6
S3150802A050D3F8F01093F8C5608A7896421AD00A2087
S3150802A0600FE600BFDA3F002038A1002000000209EF
S3150802A070D8A7002069A5002089A5002043EF030878
S3150802A080F8A700200002C00354EF030880A90300C2
S3150802A090BC95002030460331E7F765FC2C6830464C
S3150802A0A094F8C5305B0084F8C530FDF71EF984467E
S3150802A0B0D4F8F060384B033608AA03F1080E17469F
S3150802A0C018685968083303C773453A46F7D11868BA
S3150802A0D099889B793860BB7104F15003B980019362
S3150802A0E004F1600360463146009308AA04F140036E
S3150802A0F0E7F790FB94F8C830102243F0020384F87D
S3150802A100C830002130460CF03AFB9F222B6883F8B0
S3150802A1106F240B2283F87024022283F897240122E3
S3150802A12083F8EC20002283F8E62003221B4B83F8EF
S3150802A130A82187E7FEF7B0F82B68D3F8F020517804
S3150802A1400C2905D1927802F00302022A7FF454AF51
S3150802A1509F2283F86F244FF486720021A3F8702495
S3150802A160032283F8EC1083F8972483F8E6100B4B46
S3150802A17083F8A82120B0BDE8F041FFF76FBA0420A2
S3150802A18020B0BDE8F041FDF763B90620F8E720B034
S3150802A190BDE8F041FCF716B933EF030838A10020F1
S3150802A1A0034B40F203201A68024B1A60BCE400BF54
S3150802A1B0C4380020B8950020084B094A1B6809498B
S3150802A1C0136003F29C4203F5936311F8010D02F83A
S3150802A1D0010D9A42F9D140F20220A5E4C4380020C2
S3150802A1E0B8950020D0A700200A4B186090F88E3345
S3150802A1F00A2B0BD1084B40F2092093F8A831013BF0
S3150802A200DBB2FE2B38BF4FF402708DE440F2092010
S3150802A210FBE700BFB895002038A100200E4B0F4A75
S3150802A220186092F8A831FF2B05D103234FF4027068
S3150802A23082F8A83178E453B190F88E330A2B06D007
S3150802A24000290CBF4FF402704FF40370F2E7C1F510
S3150802A2500370013080B2EDE7B895002038A10020DE
S3150802A26070B50D4651B34B1F594259411B4CFFF766
S3150802A270D5FF1B48E7F72EFFE6680EB3D4E90301BC
S3150802A28004F1140686E8030000211C2204F1D80012
S3150802A290C4E903110CF073FA4FF07F33C4F8DD30CA
S3150802A2A084F8E13094F80931294684F8F2303046C8
S3150802A2B004F1D802BDE87040F7F794B90121D5E751
S3150802A2C094F80831294604F1D802201D84F8F230A0
S3150802A2D0F7F788F9C4E9016670BD00BFC8380020DF
S3150802A2E0CC390020F8B54E4A034610604A79D2079F
S3150802A2F000F1948090F88E63012E08D10A68C0F89E
S3150802A300E2204A68C0F8E6208A68C0F8EA20B3F86C
S3150802A310E4004A88904240F081808C7AD3F8F05063
S3150802A32083F8EC406878021FD2B2092A76D8002E42
S3150802A33074D03C49960001EB820292F870C3B3F8D6
S3150802A340F470BC4505D940F20A20BDE8F840FFF78B
S3150802A350EBBB92F87173022F1BD195F802C01CF061
S3150802A360010F16D092F87323012A16D1062C0AD8A1
S3150802A370214491F8942393F8C610914216D093F883
S3150802A380C5100A4212D10720FFF782F940F20B20C4
S3150802A390DBE78A1992F87223E6E7944206D0012F80
S3150802A3A0F1D1314491F87323A242ECD1421F072A14
S3150802A3B0CBD801A151F822F0D9A30208D9A30208E1
S3150802A3C04BA30208E5A302084BA302084BA3020803
S3150802A3D0F3A3020807A40208AB781B0203F48073EE
S3150802A3E01843B2E7A878000200F4807040F008002B
S3150802A3F0ABE740F2072093F8C52093F8C4309A4297
S3150802A40018BF0B20A1E793F8C52093F8C43052422F
S3150802A4101A4240F2052018BF0C2096E7F8BD00BF85
S3150802A420B895002060BC03082DE9F04F0446EBB04E
S3150802A430002800F09280D0F800B0BBF1000F00F0BF
S3150802A4408C808568002D00F088809BF8007006795C
S3150802A450982F00F0D3839F2F40F073850023CDE910
S3150802A4601033A94B0FAF1B883B802B897B802B7837
S3150802A47003F00C02003A18BF0122FB717A7103F04D
S3150802A48002022B7B42F00502BA713B729BF800303E
S3150802A4909F2B62D19BF80130062B28D19BF80530F9
S3150802A4A013F0060F23D1994B197801BB984B2091CB
S3150802A4B0142245A844930CF062F944F2010324A835
S3150802A4C02493FCF7FBFE036892494693924B44A8F1
S3150802A4D020AC4793E4F7ECFF08B18B3007D18F4BDA
S3150802A4E02246D3F8F40403F59F61E5F79DF88C4BF1
S3150802A4F012AA1C689BF80130C2F804B0022B089312
S3150802A500168117602CD0032B2FD0012B40F06383C2
S3150802A5107B79D9070DD4022E0BD9394620469BF8EA
S3150802A5200220FBF743FE20B139462046089AFBF77C
S3150802A53063FF9BF80130013B022B02D9FCF70CFEA4
S3150802A54058B1764CE022002104F5B5600CF017F9F3
S3150802A550842384F8A835E5F733FC6BB0BDE8F08FA1
S3150802A56004212046FEF7AEF8E3E7102200211CA8D4
S3150802A5700CF005F91022002120A80CF000F90B2E88
S3150802A58040F287809BF803300A937B79DA0762D414
S3150802A590394620469BF80220FBF708FE0028C8D059
S3150802A5A039462046FBF7B6FD05460A9B13F0010716
S3150802A5B073D000274FF004080BF1040999F800A09C
S3150802A5C0D0441FFA88F808F107039BB29E4260D965
S3150802A5D0BAF1000F5DD099F8012002F03F03032B70
S3150802A5E03BD0042B4AD0012B51D175B395F82930AB
S3150802A5F0032B2AD1BAF1120F27D109F102030DF161
S3150802A600800C09F1120E624618685968083303C2AB
S3150802A61073459446F7D12B460DF1700C05F1100ED1
S3150802A620624618685968083303C273459446F7D1D7
S3150802A630052385F8293095F82830284604EB831334
S3150802A64020331CAA20A9E7F70CF899F90130002B48
S3150802A65025DAD144B2E70025A7E7BAF1030F18D1E4
S3150802A6609DF841302046DB4399F80220BDF83E109A
S3150802A67003F00103FBF7F2FC0746E6E7BAF1020F1D
S3150802A68007D12046BDF83E10FBF7CEF9DDE75306A3
S3150802A690DBD50022234B1A704BE74FF004089DF8CE
S3150802A6A041300FA9D80740F12081002F00F07384AA
S3150802A6B03B7D012B3AD002233B752DB10022194B63
S3150802A6C01A70022385F829309DF84130DD0707D430
S3150802A6D00FB9012308932046089A0FA9FBF78CFEA7
S3150802A6E012AA06212046FDF7EDFF0F4ABDF83E30B5
S3150802A6F01460B4F8E4209A427FF41BAF4FF4017059
S3150802A700FFF712FA15E700BF90180020DA3F00207B
S3150802A7104171FF002CA600200000020938A1002082
S3150802A720C43800209C950020B8950020BB780B8081
S3150802A7300DF58879CDE901690BEB0803CDF80080A0
S3150802A7400793A6EB08030A88204649881FFA83FA64
S3150802A7505B46E4F70DFB82B20992002D00F0638195
S3150802A76094F88C3373B995F82930053B012B09D82F
S3150802A770BAF1DE0F00F2C2805246079904F291300E
S3150802A7800CF024F84FF0030904F291330D9394F870
S3150802A790C83095F82820134113F0010300F0CA8047
S3150802A7A095F8293024AA062B14BF012305230B93F7
S3150802A7B02B4605F1200C164618685968083303C655
S3150802A7C063453246F7D14FF000081B78337004F21E
S3150802A7D091330C93B8F1000F04D052460C9907989E
S3150802A7E00BF0F4FF284618A9E6F70BFF079B95F826
S3150802A7F028100193099B20460093CDF808A044AB84
S3150802A80018AAFBF78BFB064600287BD006230021F5
S3150802A81095F8282085F829308DF84620A84A0FABE6
S3150802A82011708FB19DF8412042F002028DF8412045
S3150802A8303A7D022A40F0CF80159307212046C4F8B4
S3150802A840FC7015AAFDF73EFF099B002B00F0E58078
S3150802A8500A9B13F0020700F03B810027DDF81C80F3
S3150802A8600DF13C0A98F800904F44BFB2B7423FF642
S3150802A87010AFB9F1000F3FF40CAF98F8013003F0AE
S3150802A8803F02022A40F018819AF80530D9073FF5A7
S3150802A89000AFB9F1130F7FF4FCAE012398F802203A
S3150802A8A0BAF802102046FBF7D9FB08F10303C21CCB
S3150802A8B008F1130153F804CB8B4242F804CBF9D1C1
S3150802A8C04FF00103037595F82830C3749AF80530DA
S3150802A8D0DA0703D443F002038AF8053098F90130FF
S3150802A8E0002B80F2F580C844BCE7002D00F058839F
S3150802A8F095F82930053B012B7FF61AAF002F7FF416
S3150802A900DAAEDBE60B9A08F101085FFA88F39A4297
S3150802A9103FF660AF2B4624AE0DF1B00C324603CAA1
S3150802A920624518605960164603F10803F6D1127893
S3150802A9301A70012394F88C232AB995F82920062A35
S3150802A9404DD133B9DAE7002BD8D095F82930062B42
S3150802A950D4D12B4624AE0DF1B00C324603CA624559
S3150802A96018605960164603F10803F6D112781A7070
S3150802A97094F88C33002BC1D1514E3378012B24D154
S3150802A9802846FBF725F8F8B1524604F291310798A2
S3150802A9900BF01CFF079B95F828100193099B20468C
S3150802A9A00093484ACDF808A044ABFBF7B7FA064627
S3150802A9B00028A3D095F8282042498DF8462000227F
S3150802A9C00FAB01F8072C2CE730702846FBF700F886
S3150802A9D00028D9D192E73846FBF712F834E795F8FA
S3150802A9E0283052460133DBB2032B28BF00230D99C8
S3150802A9F085F8283007980BF0E9FE95F8283028469E
S3150802AA0004EB831320331CAA20A9E6F72AFE09F1D0
S3150802AA10FF3313F0FF097FF4BAAE002F3FF44EAEB0
S3150802AA2002233B754AE603221592F97C0DF1540876
S3150802AA3004EB8111244A0B9010314046E6F769FB74
S3150802AA4018AAF91CD8F80000E5F707FED8F800009E
S3150802AA50E5F7F8FD3846FAF7D3FF04222495C8F835
S3150802AA600020F97C4046194A04EB8111E6F751FBAE
S3150802AA70079B24AECDE901A300930AF108020B9BBA
S3150802AA80049603929BB24A4618A9D8F80000E3F73F
S3150802AA90C5FF953008BF2E46D8F8000018BFBDF886
S3150802AAA09060E5F7CFFDFA7C8DF84620002E40F03F
S3150802AAB07C8202233B7507E65B063FF5EAAD0DE7A6
S3150802AAC09C950020A39500200044400400015005EF
S3150802AAD0F61BB6B20521204612AAFDF7F3FD002E93
S3150802AAE03FF427AD0222079BBDF83CA003EB0709FA
S3150802AAF0864B9DF846801A70BDF83E20A3F802A040
S3150802AB009A8083F80680079B0892DA5D0FAD9F2A22
S3150802AB1033D199F801300E2B2FD06979C8073FF542
S3150802AB2008AD03F0FD0111293FF403AD0D2B1BD12E
S3150802AB300E2308F1010084F86F2484F87034C0B239
S3150802AB40FCF72EFE0678262E3FF6F3AC324641680F
S3150802AB5004F271400BF03AFE29462046B31C04F271
S3150802AB606F42FEF7BFF9E4E42946C4F8F090A4F868
S3150802AB70F4602046FFF7B6FBDBE444AB1422184622
S3150802AB8000210BF0FCFDEA7908F101088DF8102185
S3150802AB90089A012EADF818212A7A0346ADF81AA1A9
S3150802ABA08DF81C218DF81D813FF4C3AC6A79269372
S3150802ABB0910748BF0121564B48BF564A1B6824A82D
S3150802ABC048BF82F82810C0F800900671002B3FF49F
S3150802ABD0B0AC9847ADE494F88C331BB1089B072BAD
S3150802ABE07FF4A7AC7B79DA073FF5A3ACFF23394696
S3150802ABF0C4F8F0B0A4F8F460BB72BAE7464BB3F8EF
S3150802AC0000904846FCF752FD824600287FF4A5AC20
S3150802AC102F789BF8013007F00207402B2C7A47F071
S3150802AC20210762D00AD8042B3FD0062B24D0022B48
S3150802AC304FD06BB0BDE8F04FFDF7C0B803F0BF02C6
S3150802AC40812A71D0802BF4D1092EF2D9334D2B8863
S3150802AC50A342EED16B885FFA89F18B42E9D10BF1F7
S3150802AC60020300222046E5F719FF6B7C012B43D825
S3150802AC700220FCF765FFDCE76B7B042BD9D1284D54
S3150802AC802B78022BD5D1112ED3D980200BF10201B4
S3150802AC90E6F769FEFDF754F808B10123EB610123D3
S3150802ACA0EF606C6485F84030C3E7FFF779FAF6F788
S3150802ACB0FDFD1C4B022E83F800A007D90122184B72
S3150802ACC09A61DF605C6383F83220B2E7FCF788F9A1
S3150802ACD0AFE76B7B042BACD10022114BDA6201225F
S3150802ACE0DF605C6183F82820A3E73A4620465FFACC
S3150802ACF089F1FBF7EBFB9CE7032B04D0022B98D1D7
S3150802AD002B7C002B95D00420B3E700BF9C9500202E
S3150802AD10C83800207CAE002090180020B819002000
S3150802AD20CC950020C89B0020014610221CA8A6F13B
S3150802AD3014080BF024FD5FFA88F81022514620A861
S3150802AD400BF01DFDB8F1800F00F2A180DBF80200BE
S3150802AD50DBF806100BEB060313F8092C5FFA89F9E0
S3150802AD601CAB03C321464846CDF800A0FAF7F2FF0A
S3150802AD70002800F08C8048462146FCF711FE8D4AD1
S3150802AD801046FCF71BF930B953784B4503D11378B3
S3150802AD90A34200F08D808848FCF710F940B992F872
S3150802ADA08D304B4504D192F88C30A34200F0828054
S3150802ADB08048FCF703F9002876D17F48FCF7FEF8AD
S3150802ADC0002864D00121DFF8F0A18C2041435018F5
S3150802ADD054547A4A80F80190126802F51C521032CD
S3150802ADE0C0F8882000228AF802209AF8022022B1A6
S3150802ADF09AF884203244942A49DC9BF801208DF87B
S3150802AE001291A6F113090BF10A035FFA89F9194699
S3150802AE108DF8102145A84A4607938DF811418DF8F9
S3150802AE2013910BF0D3FC66481CA9FAF785FDA6F127
S3150802AE300F0120AAC9B244A8FBF7EAF8A6F108014D
S3150802AE400822594420A80CF0A9F80790F8B95D48D9
S3150802AE501CA9FAF771FD49460BF10A00FBF7B8F887
S3150802AE609BF80A2012F010095BD0930625D402F04B
S3150802AE700F028AF8032001228AF884808AF80220BF
S3150802AE800BF10B0142460AF104000BF09FFC9BF8FA
S3150802AE900130C12B7FF461AB4B4B3A4620461978F9
S3150802AEA0FBF714FBFFF759BB0021DFF808A18CE773
S3150802AEB092469AE7DFF800A197E79AF80210012965
S3150802AEC0E5D19AF8031002F00F029142DFD102226D
S3150802AED09AF8849024AB18468AF802200AF10401EB
S3150802AEE04A460BF073FCA6F1140248440BF10B0117
S3150802AEF00BF06CFC0322079BC144CAF888308AF817
S3150802AF0002205FFA89F8B8F1000FC0D0042344A8DA
S3150802AF106B7324AB44938DF814814695FFF784FA34
S3150802AF20B5E7A6F114020BF10B0124A80BF04EFCAF
S3150802AF300322CAF888908AF802202448E7F7CAF852
S3150802AF40E1E70020FCF72CFC03783BB14268134486
S3150802AF5012F8011B8F4218D09A42F9D16C2F9BF82E
S3150802AF60011001D1012910D03846FBF7B7FB00289A
S3150802AF707FF4F3AA144B1888FCF798FB10B11F2F1D
S3150802AF803FF6EBAA9E2E3FF6E8AA20466BB0BDE82E
S3150802AF90F04FFEF725B8002D7FF490ABFFF7A0BB64
S3150802AFA0002F7FF486ADFFF794BB099B002B7FF435
S3150802AFB04FAC7EE5A01800202C190020C4080020FA
S3150802AFC049A5002059A50020901800201CA300209E
S3150802AFD01C4A38B5156803464A19C26001200C4650
S3150802AFE05872E1B1184A92F84D1251B102F511712F
S3150802AFF08B4206D0D2F85012491B002901DDA14224
S3150802B0000CDD92F80D1371B110498B420BD0D2F8B0
S3150802B01010335B1B002B06DDA34204DC38BDBDE8FA
S3150802B0203840E5F7E1BA0A48F0F70EFF18B10021F1
S3150802B0300120E5F7D9FA2146BDE838400448F1F778
S3150802B04029B800BFC408002038A100203CA400206B
S3150802B050AC3600200148FAF72FBD00BFEC360020B7
S3150802B0602DE9F8461F462F2F8946864611469DF832
S3150802B070203009D8384E96F844524DB196F8042332
S3150802B0802AB1022386F8E0360020BDE8F8860125B3
S3150802B090324AC5F1000C324C0CF0C00C02EB0C0023
S3150802B0A02060C0244FF0010A04FB0564A4F88AE272
S3150802B0B0A4F846E24FEA131E84F84BE203F00F0E99
S3150802B0C084F84AE203F0020EDB00A4F844A2A4F8CC
S3150802B0D08C92A4F8489203F008034EEA030390F808
S3150802B0E04AE00CF18D0C2EF00A0E43EA0E0380F8A4
S3150802B0F04A300823624486F8E056C4F8802284F867
S3150802B100D03247B13A4695300BF060FB94F8D0320C
S3150802B1103B4484F8D032C023FA2203FB0565D5F8EE
S3150802B120803208379A70099A85F84C7205F51D73AC
S3150802B13092E8030083E803009DF8283085F87C32FC
S3150802B140084B1B68C5F85432FFF784FF96F8E006E9
S3150802B1500130C0B299E700BF38A100207CA30020C5
S3150802B160C09D0020C40800202DE9F041B44C94F893
S3150802B170E136BBB194F8E326013B84F8E22694F85B
S3150802B180E42684F8E13684F8E726B4F8E526A4F836
S3150802B190E3260025C027AB4E012D84F8E05604D9D4
S3150802B1A0BDE8F08184F8E236F3E707FB05436A4215
S3150802B1B093F8443202F0C002B018013BC4F85801B1
S3150802B1C0062B3CD8DFE813F0070034003B004B009F
S3150802B1D09700ED000A01002307FB054585F844326E
S3150802B1E095F84B32012B2AD8D5F88032DD7815F03E
S3150802B1F00F051BD093F80280E5F768F908F10103F9
S3150802B200B0FBF3F202FB13003223C822691EC9B24D
S3150802B21011FB0231022310FB0311D4F85801FFF780
S3150802B220D7FE0222D4F858311A7008E02946F4E704
S3150802B23094F8E236012B07D0062B00F0AA8094F880
S3150802B240E0560135EDB2A7E7FAF758FC0028F6D022
S3150802B250C023042203FB054383F8442244E094F8FE
S3150802B260E236002BEBD1C02101FB054191F84AE2F7
S3150802B2701EF0400C3BD191F84B328D3243F020033D
S3150802B2803244C1F8802280F88D3040231EF0080F20
S3150802B29080F89030C0F891C00CBF4FF47A614FF431
S3150802B2A0FA614FF0050C0123C02202FB054282F81F
S3150802B2B044C2654A1370FFF78BFED4F85801634AF5
S3150802B2C043888179A0F84630838801F0F701A0F80F
S3150802B2D0483090F838303C30F8F7EAF80028AED112
S3150802B2E00722D4F858311A70FFF7B4FEA7E74FF0D1
S3150802B2F0060CC821D8E794F8E236013B052B9ED8FE
S3150802B30001A151F823F000BF21B302083FB2020897
S3150802B3107DB302083FB302083FB2020893B302089C
S3150802B320FAF7ECFB00288AD0002384F8E836C02313
S3150802B33040F2071203FB0543A3F84422D4E722444A
S3150802B340DFF814E102F5167CBEE80F00ACE80F0040
S3150802B3509EE80700C0238CE8070003FB054393F821
S3150802B3604A2212F0090F01D1072275E7384A1278E4
S3150802B37083F86222012384F8E83660E7C02303FBD8
S3150802B380054394F8E716B3F8482291427FF457AF7B
S3150802B390EAE7C02303FB054394F8E72683F8452228
S3150802B3A0E2E794F8E236042B0AD8022B12D8012BCC
S3150802B3B07FF445AFFAF7A2FB00283FF440AF02E05C
S3150802B3C0062B7FF43CAFC02303FB054394F8E7261C
S3150802B3D083F84522C02303FB0543C5E702F1300380
S3150802B3E006EB030CF3582BB394F8E2361432042B0B
S3150802B3F01EBFC02303FB054393F84532324418BFE8
S3150802B40084F8E736C02303FB054393F87C12D3F886
S3150802B410540283F872120F490968091AC3F85812B6
S3150802B420604694F8E716F6F7DDF80023D4F85801D3
S3150802B430C0E90C33FBF73AF90022D4F85831F3E69F
S3150802B44038A100207CA30020D91F00201966020813
S3150802B4509C180020C408002060A30020F8B5284BD9
S3150802B46006461B88834249D00025264C264FD4F827
S3150802B47054223B6801219B1AC4F8583294F87C324C
S3150802B48004F5167204F51D7084F87232F6F7AAF8F6
S3150802B49004F51170C4E99D5584F84452FBF706F980
S3150802B4A0D4F814233B6801219B1AC4F8183394F87C
S3150802B4B03C3304F5467204F54D7084F83233F6F7D8
S3150802B4C091F804F54170C4E9CD5584F80453FBF7A5
S3150802B4D0EDF8FE2E12D13046FAF726FB0C223B680F
S3150802B4E002FB004403F5BB531033C4F86031012351
S3150802B4F084F86431BDE8F840FAF782BBF8BD00BFAC
S3150802B5009018002038A10020C40800202DE9F04F29
S3150802B51089B004468569F5F755F9267F237800F13F
S3150802B52009085FFA88F8A6EB0806052B2F78F6B203
S3150802B53000F08A800A2B00F087804FF00109013E4D
S3150802B540F6B20023A374A31C04221846A549009345
S3150802B5500BF024FD08B10123A374A34B1B78013B0E
S3150802B560012B40F29680072E40F2938007F01F07C0
S3150802B570022F72D10E2E40F28C806B78580707D5AF
S3150802B5809A4B22891B889A4202D0A079FFF766FF56
S3150802B590EA7802F00F0303EB1213042B79D105F1B3
S3150802B5A0080319464FF0030B019311F8013D7BB1CD
S3150802B5B011F8012C002A6CD0084601225FFA8BFE8C
S3150802B5C010F801AD9A4564D00132D2B27245F7D964
S3150802B5D0BBF1010BE9D1DFF814A22189BAF80020E0
S3150802B5E091423ED00021824A1170824A217C117012
S3150802B5F02078F5F7C3FD804A022F107040F08B8041
S3150802B600A17C11F0010144D1687800F003000328F7
S3150802B6103FD1BAF800602389B3423DD1774B93F8FC
S3150802B620E826002A35D083F8E816A179E4F7DCFF84
S3150802B63001212378A07905F10A02FAF7FDFD09B07E
S3150802B640BDE8F04FF6F7B8BA226A023ED3794FF050
S3150802B6500209013BD371F6B273E7012F8DD1112E80
S3150802B66089E7A27CD107BDD4A269127A1F2AB9D961
S3150802B670634A1268526902920CF036FD029AD16B3D
S3150802B680926B039102920CF03DFDDDE90221914293
S3150802B690A8D109B0BDE8F08FEB7813F00F02F8D005
S3150802B6A02A44D278B242F4D1207F08F10F024A44E2
S3150802B6B09042EED1A9700F210F33EB70236A4F4ADD
S3150802B6C0434482F83C17C2F8EC3602F23D7103F1A4
S3150802B6D00C0053F8045B834241F8045BF9D11888DD
S3150802B6E008809B7847488B70002347490B70D4F82B
S3150802B6F00210C2F8F216E188A2F8F6162189A2F813
S3150802B700F816E17A82F8FB161A46402109B0BDE816
S3150802B710F04FF7F7CDBEBAF8000005F1030A524614
S3150802B720E91D12F801CF8445B3D09142F9D1A27925
S3150802B7308242AED0002A08BFEF2294F80BE03349C2
S3150802B7400B7A73B1EF2A91F800C002D1BCF1FE0F51
S3150802B7509FD0624505D191F801C0F44599D0EF2AE8
S3150802B76097D00BF1010CBCF1020F4FF0010B01F15E
S3150802B7700C01E5D12389834200F0BB80244B1B7858
S3150802B78013F0300F40F0B58013F0010300F0B180DA
S3150802B790012F02D0A27CD20718D51E4A1278002A97
S3150802B7A000F0A780012F40F0A48004220D490198D9
S3150802B7B002930BF0F3FB029B40B1697A2A7A0A4399
S3150802B7C0A97A0A43E97A0A4340F09380DFF82CB053
S3150802B7D09BF844220AB39BF80423EAB102238BF8A6
S3150802B7E0E03656E792180020D09B002090180020D9
S3150802B7F01BA100209C180020929C002038A1002042
S3150802B8008818002024A80020D91F002094A200200E
S3150802B81096180020D19B00201A46237F8BF8E02633
S3150802B820842B3FF636AF6E48514201F0C00100EB59
S3150802B830010C8D310844C021012F08BF694B01FB59
S3150802B84002B208BF1B68294608BFAB60664BC2F83E
S3150802B850800282F8D0623246C3F800C00AF0B6FF08
S3150802B860A079FAF761F90C2202FB00B0E27A80F8B5
S3150802B8705D215E4A126802F56162C0F86021012202
S3150802B88080F86421FAF7BCF9EA7802F0F001013986
S3150802B8903F292ED812F00C0F534B2AD154491B6854
S3150802B8A00888009903F1420C01F10C0E51F804BB09
S3150802B8B071454CF804BBF9D10988083EACF800106A
S3150802B8C0D3F83CC002F00F0161440F3A08718CF8B4
S3150802B8D00320A2795A80227A1E729A8001221A704D
S3150802B8E040229A710022C3E90C2283F83820FFF716
S3150802B8F0B1FB3F4E238932889A4202D0FF2B7FF44E
S3150802B900C8AEA37C03F0010139437FF4C2AE43F00B
S3150802B9108003A374A3690833A361237F083BA3EBBF
S3150802B9200803A3EB09032377A37A1B0749D55246D3
S3150802B9302378E088FAF780FCF6F73EF90F222D4BBA
S3150802B94005F10C0083F83C272A4603F23D7152F8AA
S3150802B950047B824241F8047BF9D1108808809278E8
S3150802B96022208A7093F8FA2622F0080283F8FA2629
S3150802B970052283F8FE26E17A83F8FB16D4F802201C
S3150802B980C3F8F2263288A3F8F626E28883F83D073A
S3150802B990072083F8461783F83E07A3F8F82683F8A4
S3150802B9A04527D5F803201448C3F847279AF80430E0
S3150802B9B0124A03710023402113705B381A46F7F7BF
S3150802B9C077FD0F4BE28805A81A81228907935A81C7
S3150802B9D0A2690592227F8DF81820FEF725FD58E602
S3150802B9E07CA3002092180020C09D0020C4080020D5
S3150802B9F09018002038A100207FA80020D91F002017
S3150802BA001CA10020002208B50C4B90421A7018BFE0
S3150802BA1001220B4B1A7009D00A490B48F0F73AFB78
S3150802BA20BDE8084007490948E6F7BABC0648E5F7FB
S3150802BA30A9F9BDE808400548E6F74CBBD09B0020AB
S3150802BA40D19B0020E09304002C360020ACA20020F3
S3150802BA50084B094A1B78127813430AD1074B1B78FD
S3150802BA6013F0300F03D1DB0701D58078CAE700202F
S3150802BA70FCE77047C7900020D09B0020961800204C
S3150802BA80F0B5234B0646187893B048B3214B1C7879
S3150802BA90002C38D1204B1B78022B36D11F4F21465A
S3150802BAA02A2207A80AF06BFE3B8807A8B3F5807F0F
S3150802BAB034BF01210421F5F777FE232305462046E4
S3150802BAC08DF81D30E5F795F80346022B388809D01C
S3150802BAD02B46FF21CDE90164009407AAFFF7C0FAB5
S3150802BAE013B0F0BD0323CDE902434FF48053014658
S3150802BAF0CDE9005340F6FF72CDE9046407AB042092
S3150802BB00F7F748FDECE70020EAE72046E8E700BF3A
S3150802BB10C7900020CA9B0020D09B002090180020C6
S3150802BB202DE9F74FDFF850B198469BF800300646E4
S3150802BB300D460092002B40F09580F4F7D6FEB8F138
S3150802BB40010F814602D1002800F08C802946304632
S3150802BB50F5F774FA444B1B88834203D129463046CB
S3150802BB60F5F78EFAC1B20846F9F7B8FEFF28044679
S3150802BB70DFF808A10DD13D480278012A61D89AF862
S3150802BB8000400132003C18BF01240270384A82F88C
S3150802BB90704700200AEBC4024AF83400E7005060F6
S3150802BBA00AF83410B9F1000F57D04EB9697A090765
S3150802BBB006D5A97A05EB1111097B01F018019171D5
S3150802BBC029463046F4F722FF07F102090AEB070174
S3150802BBD0012ED144487002460CBF05F10C0105F14D
S3150802BBE00B01019048460AF0F1FD29463046F4F762
S3150802BBF022FF019A18B111464846F9F761FE4046F6
S3150802BC00F5F7BCFA0AEB07014A7842EA00124A70CB
S3150802BC1086B995F90520002A02DA6A7AD3061FD46C
S3150802BC20009B1A7A02F001020AEB0703D97962F33A
S3150802BC300001D97101238BF80030204603B0BDE814
S3150802BC40F08F0C4A127832B9094A92F87047B4FA58
S3150802BC5084F464099BE701249BE7FE219170CEE7F1
S3150802BC600122E1E7FF24E8E7901800203D2A002098
S3150802BC7038A10020C99B00201BA100202D2A0020E4
S3150802BC8008B5064B044613B10021AFF30080044BF6
S3150802BC901B6803B198472046DDF79CFE00000000AA
S3150802BCA0E4A900200A4601460248034B0068E7F762
S3150802BCB063BD00BF64B30020F8B10020242B2DE930
S3150802BCC0F0478646904601D8012B06D100F076FA4F
S3150802BCD0162303600020BDE8F0870D4633482A463E
S3150802BCE015F8014B065D16F00806F8D12D2C10D171
S3150802BCF02C780126951C33F0100215D1302C0DD163
S3150802BD002A7802F0DF02582A08D16C780235102305
S3150802BD100AE02B2C04BF2C78951CECE7002BF6D1F5
S3150802BD20302C14BF0A23082306F1004C00220CF11A
S3150802BD30FF3C1046BCFBF3F903FB19CAA4F1300712
S3150802BD40092F0FD83C46A3421BDD571C07D0814555
S3150802BD5014D301D1A24511DB00FB0340012215F8D9
S3150802BD60014BEBE7A4F14107192F01D8373CEAE763
S3150802BD70A4F16107192F04D8573CE4E74FF0FF32C4
S3150802BD80EDE7531C08D122236046CEF80030B8F1FD
S3150802BD90000FA0D0691E06E006B14042B8F1000FB6
S3150802BDA099D0002AF6D1C8F8001094E731F10308B1
S3150802BDB013460A46014602480068FFF77FBF00BFDE
S3150802BDC064B300202DE9F04386460D46334E2846D5
S3150802BDD015F8014B375D17F00807F8D12D2C10D14D
S3150802BDE02C780127851C33F0100015D1302C0DD183
S3150802BDF0287800F0DF00582808D16C78023510231D
S3150802BE000AE02B2C04BF2C78851CECE7002BF6D114
S3150802BE10302C14BF0A2308234FF0FF380026B8FB3C
S3150802BE20F3F803FB08F930466FEA0909A4F1300C66
S3150802BE30BCF1090F10D86446A3421EDDB6F1FF3FD6
S3150802BE4007D0804516D301D1A14513DB00FB034079
S3150802BE50012615F8014BE9E7A4F1410CBCF1190FCB
S3150802BE6001D8373CE8E7A4F1610CBCF1190F04D8F4
S3150802BE70573CE1E74FF0FF36EBE7731C06D1222366
S3150802BE803046CEF8003032B9BDE8F08307B14042F9
S3150802BE90002AF9D006B1691E1160F5E731F10308E7
S3150802BEA013460A46014602480068FFF78BBF00BFE1
S3150802BEB064B300202DE9F04F904685B089461E46A8
S3150802BEC00D46424A02902B4615F8014B175D17F0AC
S3150802BED00807F8D12D2C10D12C7801279D1C36F095
S3150802BEE0100315D1302C0DD12B7803F0DF03582B14
S3150802BEF008D16C78023510260AE02B2C04BF2C7860
S3150802BF009D1CECE7002EF6D1302C14BF0A26082613
S3150802BF1007F1004A07F1FF3BF31732460AF1FF3AE7
S3150802BF205846039351460AF003F9019200228E46B7
S3150802BF30844611461046A4F13003092B05D9A4F10B
S3150802BF404103192B1ED8A4F137039E4224DD541C43
S3150802BF5015D084457EEB01021BD38E4508BF844566
S3150802BF6002D1019A9A4214DB039A714300FB021129
S3150802BF70A6FB00020A44181842EBE371012215F8DF
S3150802BF80014BD8E7A4F16103192B05D8A4F157038D
S3150802BF90DBE74FF0FF32F2E7531C0AD12223029A5B
S3150802BFA0584651461360B8F1000F0AD105B0BDE8EC
S3150802BFB0F08F17B1404261EB4101B8F1000FF5D09D
S3150802BFC00AB105F1FF39C8F80090EFE731F1030825
S3150802BFD013460A46014602480068FFF76BBF00BFD0
S3150802BFE064B30020002310B5044683608181194694
S3150802BFF04366C28108228361C0E90033C0E904337B
S3150802C0005C300AF0BCFB0D4B246263620C4BA362E4
S3150802C0100C4BE3620C4B23630C4B9C4206D003F198
S3150802C0206802944202D0D0339C4205D104F15800EA
S3150802C030BDE810400AF0BDBB10BD00BFF766030895
S3150802C040196703085167030877670308ACA8002035
S3150802C050024A034903480AF030BB00BFECB100208C
S3150802C060316C030868B3002041680C4B994210B53D
S3150802C070044601D00AF0DCFDA168094B994202D0B8
S3150802C08020460AF0D5FDE168064B994204D02046BF
S3150802C090BDE810400AF0CCBD10BD00BFACA8002018
S3150802C0A014A900207CA900200C4B04210C4A0D4837
S3150802C0B010B51A600022FFF795FF0A4B01220921E3
S3150802C0C01C4603F16800FFF78DFF022204F1D00037
S3150802C0D01221BDE81040FFF785BF00BFE4A9002082
S3150802C0E051C00208ACA8002001480AF063BB00BF91
S3150802C0F07DAC002001480AF05EBB00BF7DAC002083
S3150802C10010B50446FFF7F0FF236A1BB1BDE81040DD
S3150802C110FFF7F0BF044B2362044B1B68002BF5D1D3
S3150802C120FFF7C2FFF2E700BF69C00208E4A90020D0
S3150802C13038B50023054D044608462B60DDF748FC52
S3150802C140431C02D12B6803B1236038BDE8A900203D
S3150802C15038B50446064D0846114600222A601A4694
S3150802C160DDF745FC431C02D12B6803B1236038BDB9
S3150802C170E8A9002038B50446064D084611460022AD
S3150802C1802A601A46DDF735FC431C02D12B6803B137
S3150802C190236038BDE8A9002038B50446064D08468E
S3150802C1A0114600222A601A46DDF739FC431C02D1E1
S3150802C1B02B6803B1236038BDE8A90020014B186833
S3150802C1C0704700BF64B3002070B50D4B00260D4DB5
S3150802C1D05B1B9C10A64209D10B4D0EF0C1FF0B4BFF
S3150802C1E000265B1B9C10A64205D170BD55F8043B80
S3150802C1F001369847EEE755F8043B01369847F2E7C9
S3150802C200F0B40020F0B40020F0B40020F4B400200A
S3150802C2102DE9F04F85B08A46904602930B68019045
S3150802C2209C1CA14614F8010B3028FAD0A9EB03038B
S3150802C230A3F1020B0AF028FB0546002866D1012263
S3150802C2409E4948460AF0A3FA0746002865D199F896
S3150802C250010026460AF018FB002860D02346187803
S3150802C260994601333028FAD00AF00EFBB0FA80F567
S3150802C2704FF0010B6D094A461646013230780AF02C
S3150802C28003FB0028F8D101228C4930460AF07FFACE
S3150802C29000283ED144B9741C22461646013230782B
S3150802C2A00AF0F2FA0028F8D1A41BA700337803F0A3
S3150802C2B0DF03502B3DD173782B2B32D02D2B33D065
S3150802C2C0711C002408780AF0DFFA431EDBB2182B29
S3150802C2D02FD8A0F1100211F8010F0AF0D5FA00F1D1
S3150802C2E0FF3C0A235FFA8CFCBCF1180F1ED904B175
S3150802C2F052421744CAF80010EDB1BBF1000F0CBF49
S3150802C30006250025284605B0BDE8F08F00252C46EF
S3150802C310B1E7002CC8D12746C8E74E462F46012565
S3150802C320C4E70024B11CCDE70124FBE703FB0200A6
S3150802C330CFE73146DEE7A6EB09032946013B072B81
S3150802C3400ADC019800F072F9044640B95C4B0246D1
S3150802C350E4215C4800F0CCFD01315B10EFE700F107
S3150802C360140A002355469B46B14537D345F804BB04
S3150802C370A5EB0A055846AD1025616D010AF06EFB5C
S3150802C380D8F800602D1AB54254DDAD1B2046294661
S3150802C3900AF020FC814678B16B1E4FF0010959114B
S3150802C3A003F01F025AF8211009FA02F20A4203D0D0
S3150802C3B04B4536DC4FF002092F44294620460AF03F
S3150802C3C012FAD8F80830BB4242DA2146019800F040
S3150802C3D06BF900230E9AA325136093E716F8012D2D
S3150802C3E02E2A12D0202B04D145F804BB4FF0000B9D
S3150802C3F05B46307803930AF047FA039B00F00F0076
S3150802C400984004334BEA000BAEE7B145EAD801225D
S3150802C4102A49304603930AF0BAF9039B0028E1D168
S3150802C420A2E7A91E20460AF0D5FB0028C2D04FF083
S3150802C4300309C1E709DA751B214601982A467F1BBB
S3150802C44000F002FB044600F1140A4FF00009B8E7AF
S3150802C450D8F80450BD426FDDED1BAE4234DCD8F885
S3150802C4600C30022B22D0032B24D0012B15D1AE423D
S3150802C47013D1012E0BD1D8F804306225029A136023
S3150802C48001232361CAF800300E9B1C603AE7711E2D
S3150802C49020460AF09FFB0028EDD12146019800F0BC
S3150802C4A003F900230E9A502513602BE70F9B002BE6
S3150802C4B0F3D1E0E70F9B002BDDD1EEE714EC03087E
S3150802C4C0BAE10308CBE103086F1EB9F1000F30D1B8
S3150802C4D027B1394620460AF07DFB81467A110123A7
S3150802C4E007F01F0729465AF822202046BB40761B2A
S3150802C4F00225134218BF49F002090AF074F9D8F85E
S3150802C5000470B9F1000F47D0D8F80C30022B15D0B9
S3150802C510032B17D0012B09D119F0020F06D0DAF82E
S3150802C520003049EA030919F0010F0ED145F010054A
S3150802C53032E04FF00109D1E70125E2E70F9BC3F18B
S3150802C54001030F930F9B002BF0D0D4F810B004F11F
S3150802C55014034FF0000C4FEA8B0A03EB8B011846C3
S3150802C56053F8042BB2F1FF3F1BD001320260022DB1
S3150802C57004F114033CD1D8F80020013AB24209D199
S3150802C5807111012206F01F0653F8213002FA06F647
S3150802C5901E423AD145F020050E9B1C60029B1F6085
S3150802C5A0B0E6994243F804CCD9D8A3689B4517DB71
S3150802C5B061680198013100F039F8814618B91A4BB9
S3150802C5C002468421C5E6226904F10C010C300232C6
S3150802C5D092000AF0FBF821464C46019800F064F8EE
S3150802C5E023695A1C04EB8303226101225A61BEE7BE
S3150802C5F022695A450BDD012120460AF0F4F8013773
S3150802C600D8F80830BB42FFF6E0AE0125C2E716F0BD
S3150802C6101F06FAD05344C6F1200653F8040C0AF052
S3150802C6201DFAB042E7DBF0E7BAE1030870B5C46960
S3150802C63005460E4684B9102000F078FC0446E861E7
S3150802C64028B90246164B6B21164800F051FC002306
S3150802C650C0E901330360C360E36853B921220421A8
S3150802C6602846DDF7F2FBEB69E060DB680BB90020D0
S3150802C67070BD53F8260030B1026843F8262000231D
S3150802C680C0E90333F4E70121284601FA06F4621DDC
S3150802C6909200DDF7DAFB0028E9D0C0E90164EEE78B
S3150802C6A055E203086CE2030870B5C66905460C46EE
S3150802C6B076B9102000F03AFC0246E86120B9094B27
S3150802C6C08F21094800F014FCC0E901660660C660BD
S3150802C6D03CB1EB696268DB6853F82210216043F8C3
S3150802C6E0224070BD55E203086CE203082DE9F041C9
S3150802C6F001F1140C07460C461E460D690020DCF8AB
S3150802C7000030013099B2854202FB01614FEA1346B5
S3150802C7104FEA114389B202FB063301EB03414FEAA2
S3150802C72013464CF8041BEADC0EB3A368AB4219DCC9
S3150802C730616838460131FFF779FF804628B9024613
S3150802C7400C4BBA210C4800F0D3FB226904F10C0108
S3150802C7500C30023292000AF039F82146444638462D
S3150802C760FFF7A2FF04EB850301355E6125612046CA
S3150802C770BDE8F081BAE103086CE203082DE9F84343
S3150802C78015461F46092208330C460646002193FB26
S3150802C790F2F301229A4209DB3046FFF747FF40B916
S3150802C7A00246194BD321194800F0A2FB5200013167
S3150802C7B0F0E7089B092D43614FF00103036116DD7B
S3150802C7C004F109082C44C14619F8013B01460A221C
S3150802C7D03046303BFFF78AFFA145F5D1A844A8F1B8
S3150802C7E008042D1B63199F4204DCBDE8F8830A344A
S3150802C7F00925F6E714F8013B01460A223046303B82
S3150802C800FFF774FFEEE700BFBAE103086CE203081C
S3150802C81010B50C460121FFF709FF024628B9054B58
S3150802C82040F24511044800F063FB012344610361A9
S3150802C83010BD00BFBAE103086CE203082DE9F04F08
S3150802C840D1F8109085B0D2F810A088461446D14582
S3150802C85004DB53460C46CA46904699460AEB090635
S3150802C860A3686168B342B8BF0131FFF7DFFE30B98A
S3150802C8700246454B4FF4B171444800F039FB00F1CA
S3150802C8801405002205EB86072B46BB421FD304F18B
S3150802C890140C08F114010CEB8A0301EB89020292CB
S3150802C8A01A1B1534153A22F003029C4288BF00224D
S3150802C8B00192029A03918A420CD8002E03DD57F898
S3150802C8C0043D002B5DD0066105B0BDE8F08F43F844
S3150802C8D0042BDAE7B1F800A0BAF1000F24D0E0463B
S3150802C8E0A9464FF0000E58F8042BD9F800401FFA53
S3150802C8F082FB4345A4B20AFB0B444FEA124BD9F812
S3150802C900002074444FEA124E0AFB0BE202EB144271
S3150802C910A4B24FEA124E44EA024449F8044BE2D85A
S3150802C920019AAA18C2F804E0039A0431B2F80280FE
S3150802C930B8F1000F23D02A68E646AA464FF0000B44
S3150802C9409146BEF8004092B208FB04B404EB1944BF
S3150802C95042EA04424AF8042B5EF8042BDAF80090FD
S3150802C9604FEA124B73451FFA89F208FB0B2202EBB8
S3150802C97014424FEA124BE4D8019C2C196260043522
S3150802C98097E7013E99E700BFBAE103086CE203089C
S3150802C9902DE9F843174612F0030280460D4607D0E2
S3150802C9A0013A264C002354F82220FFF79FFE05463B
S3150802C9B0BF103FD0D8F81C4094B9102000F0B6FA40
S3150802C9C00446C8F81C0030B902461D4B40F2B311A2
S3150802C9D01C4800F08DFA0023C0E901330360C360E6
S3150802C9E0A66846B940F271214046FFF711FF0023B7
S3150802C9F00646A06003602C464FF0000907F00103C3
S3150802CA007F1053B1294632464046FFF717FF2146A3
S3150802CA1005464046FFF748FE67B1306838B93246E0
S3150802CA2031464046FFF70AFF3060C0F800900646D6
S3150802CA302C46E3E72846BDE8F88300BF34F203082C
S3150802CA4055E203086CE203082DE9F84F0C4607463F
S3150802CA5015464FEA621A2369496803EB6218A36806
S3150802CA6008F101094B450BDB3846FFF7DFFD0646A1
S3150802CA7048B90246284B4FF4EF71284800F038FAB5
S3150802CA8001315B00EEE7002300F1140C00F11002FD
S3150802CA901946534534DB2AEAEA7A04F11403226971
S3150802CAA015F01F0E0CEB8A0C03EB820261462BD0A3
S3150802CAB0CEF1200A002518688B46043100FA0EF0DA
S3150802CAC02843CBF8000053F8045B9A4225FA0AF584
S3150802CAD0F1D8131B04F11501153B23F003038A420F
S3150802CAE038BF00239C44CCF8045005B9C1463846E1
S3150802CAF02146C6F81090FFF7D7FD3046BDE8F88FF5
S3150802CB00013342F8041FC4E753F8045B04319A421E
S3150802CB1041F8045CF8D8E9E7BAE103086CE20308CD
S3150802CB202DE9F74F8A46064611461446504609F03D
S3150802CB30E1FF051E12D129463046FFF777FD024668
S3150802CB4028B9434B40F23721424800F0D1F9012374
S3150802CB50C0E90435104603B0BDE8F08FBCBF5346A2
S3150802CB60A2463046B8BF0125DAF80410B4BF1C46FF
S3150802CB700025FFF75BFD024618B9354B40F2452101
S3150802CB80E2E7DAF810700AF1140904F1140E2669BC
S3150802CB90C56000F114050AF1100309EB87080EEBCC
S3150802CBA08606AB464FF0000C0193019B5EF8040B18
S3150802CBB053F804AF764501931FFA8AF3194683B2EE
S3150802CBC04FEA1040A1EB0303C0EB1A40634400EBA3
S3150802CBD023409BB24FEA204C43EA00434BF8043BFE
S3150802CBE0E3D8331B1534153B23F00303A64238BF9B
S3150802CBF00023E8184B44A5EB09051C1D04302646FC
S3150802CC00464506EB050E0ED308F103010133091B4F
S3150802CC1021F00301984538BF0021014451F8043D2B
S3150802CC20A3B1176196E756F8041BE2461FFA81FC80
S3150802CC304FEA11495144D44489B209EB2C4941EAD5
S3150802CC4009414FEA294CCEF80010D9E7013FE5E73A
S3150802CC50BAE103086CE2030882B0114B8DED000BB2
S3150802CC60019A1340A3F15073002B08DC5B42B3F11F
S3150802CC70A07F4FEA235204DA4FF40023134100221D
S3150802CC8008E0A2F114031E2BD6BF4FF00042012280
S3150802CC90DA4000231946104641EC100B02B07047E1
S3150802CCA00000F07F2DE9F041066900F1140808EB4F
S3150802CCB0860656F8042C371F104609F0CFFEC0F137
S3150802CCC020030A280B601D4916DCC0F10B0CB84577
S3150802CCD000F1150022FA0CF302FA00F043EA010504
S3150802CCE034BF56F8083C002323FA0CF303431C46C8
S3150802CCF045EC104BBDE8F081B8453ABFA6F10807E6
S3150802CD0056F8083C00230B3814D0C0F120018240A3
S3150802CD10474523FA01F403FA00F342EA040242F011
S3150802CD207F558CBF57F8042C002245F44015CA409B
S3150802CD301343DCE742EA0105D9E700BF0000F03FEA
S3150802CD402DE9F7430F460121164659EC108BFFF7DA
S3150802CD506DFC044630B90246234B40F20F31234894
S3150802CD6000F0C6F8C9F30A55C9F313030DB143F423
S3150802CD7080130193B8F1000323D06846009309F0A3
S3150802CD808CFE0099D8B1019AC0F1200302FA03F386
S3150802CD90C2400B4301926361019B002BA3610CBF46
S3150802CDA0012202222261A5B1A5F233450544C0F14A
S3150802CDB035003D603060204603B0BDE8F08361610E
S3150802CDC0EAE701A809F069FE019B203001226361A6
S3150802CDD0E8E7A0F2324004EB82033860186909F0EA
S3150802CDE03DFEC0EB4210E5E7BAE103086CE2030830
S3150802CDF0B1F90C202DE9F041160705460C4651D427
S3150802CE004B68002B02DC0B6C002B49DDE66A002E10
S3150802CE1046D0002312F480522F682B6031D0626DFF
S3150802CE20A389590705D56368D21A636B0BB1236CBC
S3150802CE30D21A0023E66A216A2846B047421CB4F988
S3150802CE400C3006D129681D2945D8284ACA40D60772
S3150802CE5041D50022D90462602269226004D5421CA7
S3150802CE6001D12B6803B96065616B2F60C1B104F10A
S3150802CE704403994202D02846DCF7E4FF00236363A1
S3150802CE800EE00123216A2846B0470246501CC7D144
S3150802CE902B68002BC4D01D2B01D0162B19D12F605D
S3150802CEA000201DE00F69002FFAD093070E680F6065
S3150802CEB00CBF4B690023A6EB07088B60B8F1000F7D
S3150802CEC0EEDD43463A46216A2846A66AB047002856
S3150802CED008DCB4F90C3043F040034FF0FF30A3816D
S3150802CEE0BDE8F0810744A8EB0008E7E70100402007
S3150802CEF01FB514461A46094B05461B68D8684CB135
S3150802CF00074B00910749CDE901342B4600F016F884
S3150802CF1009F0B6FE044B1C46F3E700BF64B30020D3
S3150802CF20EFE20308FCE203081AE40308024B01468F
S3150802CF301868DCF785BF00BF64B300200EB403B5DA
S3150802CF4003AB0146054853F8042B0068019300F029
S3150802CF5007F802B05DF804EB03B0704764B300202B
S3150802CF602DE9F04F0D469DB014469846064618B16F
S3150802CF70036A0BB9FFF7C4F86B6ED90705D4AB89F8
S3150802CF809A0502D4A86D09F015FCAB891B0701D5D1
S3150802CF902B699BB92946304600F01AFA70B16B6EB6
S3150802CFA0DC0704D54FF0FF301DB0BDE8F08FAB8922
S3150802CFB09805F7D4A86D09F0FEFBF3E70023CDF830
S3150802CFC00C804FF00109DFF8B481099320238DF80C
S3150802CFD0293030238DF82A3023469A4613F8012B36
S3150802CFE00AB1252AF9D1BAEB040B0BD05B462246C5
S3150802CFF02946304609F062FE013000F0A780099AF8
S3150802D0005A4409929AF80030002B00F09F800023B8
S3150802D0104FF0FF320AF1010A049307938DF8533051
S3150802D0201A93CDE9052354460522544814F8011BE0
S3150802D03009F049FF049AD8B9D10644BF20238DF8CE
S3150802D0405330130744BF2B238DF853309AF8003018
S3150802D0502A2B15D0079A544600204FF00A0C21466F
S3150802D06011F8013B303B092B4BD9B0B1079214E0BA
S3150802D070A0EB0803A24609FA03F313430493D2E783
S3150802D080039B191D1B68002B0391BBBF5B4242F031
S3150802D090020207930793B8BF049223782E2B0AD16C
S3150802D0A063782A2B32D1039B02341A1D1B6843EA82
S3150802D0B0E37303920593DFF8D4A00322217850463E
S3150802D0C009F001FF38B1A0EB0A004022049B0134A3
S3150802D0D082401343049314F8011B062228488DF84C
S3150802D0E0281009F0F0FE00283FD0264B1BBB039BF5
S3150802D0F0073323F0070308330393099B3B44099339
S3150802D1006AE70CFB02320C460120A8E70023013429
S3150802D1104FF00A0C19460593204610F8012B303AAF
S3150802D120092A03D9002BC6D00591C4E70CFB0121B5
S3150802D13004460123F0E703AB2A4604A930460093C6
S3150802D140114BAFF300800746781CD6D16B6ED90710
S3150802D15005D4AB899A0502D4A86D09F02CFBAB89D4
S3150802D1605B063FF51FAF09981EE703AB2A4604A9DB
S3150802D17030460093044B00F00BF8E4E72BE3030870
S3150802D18035E3030800000000BD6C030831E3030819
S3150802D1902DE9FF470F7E914680460C46782F9A4620
S3150802D1A00C9E01F1430207D8622F0AD8002F00F01D
S3150802D1B0D280582F00F0B78004F1420684F84270F4
S3150802D1C03AE0A7F16303152BF6D801A151F823F02B
S3150802D1D029D202083DD20208B9D10208B9D10208F9
S3150802D1E0B9D10208B9D102083DD20208B9D102085A
S3150802D1F0B9D10208B9D10208B9D102083DD3020849
S3150802D20067D20208F3D20208B9D10208B9D10208D4
S3150802D2105FD30208B9D1020867D20208B9D1020857
S3150802D220B9D10208FBD2020833681A1D1B6832609C
S3150802D23004F1420684F8423001239DE033682068EF
S3150802D240191D3160060601D51D6803E04506FBD5A2
S3150802D250B3F90050002D03DA2D236D4284F84330CA
S3150802D26059480A2310E021683368080653F8045B14
S3150802D27002D4490648BFADB26F2F5348336059D11D
S3150802D2800823002184F843106668002EA66005DB91
S3150802D29021682E4321F0040121604DD01646B5FBC4
S3150802D2A0F3F103FB1157C75D06F8017D2F460D46BC
S3150802D2B0BB42F4D9082B0BD12368DF0708D52369AB
S3150802D2C061689942DEBF302306F8013C06F1FF3653
S3150802D2D0921B22614B4603AA21464046CDF800A07E
S3150802D2E009F0FEFC01304CD14FF0FF3004B0BDE826
S3150802D2F0F087236843F0200323607827334823689E
S3150802D30084F845701F06316851F8045B02D45F063B
S3150802D31048BFADB23160D90744BF43F0200323604A
S3150802D3201DB11023ADE72848E9E7236823F0200357
S3150802D3302360F6E70A23A4E71646BBE7336825689F
S3150802D340181D616930602E061B6801D5196002E056
S3150802D3506806FBD51980002316462361BAE73368A7
S3150802D36000211A1D32601E686268304609F0ABFD5C
S3150802D37008B1801B606063682361002384F8433028
S3150802D380A8E72369324649464046D0470130ABD022
S3150802D39023689B0713D4E068039B9842B8BF1846D4
S3150802D3A0A4E70123324649464046D04701309BD07E
S3150802D3B00135E36803995B1AAB42F2DCEBE7002519
S3150802D3C004F11906F5E700BF3CE303084DE3030839
S3150802D3D038B5284B05460C46186818B1036A0BB9C6
S3150802D3E0FEF78EFEB4F90C301A0721D4D80607D4F4
S3150802D3F009222A6043F040034FF0FF30A38130E050
S3150802D400590712D5616B41B104F14403994202D01E
S3150802D4102846DCF717FD002363630022B4F90C30B3
S3150802D420626023F024032269226043F00803A38181
S3150802D43022693AB99A0501D5180603D5214628461E
S3150802D44009F073FDB4F90C3013F001020AD0002278
S3150802D450A26062695242A261226942B913F080004F
S3150802D460C8D138BD990758BF6269A260F4E700209F
S3150802D470F7E700BF64B30020024B0146186809F0BB
S3150802D480F8BC00BF64B3002038B50023064D044635
S3150802D490084611462B60DCF7A7FA431C02D12B6813
S3150802D4A003B1236038BD00BFE8A9002038B50023C0
S3150802D4B0064D0446084611462B60DCF78CFA431CD7
S3150802D4C002D12B6803B1236038BD00BFE8A900204A
S3150802D4D038B50023054D044608462B60DCF782FA68
S3150802D4E0431C02D12B6803B1236038BDE8A900208A
S3150802D4F0F0B587B004460E4615461F46ADF8061027
S3150802D5001BB390F83831C3B9D0E94C0194F83631D7
S3150802D5100490C0B29842ADF8141005D0204604A96A
S3150802D5208DF810300AF037F83A4B3A781B7833B14F
S3150802D5302046B4F93A1101F06FFD002024E0204696
S3150802D54094F8371101F036FDF7E7FAB9D0E94C013C
S3150802D550D4F8EC300490ADF814102046A4F84260D2
S3150802D56004AA0DF1060100F0AFF868B9204604A92D
S3150802D5700AF011F840B92046BDF906100AF001F87A
S3150802D580BDF80630A4F8443007B0F0BDB2F912303F
S3150802D590B0F942200DF10E019342A8BF134604AA20
S3150802D5A0ADF80E302B4600F08FF8BDF90E30B5F9FE
S3150802D5B012209A42A8BF1A469DF81030ADF80E20DE
S3150802D5C00D2B0FD1212384F83831B4F94430934214
S3150802D5D00DDDD4E94C0100230490ADF8141084F84B
S3150802D5E0383104E0C0B284F838010028EDD1094B7D
S3150802D5F09DF810101B78A4F8442084F8361113B14C
S3150802D600A4F83A2199E72046DCF780FE84F8370128
S3150802D61093E700BF84AC002070B5044600200D468F
S3150802D6200AF026F9094B1B784BB9D4F8FC6036B1D7
S3150802D63029462046B446BDE870401A466047294640
S3150802D6402046BDE8704009F09CBF00BFA8E1030868
S3150802D65013B56946044609F00BFD0C4B1B783BB122
S3150802D6609DF800300D2B03D0B4F94C0002B010BD62
S3150802D670204609F0E4FDFF28024605D020469DF81B
S3150802D6800010DCF745FEF1E70148EFE7A8E10308D9
S3150802D6900080FFFF0029034B08BF0023C0F8FC30B7
S3150802D6A000207047F1D4020830B4064DBDF908408F
S3150802D6B02D781DB1029430BC09F0B4BF0E2030BCDF
S3150802D6C0704700BF84AC00200D232DE9F74F0646AC
S3150802D6D00F46144600254FF00609DFF85C801370E2
S3150802D6E0EBB209FB03F3D8F80010CA1850790128DF
S3150802D6F006D923780D2B1DD0002003B0BDE8F08F84
S3150802D70031F903B01379B2F902A08DF80730002374
S3150802D71030461A460DF107010AF0D6FA40B19DF8CD
S3150802D72007302370B7F900305B4501DB5345E3DD6B
S3150802D7300135D5E72120E0E7B4B3002038B5094B17
S3150802D7405A68094B9A420AD10DF0B6FA054607F00D
S3150802D7509FFB044628460DF0AAFA204638BD002447
S3150802D760FBE700BFB8B3002075700308024BD86800
S3150802D770C0F30360704700BF000002B838B54FF027
S3150802D780FF35054C206801F08DFA2560034C2068A8
S3150802D79001F096FA256038BDC4B30020C0B3002054
S3150802D7A02DE9FF478F7881460F2F0C4603D9212092
S3150802D7B004B0BDE8F08727B901223D4B00201A7054
S3150802D7C0F6E70E784D78002E3DD1002DEFD1AE4208
S3150802D7D0E088B24638BFAA4604F020F9C30943EAEC
S3150802D7E04163C01A61EBD11104F058F9FF2880464B
S3150802D7F0DDD0A08804F08CFA2E4B354301461A88F0
S3150802D8004FF60400002D4AD1824208D12A48006EFA
S3150802D81080B290420ABF4FF6050218801A80B1F507
S3150802D820803F254B14D902224FF0080A1A66802235
S3150802D83056464908C3F880204FF6FF7301399942C4
S3150802D84028BF19460EE0082EB1D8082DAFD8BEE774
S3150802D85001224FF0080A1A6680225646C3F880202B
S3150802D8600029E9D1002302930123013FFFB2009365
S3150802D87032465346019709F5827004F055F81DB9E8
S3150802D8804FF480120D4B5A65404694F9031004F082
S3150802D89039F9A2680A4B1A600222054B8EE78242C0
S3150802D8A01EBFDFF814C0CCF860201880D8E700BF86
S3150802D8B07EAC002098B4002000C001B800D001B8A0
S3150802D8C090AA002070B505460C4601F0A1FE820713
S3150802D8D024D595F82A31A34204D81CB195F82430E8
S3150802D8E0DB061BD4D5F82461C6B1022C0ED1284614
S3150802D8F009F0D3FE50B195F829300A2B9EBF084885
S3150802D900184100F00100C0F10200C4B2182303FB5B
S3150802D91004667069BDE870400AF050B8014870BDE7
S3150802D9207EFBFFFF00FEFFFFF8B504460F461646CC
S3150802D9300DF0C2F90546A047044620B128460DF067
S3150802D940B6F92046F8BD06F081FF04220549D1F84A
S3150802D950FC3E23EA07033343C1F8FC3E024B5A64F2
S3150802D960ECE700BF003000B0002002B82DE9F04F06
S3150802D97006464FF47A70904695B058430F46BDF85E
S3150802D98078409DF87C9005F009FCD8F8005038607C
S3150802D9902146D6F8E8007D600AF0F9F84FF6FF73DB
S3150802D9A0984203D1212015B0BDE8F08F2422D6F87B
S3150802D9B0E83050439B68209A03EB000BB9F1080F35
S3150802D9C0C2F800B000F09180B9F1090F1F5800F0B3
S3150802D9D0A780B9F1070F40F0A0809BF81830012BF9
S3150802D9E0E0D143F6982A002F40F088805A4621460D
S3150802D9F03046CDF800A002AB01F016F9002F40F030
S3150802DA009280D6F8F09021462A46304602ABCDF8E7
S3150802DA10089005F0B1FA05EB8004002F53D006F101
S3150802DA20F00345F8203043F684734946A360C4F8E8
S3150802DA300490304609F023FB05AAE060072306F5A1
S3150802DA40827005F021FC43F6B07323610B9B4946AD
S3150802DA50636143F6B473A3610C9B3046E36143F6F4
S3150802DA60B87323620D9B583444F8343C43F6BC73AE
S3150802DA7044F8303C0E9B44F82C3C4FF47F5344F850
S3150802DA80283C0F9B44F8243C43F6C47344F8203CD4
S3150802DA90109B44F81C3C43F6C87344F8183C119B87
S3150802DAA044F8143C01F0CAF9204BC00244F8103C71
S3150802DAB04FF4FF2344F80C3C1D4B00F4FF2044F8B6
S3150802DAC0083C44F8040C4FF0FF3344F8043B601B4F
S3150802DAD0E02840F691524FF02F018CBF002001201A
S3150802DAE007F0E8FCC8F8004015E0204601F034FECD
S3150802DAF0074600283FF456AFDFF838A028463946CD
S3150802DB0004F02AFBB9F1080F05EB80057FF46EAF26
S3150802DB100435C8F80050002045E74FF0000A62E7CE
S3150802DB204FF0000A62E7D7F804906CE720E000A8F5
S3150802DB3020D000A878ECFFFF00F01803182B0BD0B2
S3150802DB4003070BD410F0100F40F2011308BF00238D
S3150802DB50034AC2F8883070470023F9E70123F7E73A
S3150802DB60003F00B038B10368044A002B08BF1346C9
S3150802DB70034A13607047014BFAE700BF7D7003083A
S3150802DB80C8B3002010B4D0E9564122400B4052EAED
S3150802DB90030104D003495DF8044B096808475DF898
S3150802DBA0044B7047C8B300200F2938B505460C4602
S3150802DBB00ED801F02DFD01280CD1074A2846536FCD
S3150802DBC023F00F032343536709F04FFD002038BDA6
S3150802DBD02120FCE70220FAE7003F00B008B50E4B09
S3150802DBE05A6C12F0A00F13D19B6C5B0712D40B4B25
S3150802DBF0D3F8FC3E23F07F4323F0FF0353B1FFF72C
S3150802DC00B5FD6FF4905343FA00F000F0010008BD29
S3150802DC100020FCE70120FAE7000002B8003000B055
S3150802DC2070B50D46064620B91A4B1B68EBB10E2095
S3150802DC301AE001F0EDFC012827D1174BD6F8F000BF
S3150802DC4093F9004009F066FC0022C4F12704241A5D
S3150802DC50641BC4F11C03002BB8BF5B42232B16DCE2
S3150802DC603AB10D4B1D70002070BD0122C1F1270487
S3150802DC70EFE786F827500DF01FF8054660B201F067
S3150802DC80E9F828460DF013F8EDE70220ECE7212023
S3150802DC90EAE700BF40AC002080AC002010B501F0D6
S3150802DCA055FC0D4B1B6898470DF006F80B4A0121E7
S3150802DCB0D2F8CC3E044623F02003C2F8CC3E022218
S3150802DCC0074B08469A60074B5B68984720460CF054
S3150802DCD0EEFF002010BD00BF44B40020003000B0A3
S3150802DCE0001002B8B8B3002008B509F0C8F98022B6
S3150802DCF0024BC3F88400024B1A6108BD003F00B00C
S3150802DD00000002B80A78022A11D0101F4242424184
S3150802DD1052004B781201022B0BD0191F4B424B4172
S3150802DD205B000549054842EA8312FFF7FDBD012259
S3150802DD30EFE70123F5E700BFF0FFFF0059F60208F7
S3150802DD400B78022B10D0181F434243415B004A78D6
S3150802DD50022A0BD0111F4A424A4152000F21044897
S3150802DD6043EA8202FFF7E0BD0123F0E70122F5E765
S3150802DD7085F60208D0F8B03010B5994204460ED09E
S3150802DD80C0F8B01003F0F8F80649A4F834010123E4
S3150802DD90054AD1F8FC1004F5827005F075FA0020E0
S3150802DDA010BD00BF004F00B0983F00B02DE9F74FF5
S3150802DDB004461E461546FFF711FFA38A8846002B1E
S3150802DDC040F033819B4B1B7803F0010338B333B31E
S3150802DDD0204609F06BFF78B91EB10E2003B0BDE8E4
S3150802DDE0F08F954BD3F8FC3E03F03002102AF4D09C
S3150802DDF003F0C003402BF0D0904EDFF870923368E0
S3150802DE009847D9F81430DF07E7D50CF055FF0746CF
S3150802DE10032003F05BFD20B138460CF048FF0220D0
S3150802DE20DCE7D9F8143013F0060BF5D138460CF0B6
S3150802DE303EFF814B4FF400612046D3F8FCAED3F87F
S3150802DE40D49E06F069FE58B14FF4007301217C4F47
S3150802DE505A467B64084609F033FE4FF400737B6426
S3150802DE604146204607F072FA734BC3F8FCAEC3F874
S3150802DE70D49E0028B2D194F82430980601D4002DF5
S3150802DE804ED0C5F3400005F01FFC022315F4807F2F
S3150802DE901FBF6C4A002153644FF03A420BBF684ACF
S3150802DEA091615364536306F0D1FC4FF4806315F015
S3150802DEB0040F14BF644A654A614F13650423284652
S3150802DEC07B64FFF739FE204609F0E1F938B14FF4D1
S3150802DED0807315F0010F16BF5A4A7B645364A9066C
S3150802DEE051D54FF6FF72B4F8403093420FD0584AD4
S3150802DEF05849526F100CC2F301120132B3FBF2F306
S3150802DF000880514A514954481B0448675367003DE3
S3150802DF1018BF012594F8243065F3451384F8243094
S3150802DF20204609F09FFB002843D0204609F0AFF9A6
S3150802DF30D0B14FF40031204606F0EEFD431C032211
S3150802DF409BB201A9454809F06CFC9DF804209DF88E
S3150802DF50053002F0070105291ED1120716D443F42B
S3150802DF6080733F4AC2F8DC3096F82D302BB13D4A11
S3150802DF70B36992F890103C489847002003B0BDE870
S3150802DF80F04F09F075BC01F003FBC0E713F0040F6C
S3150802DF9009D19DF80630E2E703F03002202A05D1BE
S3150802DFA013F0010FF4E74FF48073DAE79DF80630B1
S3150802DFB0D7E7204609F071FB78B3204609F067F9DE
S3150802DFC058B394F82930A3F10C02012A03D9A3F114
S3150802DFD00F02012A1BD8E38D032B1CD0204B93F882
S3150802DFE0E53003F00703072B14BF0624082421464D
S3150802DFF01A4809F01FFC431C3FF4EFAEC0B2184B97
S3150802E000062C08BF00F00F0083F8E400ACE70E2BDD
S3150802E01001D0112BE1E70924E9E7204609F070FB54
S3150802E0200028A1D001F03EFE9EE700287FF4D0AE7C
S3150802E030F5E600BF7FAC0020003000B044B40020F3
S3150802E040002002B8001002B8005001B8006001B8FA
S3150802E050004001B89AB400200000FFFF0C0000BA85
S3150802E060003E00B0003F00B0803F00B000C001B8DB
S3150802E0702DE9F3410646884615461F460CF01CFE56
S3150802E0800446032003F022FC38B120460CF00FFEAA
S3150802E0900E24204602B0BDE8F081042003F016FCE7
S3150802E0A00028F2D120460CF002FE01232A464146F8
S3150802E0B03046FFF77BFE04460028EAD1DFF8C08027
S3150802E0C06FB188F8000039463046FFF769FB50B948
S3150802E0D098F80030012B08D105F092FAD9E798F89A
S3150802E0E00030002BF4D12124D3E720221E4B012035
S3150802E0F05A641E4BD3F88430B3F5817F22BF80223F
S3150802E1001B4B1A6109F0EEFB0CF0D6FD194B0646BD
S3150802E1101B6801938BB903F059FC15F080051ED1D3
S3150802E120012003F05FFC15B9284605F053FA124B95
S3150802E13001215B68002098470DE0042003F0BAFA33
S3150802E14000230122042001A903F0D2FA0028E2D111
S3150802E15005F016FB212430460CF0A9FD99E70022AA
S3150802E160064B9A67DCE700BF001002B8003F00B012
S3150802E170000002B890AA0020B8B3002000C001B877
S3150802E1807EAC002038B505460C4641B109F06AFA5C
S3150802E19028B14FF40031284606F0BEFC0434204666
S3150802E1A003F0B6FD024B4042C3F8EC0E002038BD20
S3150802E1B0003000B0838E70B593420C4615461BD3C9
S3150802E1C0036D8B4208BF00240CF076FD0646FFF766
S3150802E1D0CDFA4FF49C53C340DA0703D5074B5B6C61
S3150802E1E09B0304D401222946204602F0C3FA30468C
S3150802E1F00CF05DFD002070BD2120FCE7000002B88E
S3150802E2002DE9F0470B460646154611B92120BDE809
S3150802E210F087002AFAD0032905D8002202F020FC4A
S3150802E22003460028F2D01C889A78B4F5804F02F08B
S3150802E230070180F0A580A1F1070C1879DF88DCF1C7
S3150802E240000343EB0C0305292B7394BF0023C2F387
S3150802E2500013C2F3801C6B73930985F810C003F090
S3150802E2600203C2F3C00C43EA0C03C2F34012AA74B7
S3150802E2706B74E874D6F8A030AF82DA066BD4063926
S3150802E280012968D80020B6F81280F76908F1FF3824
S3150802E2903C4B0A3C04EA08045B6D3B5DA860802B94
S3150802E2A01CBF323BDBB2AB7396F826300134FF2B28
S3150802E2B004EA08042ED1631D03EA080317F803903B
S3150802E2C0013303EA0803304617F803A008F095FF5E
S3150802E2D080B142F2107349EA0A2929F001094FEA84
S3150802E2E009494FEA194903FB09F96423B0FBF3F01C
S3150802E2F0B9FBF0F0A860385DD6F8F830400100F4B2
S3150802E3007E60FF2896BFC0430020C0B213B195F9BC
S3150802E3100E109847631CE87303EA0803F95C013395
S3150802E32003EA0803FA5C013303EA080341EA022115
S3150802E330FA5C013303EA0803F85C41EA0241002366
S3150802E34041EA00616A7C304605F046F806232860F1
S3150802E3500020AB715BE70023EB730B4BDB691A0AF0
S3150802E3601B0406D4D3B2323BDBB2AB7300232B6059
S3150802E370EEE762F0FF0352B28032F4D18023F4E76B
S3150802E380022044E7004000B800C000B870B506464F
S3150802E3900D4614466BB109F051F9B08AA04228BF5E
S3150802E3A0204684B222462946034802F01DF9204631
S3150802E3B070BD08F0B8FFF1E70C0000BA082310B1E7
S3150802E3C0024A53647047024AFBE700BF001002B8CC
S3150802E3D0002002B8054A12681AB190F82A1119B92A
S3150802E3E01047084604F00AB80148704788AA002070
S3150802E3F000FEFFFF384B2DE9F7431D6801F400794B
S3150802E40000F00103174653EA090206460C462FD0C6
S3150802E4104FF000080BB30023002201200021CDF89B
S3150802E4200480CDF8008005F099FF41462846FFF79B
S3150802E430D1FF012241462886104609F041FBD5F84C
S3150802E440A01095F8260004F06BF8FFF797F995F8EF
S3150802E450243043F0040385F82430B9F1000F07D0BD
S3150802E4600121284609F0EBFB24F4007406430C4309
S3150802E470324623462846FFF785FB22044FF000035F
S3150802E48008D5019300930022002300204FF400418F
S3150802E49005F064FFFB070FD51049114A08680021E9
S3150802E4A01368116001210F4A117003B198470E4B88
S3150802E4B0002102205B68984717F00E0F08D04FF428
S3150802E4C0EC723B21002003B0BDE8F04306F0F2BF30
S3150802E4D003B0BDE8F08300BF40AC00209CAA002030
S3150802E4E0A0AA002083AC0020B8B3002008B55822A1
S3150802E4F00021064808F043F91022FF21044808F0D3
S3150802E5003EF906F013FB002008BD00BF003F00B02D
S3150802E510443F00B037B5314A3149137809784FF08C
S3150802E520FF350B4381211370A0F820117A2282212C
S3150802E530C0F80C21C0E944126422C0E946226FF4ED
S3150802E5407B42C2624FF40042A0F8462007220D23FE
S3150802E550C28700F154020265FF2280F830314FF675
S3150802E560FF730446C2841F4AA0F8403043864263BA
S3150802E5700387C0F8B050458504F0EAFF2046FFF746
S3150802E580B5FF0122184B2046C3F8382294F9271002
S3150802E590FFF746FB6023154A41F6FF71D3644FF035
S3150802E5A03A4211631167124A2946D3644022114B33
S3150802E5B020465A64D4F8A02008F013FE0E2300223F
S3150802E5C00193009340F202231046194605F0C6FE4F
S3150802E5D002F02EFB002003B030BD00BF84AC002041
S3150802E5E0A8E103084000FFFF005001B8004000B848
S3150802E5F0005000B8002002B803462DE9F0410C6825
S3150802E600D1F804E0651C08BFD3F80C41B0F83421F0
S3150802E61008BF0C60BEF1FF3F08BFD3F818E18E6849
S3150802E62008BFC1F804E0771C00F5827045D1D3F81B
S3150802E6301451CF688D607E1C45D1D3F81061D1F88C
S3150802E64010C04F69BCF1FF3F08BFD3F804C1D1F827
S3150802E650188008BFC1F810C0B7F1FF3F08BFD3F84A
S3150802E6600871CE6008BF4F61B8F1FF3F08BFD3F803
S3150802E6701C81B8F1000F2CD07A32424538BF424687
S3150802E6808A6114B17A2C38BF7A241349C3F80C412B
S3150802E690C3F81061C3F81451C3F818E1C3F81C2172
S3150802E6A0C3F804C1C3F808710C4A0723D1F8FC1051
S3150802E6B004F0EAFD0020BDE8F08102F17A05B542D0
S3150802E6C038BF3546B5E702F18106BE4238BF3E4637
S3150802E6D0B5E76422D4E700BF004F00B0983F00B008
S3150802E6E038B50CF0E9FA054600F092FF012805D084
S3150802E6F028460CF0DCFA0224204638BDFFF736F825
S3150802E7000028F1D1044BDC6814F08054ECD1284679
S3150802E7100CF0CDFAF0E700BF000002B82DE9F04F81
S3150802E72089B007460E4600F073FF01282DD1002551
S3150802E730C7F82451D6F80090182349463846B279C4
S3150802E74008F0B6FCA846AA4609F10C030690C9F8D1
S3150802E750083009F11C0499F80110414560D34FEAC3
S3150802E76008130593B36803EB08139A78D3F804B031
S3150802E77002F07F0244F80CBC092A11D8DFE802F03D
S3150802E7801C1414141C691C0E0E0E4FF40061384634
S3150802E79006F0C2F90028CAD0022002E059450BD277
S3150802E7A0212009B0BDE8F08FBBF1006FF8D25846B8
S3150802E7B003F0AEFA44F80C0CB1684FEA0813194490
S3150802E7C04FF400438A7844F8083C002302F07F029B
S3150802E7D004F8102C04F80F3C04F80E3C04F80D3C1F
S3150802E7E091F90E30487B1B0603F13243034344F882
S3150802E7F0043CB07900286AD118244FF47A7004FBD5
S3150802E800089443F40003A3618B68584304F0C6FCDA
S3150802E810069BE0611A1D06924FF0FF3223621A60C8
S3150802E820B388306841F6E23200EB8300069B30215A
S3150802E83083428CBF0020012006F03CFE96E80700C2
S3150802E84007F5927383E80700384600F07FFE00203A
S3150802E850A7E7BBF1005FA3D31BF0030FA0D1DBF838
S3150802E8601020DBF8080072BB694AC11E914297D88C
S3150802E870DBF80C20B2F1006F92D8DBF80420B2F173
S3150802E880006F8DD882428BD3DBF800108A4287D874
S3150802E89003F03EFACBF80800DBF80C0003F038FA6E
S3150802E8A0CBF80C00DBF8040003F032FACBF80400CC
S3150802E8B0DBF8000003F02CFADBF80820CBF800009E
S3150802E8C0CBF8102078E782423FF476AF68E7082A49
S3150802E8D06AD0092A00F08180072A70D1BAF1000F9E
S3150802E8E013D13846059208F0D8FE059A054600283F
S3150802E8F000F0828097F829300C3B052B62D954F830
S3150802E900043C43F4000344F8043C01254FF0010A91
S3150802E910B1684FEA08104FEA0813CB18095A07A834
S3150802E9209B68CDE9001202902146384606AAFFF7EF
S3150802E9301DF800287FF434AF01F0ECFD0799069A1A
S3150802E940D1F814E0131FDEF80010069311F1030F35
S3150802E95013D800F1FF3C5FFA8CFCBCF1FD0F0CD911
S3150802E9602C4B116042F8043C131D069328B92A4B16
S3150802E9709160536002F10C030693DEF80410CA1C78
S3150802E98009D801283DD0FF2805D11A46224842F85F
S3150802E990080B596013461A1D06924FF0FF3208F10A
S3150802E9A001081A601834D6E6002D3FF4F9AE18238A
S3150802E9B0496803FB019383F80E8044F80C1CBAF1EC
S3150802E9C0000FA5D199F80130434517D154F8043CF4
S3150802E9D043F4000344F8043C98E718234968B8F15D
S3150802E9E0020F03FB019308BF012283F80F8044F844
S3150802E9F00C1C002DE3D1D3E60125E3E74FF0000A0C
S3150802EA0086E71A46034842F8080B59601346BCE7DC
S3150802EA10FCFFFF07784201A87C4201A8F0B5D0F8AE
S3150802EA20246105460C4689B03EB3B0F8287104AB9A
S3150802EA3018461022002107F0A2FE227861688DF896
S3150802EA401220120654BF0022627B05918DF81D2002
S3150802EA50A27BA1688DF81E2000220691217B0390D5
S3150802EA608DF81C10284601A90196ADF808708DF894
S3150802EA700A20FFF753FE09B0F0BD2627004ED6E757
S3150802EA80F0A90020D0F8243170B504460D46164682
S3150802EA900BB9022070BD00F0BBFD0128F9D165B1A2
S3150802EAA04FF48071204606F037F820B194F82A31DF
S3150802EAB0002BEED105460F4B00E02B4694F8242096
S3150802EAC065F3041284F824200B4A136066B1D4F85D
S3150802EAD024315A781A7000225A8003F10C029A607D
S3150802EAE04FF44012054B5A64204600F02FFD0020D1
S3150802EAF0D0E700BFC5D8020888AA0020002002B8BD
S3150802EB004FF40022034B586C03F500535A64C0F3C2
S3150802EB10C0407047000002B8024B586900F0010075
S3150802EB20704700BF00C001B808B50B4B5A69D20737
S3150802EB3004D518B9BDE8084002F098BD5B69DB0741
S3150802EB4008D438B102F084FD0323044A1364A2F5FB
S3150802EB508052536408BD00BF00C001B800A0095026
S3150802EB604FF0806310B1024A53617047014AFBE7CE
S3150802EB70001002B8002002B8202350B1064AC2F893
S3150802EB80F433064B196C11F0010104D1032004F089
S3150802EB90D3BA034AF3E77047001002B800C002B8B6
S3150802EBA0002002B8034BD86900F44010B0FA80F08E
S3150802EBB0400970470080E00F38B5154A154B0446E0
S3150802EBC01A60418641B90722134BDA600522A3F57A
S3150802EBD08053DA60084638BD4FF6FF7399420F4DE7
S3150802EBE00AD10F4908F0ABFE0E49E860204608F044
S3150802EBF0A6FE81B22962EDE7B1F5805F4FF0070202
S3150802EC0028BF4FF48051044BDA604B1E2B62E1E7B2
S3150802EC10B9EB020898AA0020006000B8004000B8C4
S3150802EC200C4000B8204000B8F8B507460D461E4607
S3150802EC3014461AB113680BB15B6843BB0CF03CF877
S3150802EC40D7F8F03013B11A68032A1DD8144BDB6BB8
S3150802EC50C3F3C20213F0380F03F0070718BF57436E
S3150802EC6013F4E07FC3F3821217D10CF020F8B772BF
S3150802EC70A3890698E91A6368A26889B2034402FB63
S3150802EC80013331817360F8BD9F6A7F0EEDE71A681A
S3150802EC90032AD3D99F6A7F0EE9E702FB07F7E4E75F
S3150802ECA0008001B8431C07D06FF0FF02034B1040E7
S3150802ECB05A62A3F580535862704700BF00E000B855
S3150802ECC0431C06D06FF07E42024BDA63A3F58053EB
S3150802ECD0D863704700E000B8024B586F00F00F0087
S3150802ECE0704700BF003F00B0014B986F704700BFE6
S3150802ECF0003F00B0014B002099677047003F00B003
S3150802ED0003282DE9F74F0C4691467DD83F4B1E5CEA
S3150802ED103F4B13F800A03F4B13F800B00BF0CCFFA3
S3150802ED20804605F05DFD074640B1002300220193A7
S3150802ED30009301200023002105F010FB05F058FD81
S3150802ED4048B10023002201930093002000234FF4C8
S3150802ED50004105F003FB002E4ED02F4BDD6C05F06B
S3150802ED60080506EB0A002D4B23305844DD64C0B271
S3150802ED7002F0E8FB5146304605F080FD5A465146F8
S3150802ED80304605F0E7FD264BDD649FB14FF0FF35AF
S3150802ED90244B1B68D3F8A01093F8260003F0C0FB97
S3150802EDA021490868FFF77EFF0D6020490868FFF7CA
S3150802EDB087FF0D60B9F1000F04D01D4B0021032017
S3150802EDC05B689847D4B14FF480621A4B1D6F03F5FE
S3150802EDD00053C5F380251A6740460BF068FF00F01A
S3150802EDE017FC01280CD11DB14FF48062124B1A6729
S3150802EDF0002003B0BDE8F08F3546B2E72546EBE7BB
S3150802EE00002CECD10520F4E72120F2E754F303089D
S3150802EE1050F303084CF30308004000B8006000B83A
S3150802EE20005000B840AC0020C4B30020C0B3002094
S3150802EE30B8B3002000C001B800D001B8044B90F95D
S3150802EE40270093F90030C3F12703181A704700BF49
S3150802EE5080AC0020034A136A60F3D22313620020AF
S3150802EE60704700BF00C000B80B4A136D13F40013B5
S3150802EE700FD1D2F84001C0070BD4D2F83803C00725
S3150802EE8007D4D2F8800000F47060003818BF012059
S3150802EE90704741EA53507047004001B8F8B5144626
S3150802EEA00D4601F00B0323EA0201364A2340D164D8
S3150802EEB0A2F58052D3646A07064610D50121FFF7E8
S3150802EEC0D3FF60B105F0C2FC4FF4007314F0040FCF
S3150802EED014BF2D4A2D4A136504222D4B5A64EB069C
S3150802EEE006D514F0100F14BF00221B22294B5A65AF
S3150802EEF02F0618D5200611D54FF40012224BDA64D4
S3150802EF000BF0DAFE0E210746032003F057FA40F209
S3150802EF100122204B3846DA620BF0C9FE214696F8E2
S3150802EF20260003F0FDFAE90503D5E20523D503F029
S3150802EF30C7FAAB0503D5A70520D503F0CDFA15F018
S3150802EF40600F04D03046D6F8F010FEF7CDFE28053D
S3150802EF500FD505F07BFC104A2105D2F8FC3E4CBFC2
S3150802EF6043F0006323F00063C2F8FC3E0422084B18
S3150802EF705A640020F8BD03F09DFADAE703F0A6FA10
S3150802EF80DDE700BF006000B8005001B8006001B8B4
S3150802EF90002002B8004000B8003000B0D0F8EC00FB
S3150802EFA028B14068024B98428CBF00200120704766
S3150802EFB000CA9A3B70B5054690F830010C460D28F2
S3150802EFC022D0FF2901D1212070BD1AB14FF0FF329C
S3150802EFD00F4B1A6008F06DFC064695F8300101F0F1
S3150802EFE049FE844228BF0446E4B2B44238BF3446D6
S3150802EFF0E0B285F82B0002F0EBF8064A03461078D1
S3150802F00020B9FF2BE0D1DEE70220DDE70020DBE7AF
S3150802F01028B40020A8E10308F0B5254B05461B785D
S3150802F0200C46164685B093B3D0F8EC40002C3DD07A
S3150802F0304FF0FF330022CDE90232FFF7AFFF02AAF3
S3150802F0400746B4F91230009202462846DBF702F95F
S3150802F050D8B902994B1C18D0C1F38131384608F049
S3150802F0605BFA0146284608F06AFA70B9BDF90C300F
S3150802F070029902460093C1F30D0103462846FEF79C
S3150802F08013FB3146284608F01DFC05B0F0BD02A95F
S3150802F09007F0EEFF22469DF808102846DBF736F9F8
S3150802F0A0324601462846FFF785FFEEE72046ECE79B
S3150802F0B0A8E10308F8B50D4690F8301104460D2963
S3150802F0C0174603D12E4B1B78002B50D02A462046D2
S3150802F0D0A4F84650DBF71AF9D4F8EC3084F82A007B
S3150802F0E0002B40D0274A1678D4F8FC204EB1002AC5
S3150802F0F03FD1B4F94600B3F91210884206DC00265D
S3150802F10007E0B2BB94F83921824202D20126B3F94A
S3150802F110125000222946204684F82D70FFF77CFFFC
S3150802F12000BB76B1C4F8EC00204608F02EFD4FF677
S3150802F130FF739842014614D02046BDE8F84006F00F
S3150802F14005B9114B1B78052B0BD1204601F014FF8C
S3150802F1500E4901230E4AD1F8FC1004F5827004F018
S3150802F16093F80020F8BDFF2384F82B30F9E7022034
S3150802F170F8E7B4F94210B3F912209142BEE700BF8C
S3150802F180A8E1030884AC0020DEB40020004F00B0DA
S3150802F190983F00B0F0B5D0F8A83095B0012B03D14E
S3150802F1A00025284615B0F0BD0446764908F0C7FB87
S3150802F1B0D4F8EC600146E58DC4F8F0002EB1336848
S3150802F1C01BB15B68002B40F0A4800BF075FDD4F8E8
S3150802F1D0F03013B11A68032A69D86B4BDB6BC3F399
S3150802F1E0C20213F0380F03F0070718BF574313F488
S3150802F1F0E07FC3F3821240F093800BF058FDD4F8F7
S3150802F200F010B3898DF80E70B0687268EB1A9BB26B
S3150802F21000FB03225D48ADF80C30036802928B426C
S3150802F22002D02046FEF760FD594D5A4E00F0F0F91D
S3150802F2300128FBD12B6CDA07F8D4736CDB01F5D401
S3150802F24094F82530DF070CD5D6F87821524BC6F844
S3150802F250EC23D3F8F830D6F8A0209D06C6F8F0239A
S3150802F26061D494F82520D4F8F01022F0010284F82B
S3150802F2702520204612919DF80E20029908AB03F02C
S3150802F280B5FB80B900F0C4F90128FBD1414A4049CF
S3150802F290536CD801FCD40B6CDB07F9D408A901A876
S3150802F2A003F0E6FD30B10225284615B0F0BD9F6A87
S3150802F2B07F0EA2E7E28D344B5A6401F0E5FC05465F
S3150802F2C000287FF46EAF94F8243060F3410384F883
S3150802F2D0243001F01FF9D4F8EC30411E5B69C9B23B
S3150802F2E01E685B68FD290246049605931FD9F71C1A
S3150802F2F024D9FF2830D001367FF452AFD4F85C31D6
S3150802F3009B0523D494F8243043F0020384F824306E
S3150802F31046E71A68032A7FF658AF9F6A7F0E70E798
S3150802F32002FB07F769E7204601F026FE99E701285E
S3150802F33008D0204604A908F012FA31E7FF2816D0A9
S3150802F3400022F6E7D91CF4D90133D5E720464FF453
S3150802F350803108F074FC23E7DD1C05D8012220461B
S3150802F36004A908F0FCF9C6E70133C4D1C6E7D81CDC
S3150802F370DFD90133E4D12A46204604A908F0EFF979
S3150802F380BCE700BFFC4F00B0008001B88CAA002081
S3150802F39000C002B8000002B8004F00B010B504233E
S3150802F3A04FF03A4101240A4AD1F81801C2F8183135
S3150802F3B0C2F814314C634FF400511163410742BF3E
S3150802F3C0C2F81431A2F58052C2F8183110BD00BF36
S3150802F3D0002000BA70B54FF03A434FF480640A4DE4
S3150802F3E0D3F818610020C5F81841C5F8144105F08C
S3150802F3F089FA4FF400532B67730542BF034BC5F8CE
S3150802F4001441C3F8184170BD002000BA001000BAB2
S3150802F410F8B504460D4619B990F8243059064FD462
S3150802F4203E4B3F4A5B6A618EC3F3032313704FF662
S3150802F430FF739942D4F8F07004D03A4B1B680BB1AB
S3150802F44020469847384E3368BB425ED0374B1B6816
S3150802F4503BB11FB13A68002A59D0BF6839462046DF
S3150802F46098470727204601F087FD002D43D006203E
S3150802F4702F4B94F9272093F900302849C3F1270323
S3150802F4809B1A0A6A63F3D2220A622A4BD4F8F0203C
S3150802F4903260986701F044FF0122274B20461A7012
S3150802F4A008F0E3F8254B5B6C5A0203D4D4F8A03073
S3150802F4B01B0603D54FF40012214BDA640020F8BD6F
S3150802F4C04FF6FF7C65F38613144A80F82430536A94
S3150802F4D0154E1349C3F30323D0F8F0700B70336843
S3150802F4E0A0F832C0BB4214D0104B1B68002BB0D117
S3150802F4F001F042FD072713493B46134AD1F8FC108F
S3150802F50004F5827003F0C0FEB1E70127AAE71746A1
S3150802F510A4E701F031FD0127EDE700BF00C000B8FE
S3150802F52082AC002098AA00208CAA002094AA002067
S3150802F53080AC0020006000B881AC0020000002B850
S3150802F540005001B8004F00B0983F00B010B504460D
S3150802F550D0F824210B4B4FF40061C3F8D02090F861
S3150802F5602420D20102F4006205F0C2FA94F824308B
S3150802F57013F0100F4FF4007314BF034A034A53647F
S3150802F58010BD00BF003E00B0001002B8002002B84D
S3150802F59038B50BF091FB4FF6FF710A4A13888B4276
S3150802F5A003D10BF084FB0E2038BD074C074D1B0414
S3150802F5B06567A4F58054636711800BF078FB002019
S3150802F5C0F2E700BF9AB40020006001B80000FFFF0E
S3150802F5D008B50C4BD3F84C21531C11D012F08042BB
S3150802F5E00ED1094B1B681BB111460320FFF788FB96
S3150802F5F04FF08062054B1A6501225A6102229A620D
S3150802F60008BD00BF0080E00F40AC0020001002B821
S3150802F6100F4BDB68C3F30363013B0B2B0FD8DFE801
S3150802F62003F006060C06060606080A08080802205B
S3150802F6307047042070470520704703207047054B22
S3150802F6405B6913F0060F14BF04200120704700BF40
S3150802F650000002B800C001B8094AD368C3F30363BD
S3150802F6600B2B08D06FF49050184100F0010080F07F
S3150802F670010040007047506C10F48030EDD170479D
S3150802F680000002B80C4AD368C3F30363062B07D8F3
S3150802F690042BD8B20BD8C31E5842584140007047B3
S3150802F6A0072B06D1D2F868010028ECD17047022050
S3150802F6B070470020704700BF000002B8084BDA689E
S3150802F6C0C2F30362931E012B8CBF0023012303702E
S3150802F6D040F62203D34003F001030B70704700BFC4
S3150802F6E0000002B8242300225843054943185A60E9
S3150802F6F00A501A764FF6FF72DA811A61704700BF0E
S3150802F700C8AA002010B50A460446A1B10E4A0F49F6
S3150802F7100F4802F015FC4FF054320E4BC3F8D820AE
S3150802F720552283F8DE20FF22A3F8DC20802283F804
S3150802F730E3204FF4015220464FF4015105F0D8F95F
S3150802F74005F0F4F9002010BDBCF60308C4F6030858
S3150802F7508CF60308003E00B024235843044B1B686A
S3150802F7609B681A18127E022A0CBF18580020704786
S3150802F770C4E0030807B50D4AA2F8DC1090F8293050
S3150802F7800C3B052B4FF000030DD901938DF804109D
S3150802F790D2F8D83069461BBA05220093FEF70AFD4D
S3150802F7A003B05DF804FB1846FAE700BF003E00B056
S3150802F7B01FB50F4BC3F8D81083F8DE2090F829201E
S3150802F7C009BA0C3A052A89BF00220422B3F8DC30AA
S3150802F7D0CDE90212019185BF052202A90DEB0201AC
S3150802F7E08DF80C30FEF7E6FC05B05DF804FB00BFA9
S3150802F7F0003E00B02DE9F04F704B87B01B6880467B
S3150802F8000F460492019323B90E24204607B0BDE899
S3150802F810F08F019B00241A68694B097F1A6004223B
S3150802F820DA60019ADFF8C4915269122928BF214683
S3150802F8305A615C60C3F808901C61FFF75BFA3B7F6C
S3150802F840604A88F8293047F6FF73138007F11703D1
S3150802F85002936FF01F034E46A246A346DB1B05938F
S3150802F860029B5FFA8AF013F8015F042D029304D013
S3150802F87057F82A30039301334BD1FFF733FF243469
S3150802F880902C0AF1010A06F12406E9D14E4B83F8B7
S3150802F890E5B03A7F83F8DF207B7F9B0715D54B4B74
S3150802F8A01B68002BB0D09B68D9F800201B689A42C7
S3150802F8B00CBF474B474B1B68002BA5D09B681A68A1
S3150802F8C05B69C9F80020C9F81430049B40463C49D4
S3150802F8D0002B6FD008F029F93B4B404693F8DE20FF
S3150802F8E0D3F8D810B3F8DC50FFF762FF044620B904
S3150802F8F029464046FFF73EFF04467A7F4FF4002129
S3150802F90012F0010218BF4FF40022404605F0F0F843
S3150802F9107BE7049B7BB1022D09D0032D09D0012D6B
S3150802F92002D12D4B1B687BB9FFF7DCFE1CE02B4B83
S3150802F930F8E72B4BF6E7032DF6D8DFE805F00204C5
S3150802F9402E30284BEEE7019BB6469B6803EB040C68
S3150802F950BCE80F00AEE80F00BCE80F00AEE80F00E7
S3150802F960DCF80030CEF80030336863B1039B029AA4
S3150802F97014497360059B33F91230B1F9002073827A
S3150802F9809A42C8BF0B80022D0BD1012303FA0AF350
S3150802F9904BEA03035FFA83FB71E70C4BC2E7124B90
S3150802F9A0C0E7012D02BF05FA0AF54BEA05155FFA0B
S3150802F9B085FB64E708F0C4F88EE700BFE0E00308B9
S3150802F9C0B0AA00209CB40020003E00B018E103084B
S3150802F9D034E103086CE10308FCE0030850E103087C
S3150802F9E0A4E10308A8E0030888E10308C8AA0020DE
S3150802F9F00E4890F8E23003F00702072A08BFFF22F2
S3150802FA000A70B0F8E0204A8090F8E8200A711A06CF
S3150802FA104CBFFF23DB088B71044B93F8E330802B32
S3150802FA201CBF323BDBB24B71704700BF003E00B0D1
S3150802FA30F0B54B4B85B0196040F2011303A9054690
S3150802FA40ADF80C30FEF77CF9044600286AD195F821
S3150802FA502930444F444A0A2B3A6003D0072B1CBF6D
S3150802FA6010323A60414A4E2152F8234040F2792236
S3150802FA70207FC31A5842584105F01CFD214601222F
S3150802FA802846FFF7B7FE044600284BD195F82930D9
S3150802FA90112B4AD8364EDE4016F0010645D04FF4F1
S3150802FAA080120023019000901946104604F056FC75
S3150802FAB0D5F82441002C51D095F829302D480E2B23
S3150802FAC001D0112B13D100231A4619462A4F8371E6
S3150802FAD057F804CB0131BCF1FF3F18BF0132C9B256
S3150802FAE01CBF3346D2B20429F2D103B18271B5F8EA
S3150802FAF02831046083801F492846FEF70FFE044614
S3150802FB0080B9012228461146FEF7BCFF10221B4B7C
S3150802FB10214628465A6408F05DF8044610B1184B87
S3150802FB20184A5A64204605B0F0BD28463968FEF7D9
S3150802FB3075FF04460028F5D10122102611462846EB
S3150802FB40FEF7A0FF0D4B012128465E6408F042F835
S3150802FB5004460028E6D00A4B5E64E3E70224E1E79E
S3150802FB60ACAA0020A8AA0020D8B3002058F303089C
S3150802FB7080440200CCB3002000F40308001002B847
S3150802FB80002002B8100000402DE9F04106460D4655
S3150802FB9011B92120BDE8F081112A4FF0010106D8DA
S3150802FBA03F4801FA02F3034234D1DB0776D4002335
S3150802FBB04FF0060E9C460E2ADCB201D0112A2BD132
S3150802FBC0012B35D8A2F10C07FFB2A879A042E0D9D9
S3150802FBD0D5F808801C0108EB031028F80430C0F891
S3150802FBE008C080F80CC080F802E0C0F804C019B159
S3150802FBF0012B4AD107248470012F4DD90F2A4BD0E5
S3150802FC00A2F110077C427C4164000133042B447341
S3150802FC10D1D10CE00021CAE7A2F10C07FFB2012FED
S3150802FC20D3D9A2F10F000128CFD9032BCDD11C4677
S3150802FC3009B3304607F02BFBE8B1AA79631CDBB29D
S3150802FC409A42A6D90122A968270101EB041042604B
S3150802FC50CA530022092782600273877002204FEA7C
S3150802FC60031C044401EB03135860E4B221F80C00A8
S3150802FC709A601A739F7040F21A43AC71294630464D
S3150802FC80AB80BDE8F041FEF749BD022B01BF08244F
S3150802FC90847001244460AFE70224B6E7022079E7BC
S3150802FCA0804402000121164B1648D3F8D82010B515
S3150802FCB083F8E5104264D3F8E04022440264002245
S3150802FCC083F8E420104B4FF440601A6003F5805322
S3150802FCD01964032302220D49C1F88C300C4BC3F870
S3150802FCE08C200C4A50654FF48060A2F5805250650C
S3150802FCF04FF40042C1F8B420C3F8B82010BD00BFC3
S3150802FD00003E00B0004000B800C002B8006000B86B
S3150802FD10005000B8006001B8D0F8F03013B11A6884
S3150802FD20032A10D8094BDB6BC3F3C20213F0380F50
S3150802FD3003F0070018BF504313F4E07FC3F382129F
S3150802FD4003D050437047986A400E7047008001B846
S3150802FD50FF28074B09BF0A6851F82020C3F8782202
S3150802FD604A6818BFC3F87822C3F87C22704700BFD6
S3150802FD70004001B8FF220B4B10B59A600AF09CFFAF
S3150802FD800E210446032002F019FB40F20122064B1B
S3150802FD902046DA620AF08BFF044AD36813F0706FC2
S3150802FDA0FBD110BD002002B8004000B8000002B81E
S3150802FDB003460846082110B5094CC4F87032094BA7
S3150802FDC0C3F8E81042B9C4F8782207F09FFCD4F8C1
S3150802FDD0740240F0802010BD0023C4F87C32F4E798
S3150802FDE0004001B8002002B84FF400120A4B10B5C1
S3150802FDF00A4CDA64E36813F0706FFBD1084B186893
S3150802FE0000F0E4FC0822074B9A60E36803F070638B
S3150802FE10B3F1007FF9D110BD005001B8000002B855
S3150802FE2040AC0020001002B82DE9F041DFF8F0805E
S3150802FE30FFF7A0FFD8F8006040F2A312708F0121E5
S3150802FE403F2894BF00200120B46905F033FB708A6D
S3150802FE50F5693F282D4E40F2A71294BF00200120D3
S3150802FE60012105F027FB336A294F2360736C63600F
S3150802FE70736DA360FB6CE3603B6F236102F074FD54
S3150802FE806061D8F80000FFF747FF224BA0619B6A22
S3150802FE90DFF89080E361D8F8CC3E236200F03AFBA3
S3150802FEA06062D7F83C31A362D7F81C31E3621A4B79
S3150802FEB0D3F8D8202263D3F8E0206263D3F8DC2093
S3150802FEC0A263D3F85021E263B26A2A60F26A6A60D0
S3150802FED0726FAA60D6F8A820EA60D3F808212A61C8
S3150802FEE0D3F814216A614FF40072D3F8E830AB6193
S3150802FEF0D6F8CC30EB61094B5A64D8F8CC3E23F4D9
S3150802FF000063C8F8CC3EBDE8F08100BF00C000B867
S3150802FF10004001B8004000B8000002B8002002B84C
S3150802FF2040AC0020003000B007B578B10378132B37
S3150802FF300CD901300190142201990C4806F046FCAE
S3150802FF4000200B4B187003B05DF804FB40F229221F
S3150802FF50064B1A6041F231125A60064A9A6002F159
S3150802FF60FF226432DA60044A1A61E9E758AB0020D4
S3150802FF7085AC0020000100022F00000730B5114CA5
S3150802FF80114D41EA8221C4F8D850039D4FF4FC3240
S3150802FF9043EA85530D4D41EAC0111D430C4BC3F884
S3150802FFA0D8500425C4F8D85041F6FF75C4F8E05075
S3150802FFB0C3F8E010C4F8DC20049AD202C3F8DC20A5
S3150802FFC030BD00BF002002B8032BC03078D40F031F
S3150802FFD0001002B84FF4FF62074BC3F8142130B978
S3150802FFE0490141F00801054BC3F81411704709028B
S3150802FFF041F01001F7E700BF002002B8001002B86E
S3150803000060232DE9F047274D274CC5F850310223C5
S315080300104FF48036A3620123244FE36280467E644D
S31508030020142007F073FB224B6664D3F8506143F63A
S31508030030FF7363677B673F234FF0F072C4F8A830FA
S315080300401C4BDFF874A0C3F808214FF0A073C5F85A
S315080300500831002506F470064FF4803929464046D0
S31508030060FFF7B8FF142007F051FB0520C7F84490A3
S3150803007007F04CFB0F20C4F8449007F047FBDAF867
S3150803008008309B0502D50135082DE5D14FF47002DA
S31508030090084BC3F85021A3F58053C3F85061BDE854
S315080300A0F08700BF001002B800E000B800D000B81F
S315080300B0000002B8002002B800C000B82DE9F743D3
S315080300C000250746324E02F04FFC324A36F82530F1
S315080300D05343834202D201350F2DF7D108F06EFF41
S315080300E006EB85039C78DB78814644434FEA85080B
S315080300F013B1B4FBF3F4640802F03CFC264BA4EBFF
S3150803010040041868FFF708FE4A4604FB00F1012A73
S3150803011038BF01220023C804490B06F009F81F4B10
S3150803012046445863282007F0F1FAFFF75DFE4FF4BB
S3150803013080111B4B1B4A1C48C3F83C211B4A0F2D35
S31508030140C2F83C111A49C3F81C114FF04061C2F8B2
S315080301501C11184A1A670268A3F520435A644FF01C
S31508030160010203F50053C3F8CC200CBF0323837C99
S31508030170C47CF278B178CDE90034437CC07BFFF7C1
S31508030180FDFE384603B0BDE8F043FFF739BF00BFAD
S315080301909EB4002040420F0040AC0020008001B806
S315080301A0006001B8FFFF0F0058AB0020005001B8EC
S315080301B000F0FF07F8FF0100022870B504460E4653
S315080301C0154613D0042848D1FFF7D4FDFFF70CFED4
S315080301D0244B15F0010F5D6403F5005339D14FF035
S315080301E0C0621A62204B214A1A6704E0FFF7C2FD70
S315080301F03046FFF763FF4FF080221B4B022CC3F8F0
S315080302007822C3F87C222AD14FF470224FF4004592
S3150803021003F52043D3F8504103F50053C3F850219F
S31508030220A3F5A83305205D6407F070FA104B052083
S315080302305D6407F06BFA0B4B04F47024986803F5B6
S31508030240A833C0F3002080F001004000C3F85041F2
S3150803025070BD0122C3F8CC20C1E72120F8E70020AE
S31508030260F6E700BF00C000B8006001B8FFFF010051
S3150803027000E000B8034608B90C4BDB7A022B07D01B
S31508030280032B09D0012B0ED1084A107A38B97047C7
S31508030290064A507A18B97047044A907A20B1044A34
S315080302A00120137070470020704700BF58AB002029
S315080302B085AC002008B503490878FFF7DBFF087803
S315080302C008BD00BF85AC00202DE9FF412F4B304DFB
S315080302D0D3F800802F4FD8E90646FFF74BFD23686E
S315080302E001212B6263686B64A3686B65E368FB642F
S315080302F023693B67226A284BC3F8CC2E94F824005B
S3150803030000F0DCF80021636903910293E36901A80D
S31508030310ADF80C30A36901918DF80E3002F0A8FDF3
S31508030320A36A4046C7F83C31E36AC7F81C31226B17
S315080303301A4BC3F8D820626BC3F8E020A26BC3F844
S31508030340DC20E26BC3F850213268AA627268EA625B
S31508030350B2686A67F268C5F8A8203269C3F8082143
S315080303607269C3F81421B269C3F8E820F369C5F8BA
S31508030370CC3000F02BFA0122094B9A64402203F58C
S31508030380E0335A6104B0BDE8F08100BF40AC0020F9
S3150803039000C000B8004001B8003000B0000002B841
S315080303A0006000B838B504460D46FFF73DFD631EE9
S315080303B0DBB2FD2B1BD90121002000F07FF80022B8
S315080303C002201146FFF7F8FE024650B94FF47A7039
S315080303D0194B998941435868FFF7EAFC2860FF2CB3
S315080303E006E0164BD3F8480240F08020F6E7012CC6
S315080303F013D10121084600F061F8002201210220E9
S31508030400FFF7DAFE88B94FF47A700B4B0122998904
S3150803041041435868FFF7CCFC686029462046FFF736
S3150803042097FCBDE83840FFF74FBF044BD3F84C326F
S3150803043043F080236B60F0E758AB00200080E00FA1
S31508030440F0B506461C4B85B00F4614460FCB6D46D2
S315080304508DE80F00AEB94FF0FF331A463FB1611E60
S31508030460C9B2FD2924D93A60FF2C00D17B60CDE9B6
S31508030470002329462246304607F071F9002005B0C5
S31508030480F0BDD6F8F030002BE5D01A68062AE2D973
S31508030490D868FFF749FDFFF70DFFFF280AD00228A2
S315080304A0D9D169462046FFF77DFFDDE90023D5E765
S315080304B0012CDAE72120E2E7E0F50308114BFF28D0
S315080304C018704FF0180214BFC34310230E4918BF00
S315080304D0DB00C1F8FC230D4A18BF03F008030C48D8
S315080304E0C2F8FC3353B9D0F8783240F2FF30C3F37D
S315080304F00903C1F80C01C2F80C317047D0F87432FD
S31508030500F3E700BF86AC0020002002B8001002B84B
S315080305100080E00F014B1878704700BF86AC0020B7
S315080305204FF03A43D3F81421D2031ED54FF4803241
S315080305300E49C1F81421A1F58051C1F818215A6D45
S31508030540D1B2C2F30722C3F8A410C3F8A420042225
S31508030550C3F8A4200022C3F8A420C3F8A420C3F830
S31508030560A420C3F8A420C3F8A4207047002000BA27
S31508030570F0220D4B016D9A64A022A3F580539A6469
S31508030580838E4FF03A42B3FA83F30120C3F119037A
S31508030590DBB2C2F8F400C2F8CC304FF40053C2F809
S315080305A0D010C2F8F0307047006000B8F8B50D46B1
S315080305B04FF03A44174606460AF07EFB0123042108
S315080305C0074A6363E76026616561C2F81411054A41
S315080305D0C2F884310AF06BFB0DB102236363F8BDDD
S315080305E0002000BA00E100E02DE9F843054601249E
S315080305F0036803F00703063304FA03F0AB68EC68F1
S31508030600461EA34278D06C6803EA060707EB040C78
S31508030610C41B13440643A24206EA0306634637D9B4
S31508030620101A3A189CB3631E062B40F2978041EAC8
S315080306300C039F0740F092804B1CACEB0303022B81
S3150803064040F28C800B4624F003084FEA940901EB29
S315080306500807ACEB010E186843F80E0004339F42F3
S31508030660F9D144450CEB0800A4EB080354D097F8DA
S3150803067000E0012B0CF829E04ED00C44214697F8EC
S3150803068001C0022B80F801C01CBFBB7883706B685E
S315080306904AB3501E062801F1010040D91C1A022C40
S315080306A03DD941EA0304A40739D122F00307A1F18E
S315080306B0040C4FEA920ED8195CF8044F43F8044B1E
S315080306C08342F9D1BA42A2EB070001EB07040AD029
S315080306D011F82E2001281A7005D0627802285A705C
S315080306E001D0A2789A700AF0E7FA0223AE60AB62E9
S315080306F0BDE8F8430AF0DBBA042A1BD90B78043A97
S31508030700AB614B780431AB6111F8023CAB6111F86C
S31508030710013CAB61AB6876E70C442146B7E7114465
S31508030720013B00E0013010F8012C884203F8012F41
S31508030730F8D1D8E7013A032A0ED8DFE802F00B0806
S31508030740050211F8013BAB6111F8013BAB6111F8E6
S31508030750013BAB610B78AB61BDE8F8830C44ACEBAA
S31508030760010E01EB0E0311F8010B8C421870F8D138
S3150803077021468CE738B50B46154601464FF03A44F1
S3150803078068B101221048C4F8F4201A46FFF72CFF73
S3150803079025B14FF03A430422C3F8F42038BD73B1A8
S315080307A0D4F8D8209A4284BF0122C4F8F4204FF023
S315080307B03A42C2F8D4300223C2F8F430E8E70123F8
S315080307C0C4F8F430E4E700BFCC0000BA38B50446F1
S315080307D00AF072FA4FF03A420121638F05465167D0
S315080307E04BB3B3FA83F3C3F11903DBB2A069C2F8B7
S315080307F0B410C2F88C300723C2F89000C2F8B030A0
S315080308004FF4A02302F50052C2F81431A2F5805220
S31508030810C2F8183100220C4B1A600C4B5B6C5B0256
S3150803082009D54FF480020A4B5A64D4F8A01094F8F9
S31508030830260001F075FE4FF4E0232846E363BDE87E
S3150803084038400AF034BA00BF6CAB0020000002B887
S31508030850002002B8044B186820B140F001021A6060
S3150803086020F00100704700BF6CAB00202DE9F84368
S3150803087005460C46C1B1D0F81880478F0AF01CFA12
S31508030880B5F83CC0791EDFF8049101EA0C0323F09E
S315080308900702032C0646D9F800E042445CD1BEF1B0
S315080308A0000F04D10AF003FA0E20BDE8F8832EF0F0
S315080308B001042EF0010EA64553D10023C9F80030D2
S315080308C0238894426FEA43436FEA534323803ED116
S315080308D0EB8F08EB07091846083880B202F10804BB
S315080308E04C4528BF4446082804D9B4F800E0BEF5A9
S315080308F0804F40D263440F431B1A3B409BB2AB87DE
S31508030900E887947811884FF03A42C1F30C01916550
S31508030910C2F89830C2F8B0004FF48022174B04F09F
S315080309200704C3F814210122154BC3F88421FFF7E2
S31508030930F7FD042C0BD14FF48002124B5B6C124B60
S315080309405A64D5F8A01095F8260001F0E9FD30465B
S315080309500AF0ADF90020A8E7601E012898BF1446DF
S31508030960A7E7E88F4344E31A48BFDB1908389842D8
S31508030970A6DC304696E72246AEE700BF002000BA5B
S3150803098000E100E0000002B8002002B86CAB0020CA
S31508030990154B10B51968CA8F8B8F488F13440138C6
S315080309A0073B8C69034023F007031C4402F1080341
S315080309B04FF03A429BB2CB87C2F8B0304FF480224D
S315080309C00A4BC3F814210122094BC3F88421A078E2
S315080309D000F00700042803D1064AD3681B03FCD496
S315080309E0054B1C6010BD00BF40AC0020002000BAB8
S315080309F000E100E0000002B86CAB002010B5064C1D
S31508030A00216839B1CB0703D4044B1868FFF72EFFC7
S31508030A100023236010BD00BF6CAB002040AC002050
S31508030A204FF480320C4B0D49C3F818214FF03A4363
S31508030A30C1F81421D3F8AC10D3F88C20012302F0A3
S31508030A40070206329340C1F30C01083B994201D8C9
S31508030A50FFF766BD704700BF002000BA001000BA52
S31508030A602DE9F04106460C46478F1546D0F81880FF
S31508030A700AF022F9B28F07F1FF3E02EA0E0323F0CA
S31508030A800701032CB6F83EC0414419D14A4C2468E1
S31508030A909CB96244073A02EA0E0222F0070208EBFF
S31508030AA002044344E31A48BFDB19634510DB0AF023
S31508030AB0FEF800242046BDE8F08124F00104F0E79F
S31508030AC0012C03D0022CECD1ACF1080C0C46E8E758
S31508030AD0002D37D08C4238D14FF03A42926D4FF001
S31508030AE03A4CDCF8AC70718AC7F30C079F423FDDBA
S31508030AF02388B3F5804FDAD2A77801F1FF3C07F0D4
S31508030B000707C3F30C039B1A41EA0C0E052F2F7034
S31508030B1003EA0E0324D81BB223EAE3776F80E77848
S31508030B202F74F66902EA0C02B718AF609FB212FA7D
S31508030B3083F38B4291BF00238B1AAB80EE609CBF75
S31508030B40AF80EB600AF0B3F8B4E7A4F10802904566
S31508030B5084BFFF0802EBC7021288C2F30C02BEE782
S31508030B60164F7F6D002F14BF0A270027DB1BD2E71A
S31508030B70DCF8543001F1FF3CA3EB020E41EA0C0307
S31508030B800EEA030EDFF838800FFA8EF3002BD8F837
S31508030B900C700FDC07F07067B7F1407F14BF0027AE
S31508030BA00127FF002F70D8F84C70A5F802E03F0A1A
S31508030BB02F74B6E70827F5E76CAB0020004000B8AA
S31508030BC0000002B8054BA822D3F84C013121431C77
S31508030BD00CBF0120C0F3807004F06CBC0080E00FEA
S31508030BE0014B588000207047DEB4002008B5062262
S31508030BF0024905F0EBFD002008BD00BFDEB4002066
S31508030C0010B50446084B063C9B689847074B032CCC
S31508030C10D3F8F80706D800F4C020B0F5C02018BFEB
S31508030C20012010BD0020FCE744B40020000002B8F0
S31508030C300C4BD3F8FC37FF2B0AD003F01F02013203
S31508030C4003F0E0031344FE2B88BFFE23064A137002
S31508030C5041F66A02054B1B68B3FBF2F3044A1360B9
S31508030C60704700BF000002B8E9B400208CAB00202F
S31508030C7070AB0020063803289ABF024B1878002069
S31508030C80704700BFE9B40020274BD3F8F827D3F8F9
S31508030C90FC17264B1B68D3F8F03013B11A68032ADE
S31508030CA03DD8234BDA6BC2F3C20012F0380F02F0B9
S31508030CB0070318BF434312F4E07FC2F3821000D040
S31508030CC04343C1F34212022A2CD9062B8CBF0022B6
S31508030CD00122D2051449D1F8FC1311F0010F154965
S31508030CE009D04FF47C70032B94BF42F44C7242F440
S31508030CF03872C1F82C014FF0E070C1F82C010E4888
S31508030D00092BC0F82C210D4B6FF0FF0298BF4FF447
S31508030D100853C1F82821C0F82831002070479B6A78
S31508030D205B0ECEE70022D5E7000002B840AC0020F0
S31508030D30008001B8002002B8001002B8002DB00BDD
S31508030D40F8B5814D0446297800294ED12C227F48CF
S31508030D5005F015FD23780024FF227D4F4FF48150BB
S31508030D603B707C4BC3F8DC407B4B1A7007227B4BEA
S31508030D70D3F8F817D3F8FC6703F50053C3F8FC2335
S31508030D804FF47072C3F82C21754A4903C3F830210E
S31508030D904FF00102C3F83421C3F86C014FF4006025
S31508030DA0A3F58053C3F86C0126D4C3F8FC234FF488
S31508030DB0307216F0E00FC3F82C2108BF4FF48052A7
S31508030DC04FF0080008BFC3F86C21E7F791FA4FF410
S31508030DD0780420226349C1F86C213A78063A032A33
S31508030DE029D8DFE802F015686B7000235E4AC2F85B
S31508030DF0FC305E4A1370ADE70421C3F8FC13802167
S31508030E000920C3F82C11C3F83421E7F771FAE0E790
S31508030E1016F0E00604D144F40C3444F440740AE0B2
S31508030E20202E1BBF2020524A44F4C134C2F86C0159
S31508030E3018BF44F48024C1F83041FFF725FF4D4B12
S31508030E401A68B2F1406F484A5CD3D3F87C12013171
S31508030E503CD0D3F87C12C9B2C2F8DC10D3F880327E
S31508030E60414ADBB24349C2F8E430D1F8843201334C
S31508030E7043F63F7333D0D1F884021840C2F8D8003A
S31508030E80D1F888120B40C2F8E0303A4BD3F88C12EB
S31508030E9001312DD0D3F88C1201F0FC01C2F8F01001
S31508030EA0D3F8903203F0FC032F4A0020C2F8F4303B
S31508030EB001232B70F8BD44F40834AEE744F4A73491
S31508030EC044F48074B7E744F4FE44B4E72349D1F8FD
S31508030ED02831DBB2C2F8DC30D1F82831C0E71F4825
S31508030EE0D0F824111940C2F8D810D0F82411C9E74C
S31508030EF01A49D1F8343103F0FC03C2F8F030D1F8BB
S31508030F003431CFE71549D1F8F807D3F83012C9B207
S31508030F10C2F8DC10D3F83432DBB2C2F8E430430348
S31508030F2057BF43F62B3341F61B33C2F8D830C2F802
S31508030F30E03049BFC2F8D830FC23C2F8E030DC23DE
S31508030F40C2F8F030B0E700BF88AC0020D43F00B049
S31508030F50DEB40020004001B8E8B40020000002B85F
S31508030F6000FFFF00001002B8003F00B087AC002066
S31508030F70002002B80080E00F2DE9F04FD0F8B0400A
S31508030F804C23022C38BF02240746814990F8309136
S31508030F90CA6C8048C2F38212D1F8DCC00168D34018
S31508030FA0013C03F00102A142134697F82B607A49E4
S31508030FB0DFF818A289B019D10D78954216D1774D65
S31508030FC02D784D4512D1D7F8B4507DB165450DD16D
S31508030FD0734DD5F8F850AD0608D4724D2D78B54241
S31508030FE004D1BAF8040009B0BDE8F08F04609AF892
S31508030FF000000B70FFF73EFEFF2E804640F0B180DF
S31508031000A9F10603032B98BF0126654BD3F8F830DD
S315080310109B0640F1AF8040F2FF31634B16F0800F19
S31508031020C3F8881061480BBFC6F38701C6F3C70127
S3150803103041F4387141F44071C0F888100121C3F8AE
S31508031040E010002A00F09880D7F8F01029B10B6851
S31508031050082B40F2938091F83810554B4FEA014B11
S315080310601D6840F27123B5FBF3F519236543B5FBF8
S31508031070F3F50495002A40F083804E4B6439A3FBAD
S31508031080052305A8059306F0F6FB059C4A4B2D1B7D
S31508031090A3FB05233421019006A8069306F0EBFB70
S315080310A0069B0390ED1A302107A80293079506F0CD
S315080310B0E2FB019B039A1D02029B45EA02151C44A7
S315080310C0079B4BF4C84B05434BF0300B1C443B4B77
S315080310D040F6C20218682B21003818BF012004F015
S315080310E0E9F9FA22354B02FB04F01B6840F6FF7256
S315080310F0B0FBF3F00A2358432B4B00F57A74C3F875
S31508031100D820A3F58053C3F8D850A3F58053C3F862
S31508031110DCB02B4B2B4D1B78C5F8D4600BB9C5F83F
S31508031120FC60294E00F58C5085F8FB801430C7F80F
S31508031130B4B0346002F032F84FF47A72C5F8980006
S31508031140C5F8EC0033681749B3FBF2F3AAF8043081
S31508031150124BB4FBF2F083F8009097F82B300B7020
S3150803116041E7431EB34228BF3346012B38BF012349
S31508031170DEB24AE70D4B61E7FC216EE700216CE717
S3150803118004A806F078FB0502049C45F011059EE7C2
S31508031190004001B828B4002089AC0020E7B4002039
S315080311A0004F00B0E6B40020006001B8005001B853
S315080311B08CAB002069C2F568B97A146E70AB00204F
S315080311C087AC0020003F00B074AB0020DEB40020DB
S315080311D010B5104B024618780F4C0D2802D1FF2084
S315080311E0207010BD831F042B34BF0121FF21FFF795
S315080311F041FD904228BF1046C0B2884238BF084610
S3150803120023788342EDD0054B20701868FFF7B4FEA8
S315080312102078E6E7DEB40020E8B4002040AC0020DE
S3150803122008B50E4B024618780D2812D0FF2A13D09C
S31508031230FFF720FD904228BF1046C2B2012A38BFE5
S315080312400122074BC3F8FC200123064910460B70FD
S3150803125008BD0023FF22F8E70023F6E7DEB40020E3
S31508031260003F00B087AC00200020044B1870044BE5
S31508031270D3F8D420C3F8FC20704700BF87AC0020FE
S31508031280003F00B010B5044603F07CFE78B1154B59
S315080312901B786BB964B1144B1B784BB1134B1B7892
S315080312A0013B012B04D84FF40042114B1A6510BDBC
S315080312B0104B1B6D1B04FAD409F0FEFC044603F01D
S315080312C0C5FA4FF400420C4B2046BDE810401A6598
S315080312D002220A4BC3F824250422054B5A6409F053
S315080312E0E6BC00BF8AAC00208BAC002078AB00209C
S315080312F0002002B8000002B8001002B800D003505C
S315080313000122024B00201A70FFF7BCBF8AAC0020EB
S315080313100022024B01201A70FFF7B4BF8AAC0020E3
S31508031320054BD3F8843013F0030F4FF4802314BF0F
S31508031330024A034A93647047004000B8005000B855
S31508031340006000B83C4B73B593F82E600446002E34
S3150803135070D19B68984701213A20E6F75BFC374D25
S31508031360374B30461C702B78002B0CBF002404F037
S315080313700104FFF787FF2B78013B012B08D8EB7B8A
S3150803138001A88DF804302B7C8DF80530E4F7ACFC06
S3150803139000222C4BC3F82425002C44D06A68002A63
S315080313A037D0294B1B6803EB5203B3FBF2F3013B1C
S315080313B01B0243F0F8032A78022A2CD0032A2ED0DC
S315080313C0012A33D1072243F002034FF6FF701F4960
S315080313D0C1F88400A1F58051C1F88430194BC3F8CC
S315080313E0242593070BD5EB7B01A88DF804302B7CBA
S315080313F08DF80530E4F76EFC0120FFF743FF4FF045
S315080314008043ACB1124A1365FFF78AFF002002B086
S3150803141070BDF823CFE7062243F00103D5E704227C
S3150803142043F00503D1E72246F823CEE70022CCE7AB
S31508031430084AE8E70E20EAE744B4002078AB002020
S315080314408BAC002000C003508CAB0020006000B8B2
S31508031450001002B8002002B8DFF8CCC02DE9FF411E
S315080314609CF82E800446B8F1000F54D12B4F06463C
S315080314703D460FCE0FC533682B60DCF80830984716
S3150803148001213A20E6F7C6FB254BC3F82485A17A42
S31508031490627A42EA0142C3F83025217CE27B42EABA
S315080314A00142C3F82C25217B627B41EA0240C3F83B
S315080314B028053B78032B2AD8DFE803F022020C170A
S315080314C08DF8041004218DF805200DEB0100002288
S315080314D0E7F7B4F8E37B00228DF80830237C042170
S315080314E002A88DF80930E7F7A9F8637A01228DF87F
S315080314F00C30A37A042103A88DF80D30E7F79EF87C
S31508031500084B187804B0BDE8F041FFF71BBF21204C
S3150803151004B0BDE8F0810E20FAE700BF78AB0020DF
S3150803152000C003508BAC002044B4002030B50446F9
S31508031530034D0FCD0FC42B680020236030BD00BFB9
S3150803154078AB0020034B1B6D002BBCBF024BC3F8C3
S3150803155088007047000002B8004000B8324B2DE9F6
S31508031560F047DB6898474FF47A75304BB0FBF5F5CF
S3150803157018604FF4FA736B4307462D48190E1B027E
S3150803158018182C4A4FF0000341F1000104F0D0FD6E
S31508031590294BA0F5807182460246196330B94FF08C
S315080315A0010A4A222B2103F085FF52464FF47A7328
S315080315B05A4329020023500804F0BAFD1E4B1F4A5A
S315080315C0B7F57A7F9A601E4B4FEA0A6619601D4B78
S315080315D0A9468846044618604FEA1A2A06D2012500
S315080315E09D222B21002003F065FFA9464FF47A7349
S315080315F0A6FB030103FB0A116D0840194FF000030C
S3150803160041F100014A4604F093FD0F4B0234196079
S315080316100E4B48F10008A408186044EA8874064B80
S31508031620013C9C63BDE8F08744B400208CAB0020E2
S3150803163020A1070040420F0000C001B802110100B3
S31508031640A0AB00209CAB002098AB002094AB0020F5
S315080316501022044BC3F884215A600122024BDA6034
S31508031660704700BF00E100E000C001B81022064B36
S31508031670C3F88421C3F88420BFF34F8FBFF36F8F5A
S315080316800422024BDA60704700E100E000C001B8AB
S3150803169010B50446A242A2EB0000A3EB010104D253
S315080316A0034B01399B6B0133184401F0030110BD49
S315080316B000C001B838B501250A4B02019D504FF405
S315080316C080730446084A8340536609F0F5FA074AC5
S315080316D0A540137823EA05031370BDE8384009F0DB
S315080316E0E6BA00BF00E101B800E001B895AC0020F6
S315080316F02DE9F84F164604468A461F4609F0DCFAD2
S31508031700022E00F09380804609F063F8604B614A25
S31508031710D3F8209092F8C9505A6EEDB2520744BFD7
S31508031720D3F82090013505F0030509F058F8484623
S31508031730294600F0D9FA8446DAF80000012E04BFD8
S3150803174001306044ACEB000C08BFCAF80000BCF1DA
S31508031750804F7ED300F0DCFA8145A1EB050188BFF3
S315080317604B4BDFF854E188BF01F1FF3101F0030168
S3150803177088BF9B6BA0EB090C0EF80410A1B1F907FF
S3150803178042BF41F61F72444B5A67BA0742BF424BE0
S31508031790424A5A677B0742BF00223D4B9A673D0779
S315080317A042BF00223A4B9A6511254FF0010A384B7E
S315080317B004F11002120103EB041BCBF80C013849A0
S315080317C09D501A6A0AFA04F5586E0B78A2EB0902B9
S315080317D0EDB22B4362450B704FEA041925D34FF438
S315080317E08073A340034220D11EF80420002A4BD15C
S315080317F00EB32C4AF807536607D541F61F7140F214
S315080318000110254B596750675967B90706D5224B07
S31508031810224A244924485A6748675A677A0742BFBF
S315080318200122224B1A613B0719D4404609F03FFAB5
S315080318300120BDE8F88F1E4A42F809A042F89C3CED
S3150803184009F03AFA16490B7823EA05030B7009F0EF
S315080318502EFA404609F02BFA0020BDE8F88F21201E
S31508031860FFF770FE4FF48031094A124BD1601A789C
S31508031870002ADAD000222D201A70FFF763FE102201
S31508031880084B40465A66D1E7064A40465366CDE7B3
S3150803189000C001B8003E00B000E001B800001F1FF9
S315080318A095AC002000D001B800000101000002B881
S315080318B000E101B88CAC00208DAC0020024B1878EF
S315080318C0003818BF0120704795AC0020034B103031
S315080318D00001185800F00100704700BF00C001B8A6
S315080318E070B50646FDF718F9044608B1FFF7BEFEBC
S315080318F000230A4D3046AB61EB612B6200F008FA10
S31508031900074BC9B283F8C91028622CB1FFF7A0FEAA
S315080319104FF08062034B5A64002070BD00C001B8C3
S31508031920003E00B0002002B82DE9F0419DF818806A
S315080319300D46B8F1000F08BF0022214EB5F5803FCA
S31508031940B168074621F4700141F4A001B1609DF81E
S3150803195020409DF81C104FEA042444EA016444EA33
S31508031960031444EA084444EA02044FF018014FF406
S3150803197036722CBF00200120746503F09BFD356485
S31508031980B8F1000F1AD00F4BBC68D3F8B8307A2CCD
S3150803199038BF7A245B0606D500F022FD18B10A4B38
S315080319A0B3FBF0F31C44204600F0B2F9013085423C
S315080319B038BF0022024B34BF5A645864BDE8F0812D
S315080319C000C001B800C000B800093D00034B044A33
S315080319D05A6741F201429A67704700BF00C001B8CF
S315080319E0011B011810B504462120FFF7ABFD1CB1F6
S315080319F04FF48032064BDA60064B1A783AB1002266
S31508031A002D201A70FFF79EFD1022034B5A6610BD50
S31508031A1000C001B88CAC002000D001B82DE9F04114
S31508031A201C4D0446EB6BDB012DD500F025FD064660
S31508031A30A0FB0447E86B4FEA1028050C10F0FF00DB
S31508031A4005D140F239422B2103F034FD0120EDB2D2
S31508031A50AD01B5FBF0F55FFA88F815EB881506D1E5
S31508031A60284640F23E422B2103F024FD01252A464F
S31508031A7000232046394604F05BFBB6FBF5F5064A18
S31508031A801560BDE8F08100F0ABFC0546A0FB040138
S31508031A90F5E700BF00C000B890AB0020024601205E
S31508031AA030B50B4CA0F12003C0F1200524FA05F547
S31508031AB004FA03F32B4304FA00F595428B4100D34A
S31508031AC030BD0F2801D00130ECE7FF20F8E700BF4F
S31508031AD040420F0038B508F07CFE084B084A1D6AD9
S31508031AE092F8C9405A6EE4B2520744BF1D6A0134DC
S31508031AF008F075FE284604F0030138BD00C001B896
S31508031B00003E00B000232DE9F04F634F85B03B70CC
S31508031B10624B634A1B680191B2FBF3F8054609F069
S31508031B20CBF8DFF890B18146DBF860A001F008FD39
S31508031B30DBF8403006460A2B84BF4FF0FF34DBF848
S31508031B4054304FF0200081BF03F00F039C402AEA6C
S31508031B500404B4FA84F498BF0124DBF844B088BFBC
S31508031B606409FFF7EFFC10234E4A93608EB10022F7
S31508031B7000200821FCF73EFC10234B4A5366A2F5C6
S31508031B8080521367BBF1000F00D014B18022474B74
S31508031B901A6102F0BDFA2022454B4FF0000BC3F839
S31508031BA0842101238DF80F30404BDA6812F0706FE9
S31508031BB006D05FFA8BFB0AE00A2005F093FEF3E7EB
S31508031BC00BF1010BBBF1330FF6D14FF0320B9DF836
S31508031BD00F3013B1BBF1320F4AD116B10CB1012341
S31508031BE03B70344B4846C3F860A009F060F83326C7
S31508031BF0314CE36813F4603F03D1013E16F0FF0648
S31508031C0042D101234046236505F06CFE09F054F8DA
S31508031C10072D294628BF07210F26636A6A1E23F460
S31508031C20706343EA0223A26A22F0E05242EA81621F
S31508031C302249C1F8B860224945F010060978A94235
S31508031C4020492BBFA262C1F8B860C1F8B8606362C5
S31508031C502CBF6362A26209F02AF8174B5B6ADBB2F0
S31508031C60802B15D0019805B0BDE8F04F00F03ABCBB
S31508031C700DF10F010DF10E00FDF720FD0A2005F009
S31508031C8031FE0BF1010B94E70A2005F02BFEB0E7B2
S31508031C9005B0BDE8F08F00BF8CAC002090AB0020E8
S31508031CA040420F00001002B800E001B8000002B875
S31508031CB000E100E000C001B800C000B800E000B8C9
S31508031CC082AC002000D000B80346064A103302EB64
S31508031CD000111B01D1F80C01D158C1F3400105F0DD
S31508031CE00CBE00BF00C001B8074B084A1B6810B5F5
S31508031CF04343146803EB817300224FF00041E4FB6E
S31508031D000012981810BD00BF98AB002094AB0020B2
S31508031D100C4A20F04043014610B5002014684FF0E2
S31508031D200042E4FB0320084A890F126802FB0300FA
S31508031D30064B9B6B984204D901330131C01A01F053
S31508031D40030110BD9CAB0020A0AB002000C001B866
S31508031D50044B01F0F071103041F0030100011950F2
S31508031D60704700BF00C001B808B52220FFF7EAFB99
S31508031D704FF48022014BDA6008BD00BF00C001B8EA
S31508031D8040B1836833B10649C268096803F1304331
S31508031D90032A00D8704743F8041B043AF8E700BF40
S31508031DA078B4002070B51646054610B92124204696
S31508031DB070BD0029FAD0002AF8D042680F4B006894
S31508031DC003321B68920800F13040984704460028FE
S31508031DD0EDD1EA68A86803323146920800F130402B
S31508031DE005F0A4FD04460028E0D1286921466A695E
S31508031DF000F1304004F0C3FCD9E700BF2CB400203F
S31508031E0070B50C68651C15D0C4F302669E42C4F30C
S31508031E10074530D1A4B294422DD804EB8506B242C5
S31508031E2029D2141BA50824F003040E59340F04D031
S31508031E30012C08D00022212402E06B1C51F8232030
S31508031E40C0E9002470BD0E4C34F8133042EA03434C
S31508031E501A686B1C51F8234001EB83014B68224037
S31508031E605E4036F0704404D11B0F032B04BF8B6806
S31508031E701A430024E4E7013501EB8501C1E700BFF6
S31508031E802CF6030807B501A8E6F76AFB42F2010236
S31508031E900C4B0D49C3F870224FF4FC72C3F8E020CB
S31508031EA05822A3F58053C3F8E020084AA3F61C7307
S31508031EB052F8040B43F8040B8B42F9D103B05DF8CF
S31508031EC004FB00BF006001B8104101B8F8F5030828
S31508031ED038B50324134DAB689847134A134B1A6551
S31508031EE001F022F9FFF7CEFF114BC3F8104100F0BA
S31508031EF0E1FA2B6898474FF460720E4B5A614FF418
S31508031F0000721A65FEF706FB0021FEF7D7FA802250
S31508031F10094B1C64A3F580535C64084BC3F88421FE
S31508031F205A6038BD44B400200048F000000002B8E7
S31508031F30005001B8001002B800A0095000E100E003
S31508031F40836810B4074C03F1304324681B689C422A
S31508031F5003D15DF8044BFFF725BF00205DF8044B5A
S31508031F60704700BF78B400202DE9F04F074688462E
S31508031F701446264D264EDFF89CA089B01CB9204688
S31508031F8009B0BDE8F08FB4F5006F4FF010024FF0BB
S31508031F9000016846A14628BF4FF4006904F0EFFB29
S31508031FA008238DF8003009F1FF339BB2009A1B0111
S31508031FB043F0036332402B4013431022DFF858B033
S31508031FC000210DEB0200CDE90038029704F0D7FB98
S31508031FD06B469AF80010DBF8000004AAE6F738FC0B
S31508031FE09AF80010DBF80000E6F76EFCA4EB090488
S31508031FF008EB890807EB89079AF80010DBF8000055
S3150803200008F05EFE0028F7D0B8E700BFF07F300C73
S315080320100F80CFF3EAB4002034B40020002210B5B1
S31508032020284B294C5A649A64DA6494F82D2003F5EC
S31508032030805312B14FF000721A6594F82E20002AC5
S315080320403BD04FF400421A6594F830302BB14FF465
S3150803205080521E4B1A65A36A984794F831201B4B86
S3150803206012B14FF400521A6501225A61022242F252
S3150803207001019A62134AD368C3F3036321FA03F38C
S31508032080DB07F8D511231249D3631248124AFFF71F
S3150803209089FE01F0DBF91148FFF772FE1048FFF7D6
S315080320A06FFE1048FFF76CFE4FF08062074B5A61CC
S315080320B0012203F580535A6110BD01213A20E5F741
S315080320C0A9FDC1E7000002B844B40020001002B815
S315080320D07CFB0308A4F60308C0F6030874F6030892
S315080320E08CF603085CF603080F4B10491A6801239C
S315080320F002F58052C2F8803291660D4A53600D4A42
S3150803210053600D4A5360A2F580425360A2F54042DC
S31508032110536002F5C032536002F580425360A2F55C
S3150803212000425360704700BF40B40020FF0B0016FF
S3150803213000D000B8001000BA005001B808B506F080
S3150803214011FF044B1B681B6FC3F300430133B0FB3A
S31508032150F3F008BD40B400202DE9F04F064687B0DA
S3150803216002900F4657F8044B631C06D1029B346052
S31508032170F01A801007B0BDE8F08F3E4BC4F3016A2E
S315080321805FEA147B33F81A1008BFC4F30742A4B2F4
S3150803219044EA014404F06F4118BF0122B1F1804FAC
S315080321A002D0B1F1204F0ED124F070444FEAC20990
S315080321B0314B09F10401314499424BD901339E420B
S315080321C048D80020D6E704F06041B1F1204F08BF94
S315080321D024F08054EAE7059B2BBB072015F0420F32
S315080321E020FA0AF000F001002CD115F0280F21D1AE
S315080321F000222244BBF1010F48F8082C4FF0FF32A6
S3150803220018BF0022019B043453F8041B08F108087D
S315080322104A4048F80C2C0193039B9C42DBD1049952
S315080322204E4439449DE740F6F3023221002003F079
S3150803223041F9DDE740F6F702322103F03BF94FF4A3
S315080322408052D6E740F6FC02322103F033F94FF405
S315080322500052CEE701259300049305FA0BF504EB28
S315080322608203039305F0940306F10808019705937F
S31508032270D2E700BF24F60308DF4F00B070B5A8B154
S31508032280002971D0002213463849394C51F8045BAA
S3150803229085420CD1374A116CC907FCD49B0003F558
S315080322A0804340331360344B01221A6470BD0132F4
S315080322B00C2A59D034F81230E8E7C2F3016334F82C
S315080322C0131012F47E0F93B243EA014321D004306C
S315080322D0C2F30742022A016808D946688568033AA1
S315080322E0C3E900169D600C300C33F3E70CD1426842
S315080322F00830C3E900120268531CDED100221D4BC5
S315080323001A6003F58053CFE7012AF4D10430196024
S31508032310F1E7120F00F108054068072A09D8DFE834
S3150803232002F007040A0E1114191EC04303F50053DD
S3150803233018602846DFE71A6842401A60F9E703F58A
S315080323408053F5E705F0CEFAF3E7012203F5805348
S315080323508240F2E7012203F500538240EDE71A684B
S3150803236030EA0202FBD1E4E7044CC4E7A4AB00203D
S3150803237062AC002000C002B800D002B82CF60308ED
S315080323800B4B1B68D3F8F03023B11A68022A01D91C
S31508032390186A7047074B9A6E90B238B1064BC2F368
S315080323A007421B68DB085343B3FBF0F0704700BFD3
S315080323B040AC0020004001B88CAB0020064BDB681C
S315080323C0C3F30363984206D1044A536F23F0F00319
S315080323D043EA011151677047000002B8003F00B095
S315080323E0054B1B68D3F8F03013B11A680A2A01D8CB
S315080323F0FFF7C6BF186C704740AC00202DE9F347BA
S31508032400054605F068FA00278046194EDFF864A0EA
S3150803241008F052FC0DF1070181460DF10600FDF7A0
S315080324204DF99DF806300BB3DAF80C3013F4603F18
S315080324301CD0DAF8180005F0C1FA04466B1C03D061
S3150803244005F049FAA0EB0807484608F030FC14F5EE
S31508032450007F07D19DF8063013B99DF807300BB1F5
S31508032460AF42D5D3204602B0BDE8F0873446E5E748
S3150803247000FEFFFF00C000B80B4A10B5136F0B4CE4
S31508032480116F03F00703E35CC1F3CD0101FB0333CB
S31508032490126F0748C2F3454202FB03330068800103
S315080324A0B0FBF3F010BD00BF004001B8F0F5030818
S315080324B08CAB00200122014B1A657047001002B845
S315080324C00122014B1A657047002002B84022014BCE
S315080324D01A657047002002B84022014B1A657047F7
S315080324E0001002B810F1800F04D04D28CEBF7F200C
S315080324F0323040B2FF22034BC0B25A62A3F580536F
S315080325005862704700E000B8044BD3F8B03010B1F6
S31508032510C3F30332027003F00F007047000002B8DA
S31508032520064B01F080015B6C03F480030B4302BF87
S315080325304FF40012024BDA64704700BF000002B87A
S31508032540006001B84FF0B052024B1B6803F5805385
S315080325509A66704740B40020044B1B68986E00F0D7
S31508032560B05000F16A4358425841704740B40020BE
S315080325700D4B1A7882B1012A10D10C4B012112F0A6
S31508032580010F0B4A03F580539960084B08BF13469E
S315080325909A689207FCD47047054BEFE700224FF47D
S315080325A080539A60FFDE00BF96AC0020004003B854
S315080325B0000003B8094B10B59C69DB691C4006D0BB
S315080325C0074B1B6823B120469847064B9C6110BDF1
S315080325D06305FAD5FFF7CCFFF7E700BF000003B89A
S315080325E0D4AB0020002003B8094B10B59C69DB69FE
S315080325F01C4006D0074B1B6823B120469847064B59
S315080326009C6110BD6305FAD5FFF7B2FFF7E700BF74
S31508032610004003B8D4AB0020006003B82DE9F74F98
S3150803262081460E464FF0FF34FFF754FA0025019012
S315080326308A46A0462846DFF8D0B005F110031B01E9
S315080326405BF8037007F00307012F15D12846FFF738
S315080326503BFB02460B4601985146FFF719F8DBF890
S31508032660643005F10802D340DB0736D5002E3DD08A
S315080326700024A046356038460135082DDDD148B318
S3150803268000221146204DAF68AB6B0133E8FB0341CB
S3150803269007F44033B3F5003F30D16B6B07F440576B
S315080326A0013342F10006B7F5805F22D12D6B15F58C
S315080326B0807505FB06F642F1000203FB0266A5FBDD
S315080326C003323244594304FB0212A3FB0434224463
S315080326D0C9E9003203B0BDE8F08FA04271EB0803E5
S315080326E0C9D206B1356004468846C4E73446B046BF
S315080326F0C1E7320242EA13621B02E3E72B6B13F5C7
S31508032700807342F10002DDE700C001B8034B1A6E7D
S31508032710596E03F500530A401A66704700800A503B
S315080327202DE9F34105460F4668461146FFF776FF3E
S315080327300646B8B1B7B1DDE900321B0A43EA0263BC
S31508032740A5FB0384094B120A05FB02441A681AB946
S31508032750074BDB689847024600234046214603F0A9
S31508032760E7FC3860304602B0BDE8F0818CAB002048
S3150803277044B4002030B54FF04044114B1A68D2F8E0
S31508032780883002F50055C5F8A040C3F38803C5F899
S31508032790A44091B1B3F5D17F28BF4FF4D173D52B9C
S315080327A038BFD52303F14605A3F1460141EA05419E
S315080327B0D16702F58052C2F8A4400380002030BDD9
S315080327C03CB400204FF48022034B00201B6803F51A
S315080327D081539A61704700BF30B4002073B504462D
S315080327E0234B244D9B68984701213A20E5F712FAB3
S315080327F0E1782279286841EA0243C0F8F435E67994
S31508032800A37943EA0643C0F8F83523784BB18DF824
S31508032810041004218DF805200DEB01000022E5F7CD
S315080328200DFF63785BB10421A37900228DF8043088
S31508032830E3790DEB01008DF80530E5F7FFFE2B680C
S315080328402178012203F5BE6359B103F580510A6065
S315080328506178022241B103F5805300201A6002B061
S3150803286070BD03F50051F2E703F50053F5E700BF22
S3150803287044B4002038B400204FF08042034BC3F819
S315080328808020BFF34F8FBFF36F8F704700E100E0DF
S315080328904FF08042014B1A60704700BF00E100E029
S315080328A070B52C4B0D461A781AB92B4AD2F86C22F6
S315080328B01A702A4A126D520549D51C78284B04F01A
S315080328C00F06B0FBF3F040434FEA141405D140F268
S315080328D089622B2102F0EEFD0120224A0A21724366
S315080328E0B2FBF0F34843B3FBF1F602EB5002B2FB3B
S315080328F0F0F201FB1633042BD2B21BD8C3EB8311B8
S31508032900C3EB81035BB2002B14BF6FF004010521EF
S315080329100B440A2193FBF1F31C44E3B264B20F2C74
S315080329200FDD013AD2B2053B5CB2002042EA04123B
S315080329302A6070BDC3F10A0303EB83030521DBB2E7
S31508032940E6E7002CF1DA0132D2B20533ECE70220CE
S31508032950EFE700BF98AC00200080E00F000002B844
S31508032960403B250080969800014B1868704700BFC6
S31508032970E0AB0020014B1868704700BFDCAB0020B2
S31508032980F8B50B46002213F8044B944225D91D6863
S31508032990854224D106245A791D79124B88181E6854
S315080329A004FB0503104F33F8063C7B43B3420ED9A9
S315080329B000238A5A7A43964202D804FB0300F8BDD9
S315080329C09D42FAD9013304FB03F2825AF2E740F235
S315080329D051423D21002002F06DFD0020EFE7083348
S315080329E00132D2E7D8AB002040420F0000202DE980
S315080329F0F04FA2FB016AC74FDFF85CC3F7191D4600
S31508032A006AF10003BC4570EB030383B008D240F2B6
S31508032A1043220E2102F04EFD022003B0BDE8F08FDB
S31508032A20D5F828908B461446B9F1000F04D0D9F887
S31508032A300030032B00F29281B74BB84A9B6BD2F84E
S31508032A40FC90C3F31408B64B1B6F59074EBF4FF4DC
S31508032A5040039B0503F0E07348EA0308B14BD3F838
S31508032A60EC305A0048BF48F0807848EA446806F0D4
S31508032A70A5FA0746002CCFD00028CDD0AA4B6E6204
S31508032A80C3F800B0A94B984200F0AD8103F51223B1
S31508032A9003F5F863984200F07281A54B984200F05B
S31508032AA0AD810246002300204FF0007103F040FB7E
S31508032AB00023013006FB03F300FB0A33A6FB0002DF
S31508032AC01344203397499B092B60D1F8ECB3D1F80B
S31508032AD0F033D1F878A1D1F8A01040F2A522084620
S31508032AE0584020F47F60B0FA80F001914009102124
S31508032AF0009302F0DFFC8BEA0A0020F47F60B0FA49
S31508032B0080F040F2AB221021400902F0D3FC894A37
S31508032B10009BD2F86012C9B2FF291CBF2AF47F6250
S31508032B2042EA0112844908BF5A468E4207D9211F31
S31508032B30012940F2278181498E4200F22381B7FB9E
S31508032B40F4F7C8F31301A1FB0717AB61764BC90C5E
S31508032B501E6841EA47317A4B18F4801F08BF494279
S31508032B601960784B0E442A62C5F81CB01E60B9F189
S31508032B70000F00F036810023D9F81C70D9F800A09D
S31508032B80AB606B60002F48D0BAF10F0F97BF654B48
S31508032B90B9F818B0D3F88C31C3F3832B604B98BFBD
S31508032BA00BF1080BD3F83C31B6FBFBF2DB0215D568
S31508032BB081EAE17CACEBE17C0021634BC8F38158E5
S31508032BC013F808305008DB05E3FB0C0100230092D9
S31508032BD003F0AEFA009AC0F3130068605E45BC467C
S31508032BE004D3B2FA82F10D2940F300819103B1FBB4
S31508032BF0F7F14B004FEAC23E0133520C01E00233B0
S31508032C000131A3FB0C70BE4572EB0000F7D2C1F38A
S31508032C100E01090341F00061A960BAF1050F40F2FC
S31508032C20DC80D9F82C70002F00F0B680387804FBC6
S31508032C3006F6A0F10400B0FA80F04FF4A3623D2132
S31508032C40400902F037FC414B9E4240F2FF80404B5D
S31508032C509E4240F2FF803F4A96428CBF03220222DD
S31508032C6044F21421F60B06EBC60306EB43039B0B50
S31508032C70013B5B023A446B61577801FB06F2B7EBFB
S31508032C80D25F4FEAD25380F0E3802744BB4240F237
S31508032C90D5802744BB4240F2DF802744BB4240F23B
S31508032CA0DD802744BB4240F2DB802744BB4298BF02
S31508032CB0052040F2C480002040F233523D2102F041
S31508032CC0F9FB44F6776306FB03F3DB0D013B9F42EF
S31508032CD040F2BA80002001E0052804D03F1BBB421E
S31508032CE000F10100F8D303288CBF0020012040F22D
S31508032CF03F523D2102F0DEFB01216B69A7F1140265
S31508032D0042EA87421343D9F800A06B6185F82C1071
S31508032D1044E000BF006CCA88008001B8004F00B0C9
S31508032D20004001B8000002B8E0AB002000F04902F9
S31508032D30005A62020080E00F00BBEEA000AE5EA759
S31508032D40DCAB0020D8AB002034F6030820D4CB8FA5
S31508032D5000DAF89AE0DF25A6807C814A042BD9F8A5
S31508032D6028807FF484AE18F0807F14BF4FF44003A5
S31508032D7008F0E07328F0E07848EA030877E60023CA
S31508032D80384897E6019B2AF47F6A23F47F6343F462
S31508032D902A634AF4CC6BD2E685F82C700023BAF181
S31508032DA0060FEB601DD9D9F83030D3B106F006F912
S31508032DB0D9F83010FFF7E4FD044608B1837803BB5E
S31508032DC006F0CAF8D9F83010FFF7DAFD48B1837868
S31508032DD03BB1C3781B042B6103E0002385F82C3031
S31508032DE0EB60002019E600231F4863E6C1F10E03D2
S31508032DF027FA03F302FA01F15F1CF8E600231B48DE
S31508032E0058E6407940F26252003818BF01203D2146
S31508032E1002F050FB207940F2635200384FF03D012F
S31508032E2018BF012002F046FB237962791B0243EAA5
S31508032E300213EB60E3781B042B61C1E70120032827
S31508032E408CBF0020012037E7012050E7002207E75F
S31508032E50012031E7012203E70220F0E70320EEE72A
S31508032E600420ECE7313641DC0A3BB2DFD694BFD601
S31508032E7030B505460C468DB059B9334B827AD3F82B
S31508032E80FC30416831480A9300686B46FFF7AEFD8C
S31508032E906C462F4B22685A632B4BD3F8FC30002B16
S31508032EA03CD0636843B12B4B2B4AC3F83C21626879
S31508032EB0A3F58053C3F83C21A36843B1254B274A9E
S31508032EC0C3F81C21A268A3F58053C3F81C21244A1E
S31508032ED0E168D2F8983194F82C0023F4EE630B4397
S31508032EE0C2F898316FF078421E4B1F499A6062699F
S31508032EF0A3F580539A604FF44033C1F88C312269A5
S31508032F001A4BC3F88C214FF40012D8B10A65184B33
S31508032F101B6898471749606AFFF7C2FC0020A26935
S31508032F200F4BC3F8A020E269C3F87821226AC3F8D5
S31508032F30F8232A89A3F5E0339A6203F5A0331864C4
S31508032F400DB030BD1A65E2E7004F00B040AC002073
S31508032F50008001B8006001B8FFFF0F0000F0FF0F03
S31508032F60000002B800600C50002002B8001002B836
S31508032F7044B40020588001B870B51C4615460E4661
S31508032F801B688CB00A93A27A6B466168FFF72EFD1D
S31508032F90394B2B6023896E616B60384BAB60009BA2
S31508032FA0EB60374B2B61019B002B56D105F11804B7
S31508032FB0029B4BB1334AE3602260334A103444F828
S31508032FC00C2C324A44F8082C314B9DF82C102360FC
S31508032FD04FF4EE6363602F4B2F4AA360039B099854
S31508032FE0E3602E4B23616FF0784363612C4BA36137
S31508032FF0059BE3612B4B23624FF4403363622A4BF1
S31508033000A362049BE362294B002908BF1346236383
S315080330104FF400134FF47F626363254BE263A363A4
S31508033020A3F580532364069BE26413406364214B30
S3150803303004F16401A364A3F580532365079B134036
S3150803304063651D4BA365089BE365FFF729FC70B110
S315080330506034641BA0100CB070BD184A05F128042F
S31508033060AA61174A6B62EA61164A2A62A0E7164BF7
S31508033070683444F8083CECE7284000A8348001A8E3
S31508033080448001A81C6101A800F0FF0F1C5101A888
S31508033090982102A8981102A8501002A808600C509B
S315080330A008500C508C2102A88C1102A8502002A8A3
S315080330B0A02002A8782102A8F80302A83C6101A867
S315080330C0FFFF0F003C5101A8588001A84FF40022C6
S315080330D0014B00201A657047002002B80E4B1B6887
S315080330E0D3F88022D2070ED55B6E002B0DDA0B4B75
S315080330F04FF480029B6813F00C0F094B09D11A652C
S315080331004FF480421A65002070474FF48002054B3E
S31508033110F5E704490A65F3E740B40020004009507F
S31508033120002002B8001002B84FF48062014B1A65FA
S31508033130704700BF001002B8064B1A6C9207FCD4FE
S31508033140022240EA01205860034B1A640122034B0A
S315080331501A70704700C002B800D002B899AC0020B4
S3150803316010B590B10468012C0FD902696AB11168C8
S31508033170094B102C196051685960916888BFD26849
S31508033180996094BFD960DA6010BD10220021024805
S3150803319003F0F5FAF8E700BFE8AB0020084BC117C0
S315080331A01A68A2FB000302FB013310F1807043F196
S315080331B00003400E40EAC310803820EAE0707047E7
S315080331C0F8AB00200722194B70B51A64184B194A35
S315080331D01E68194BF408E005C0184FEA163141F189
S315080331E00001002302F0A4FF144B154D186015487F
S315080331F0FFF7D4FF4042C5F8D00049F65800FFF759
S31508033200CDFFC5F89C001048FEF782FD024660B163
S31508033210E301500818184FEA16714FF0000341F1FD
S31508033220000102F085FFC5F8A80070BD000002B8CA
S315080332308CAB002065CD1D00B2E60E00F8AB00206E
S31508033240003F00B07011010040420F0010B504465C
S3150803325098B10B4BD3F8FC00FFF782FF4FF47A7350
S3150803326003FB04F0074BA0F57A60DA689B68104401
S31508033270C01ABDE81040FFF791BF4CF25030F8E78B
S31508033280004F00B0E8AB00202DE9F041054608469B
S3150803329014461E46FFF764FF002D00F0818072076F
S315080332A06BD5286900287DD04FF47A735843454B6C
S315080332B0A0F57A609B68C01AFFF770FFA062A88B17
S315080332C0002872D04FF47A7358433E4BA0F57A60C0
S315080332D09B68C01AFFF762FFE0613B4BE9681F680A
S315080332E0002965D04FF47A735943364BA1F57A61B1
S315080332F09A685B68891AC91A344BC8171A68DFF8BB
S31508033300D480A2FB011302FB003311F1807143F150
S315080333100003490E41EAC31180392D4B2162D3F8C4
S31508033320B8306362D8F8003053B1384604F09AF9D6
S3150803333030B12246D8F800302249D7F8E400984736
S315080333400021A869FFF782FF6063A86898B34FF462
S315080333507A735843A0F5FA50FFF720FF606128688F
S3150803336040B14FF47A72174B1B6803F51C5310339D
S3150803337002FB0030FFF712FFA061B30710D52846FA
S3150803338000F054F820636B69C3B10E4AD0684FF452
S315080333907A7202FB0300A0F5FA50FFF7FFFEE0621C
S315080333A0BDE8F0814CF2503086E74CF2503091E795
S315080333B04CF25031A0E747F23050CDE747F2305090
S315080333C0EBE700BFE8AB002040AC0020F8AB0020D9
S315080333D0003F00B0E4AB002070B5064608461C461D
S315080333E004F09CFA0546D6F8F00000F011F8436895
S315080333F0054A002BA8BF4FF4FA721A44034B601907
S3150803340092FBF3F2104470BD0CFEFFFF18FCFFFF9E
S3150803341040B10368012B05D90069034B002808BF8F
S3150803342018467047004870473CF60308406840B1A1
S315080334304FF47A72044B1B6803F51C53103302FBD3
S315080334400030FFF7ABBE00BFE8AB002070B5154CE4
S315080334508CB001AD0FCC0FC50FCC0FC594E8070090
S3150803346085E80700AC2200210F4803F088F9A0225B
S3150803347000210E4803F083F9202200210C4803F0AB
S315080334807EF904F080FC0B4B1B784BB1054E01AD5E
S315080334900FCD0FC60FCD0FC695E8070084E80700C2
S315080334A00CB070BDD43F00B0B43E00B0603F00B06E
S315080334B0E04F00B088AC0020084BD3F8FC0E084B4D
S315080334C09A6C110107D4074A926E920705D5D3F869
S315080334D0F4339B0701D500F580707047003000B0C0
S315080334E0000002B8004000B810B507F0E5FB0E214E
S315080334F004460320FEF762FF40F20122034B2046EF
S31508033500BDE81040DA6207F0D2BB00BF004000B83E
S31508033510012370B5074C2370074B1E68074B3240CF
S31508033520D3E9005319402840FAF764FF00232370B0
S3150803353070BD00BFA1AC002000AC00206083002052
S31508033540024B1879C0F3C000704700BF60830020A0
S3150803355010B50446FEF7BCFC00F08AFE2046FDF7CC
S3150803356007F8FEF75BFDFDF7F9FFFEF771F8FFF7BE
S3150803357029FE15490723154AD1F8FC1004F582706C
S31508033580FFF782FE4FF080710020FEF7E1FB4FF054
S3150803359000720F4B4FF400110120C3F80021FEF708
S315080335A0D7FB01F09DFF20B940F22112142101F047
S315080335B081FFFFF78BFD0120FDF7C4FEBDE8104030
S315080335C0002004F0E1BB00BF004F00B0983F00B0F5
S315080335D000D001B88023074A5364082340B15364D3
S315080335E0054AD2F8CC3E23F02003C2F8CC3E7047F6
S315080335F0024AF4E7001002B8003000B0002002B80F
S3150803360010B507F059FB012104460020FFF7E2FF36
S31508033610044B1961044B5B6898472046BDE8104084
S3150803362007F045BB000002B8B8B30020F7B50D464E
S315080336300024074607F040FB1E4B064620461C702F
S31508033640FFF7C8FF1C4B1D4A5A679C676879431ED8
S3150803365058425841FAF7B2FE40F60142164B9A67AA
S315080336602A792968012AD7F8143101D1994200D356
S31508033670CC1A042303200DEB03010194FEF738F853
S3150803368048B988220E4B30465A6407F010FB2124AA
S31508033690204603B0F0BD0B4D2B68984721280446F6
S315080336A004D1012100206B6898470024304607F0AF
S315080336B0FEFAEDE79DAC002000C001B80000010149
S315080336C0002002B8B8B3002038B5164C0546207852
S315080336D04FF42072B0FA80F03E21400901F0EAFE69
S315080336E055B14FF44062104BD3F80831C3F3812325
S315080336F023700E4BC3F8082160784FF42072B0FA92
S3150803370080F03E21400901F0D5FE55B14FF44062E1
S31508033710054BD3F80C31C3F381236370034BC3F80A
S315080337200C2138BD9AAC0020004000B8006000B8F0
S3150803373010B5104B104AD3F8B8001478596A9A6A28
S3150803374000F00F0021F4706122F0E052844241EA4E
S31508033750042142EA84624FF01F04084835BF9A627F
S3150803376059625962C0F8B84034BFC0F8B8409A6283
S3150803377010BD00BF00C000B882AC002000E000B84E
S31508033780A82238B51C4B5D6C03F500535A64102206
S315080337909A60A3F5804302F100521A675A6601F04C
S315080337A02DF8164B1B7813B90320FDF783FF002466
S315080337B0134B9C6701F04AF8124A134BD2F8FC1EC6
S315080337C00B40C2F8FC3E0422104B5A64104BC3F854
S315080337D0D440FFF7ADFFAB0608D50E4BD3F88430BC
S315080337E0B3F5817F22BF8022034B1A61FBF7D0FE14
S315080337F00022094B1A7038BD000002B89DAC0020A0
S3150803380000C001B8003000B0DF0000FF002002B896
S31508033810003E00B0003F00B09CAC0020144B10B52E
S315080338201B78CBB9134AD2F8A030D2F8A4100B40B0
S31508033830B3F1804F0CD34FF040400F490F4CC1F8FA
S31508033840A400D467C1F8A0004FF480210C4AD161C3
S31508033850094AC2F8A03010BD0A4A0B4B92F89010D9
S315080338609B690A4898474FF48022054BDA61F2E7C9
S3150803387097AC002000400050006000500000FF0194
S31508033880001002B8003F00B044B40020803F00B0E7
S31508033890A74B2DE9F04F9A6EDB6E87B002EA030851
S315080338A0A44BC3F868804FF03A43D3F81471D3F89E
S315080338B018311F40A04BC3F81471A04B9A68DB68F4
S315080338C002EA030A9E4BC3F808A003F52043DA6904
S315080338D01B6A02EA03099B4B09F47702DA619A4BDE
S315080338E0D3F80422D50605D4D3F8046116F01006D6
S315080338F000F0F78007F0E0F9944B5A695E6E02F020
S315080339000602003A18BF01221B6F00921E40904A16
S3150803391026F0007323F400637407536606D58D4AAD
S3150803392092F8C9300133DBB282F8C93007F0BFF920
S31508033930B8F1000F00F0F98018F0020400F0F380E4
S31508033940854B0025D3F8F4B303F500530BF00702B0
S31508033950CBF380041BF0020FC3F8F4234FEA445455
S315080339602ED007F0A9F90190FFF7A6FD03467B4A77
S315080339701268106811688842FCD010688842FCD027
S3150803398003930292FFF798FD039B029A984240F02D
S31508033990AA800198029307F08AF9714A029B136079
S315080339A06D4A526C12F4E05140F09F8023F07F4336
S315080339B023F0DF030BB9FFF7E3FE4FF080731C43D5
S315080339C01BF0010F11D0644B5E495B6C03F4604234
S315080339D04A64002A00F09E801A0400F19E809B0424
S315080339E040F19E804FF000631C43C8F340384FEA0A
S315080339F048085C4B3B40002B4BD017F4206F0AD08A
S31508033A0040F2C9520621002001F054FD002000F0BF
S31508033A1079FF27F48027F80506D5FF22494B44F496
S31508033A20C0649A60FFF760FD17F0090F0BD040F2E8
S31508033A30DE520821002001F03DFD00F057FF4FF04C
S31508033A403A4301225A6317F0106F0CD040F2E7523B
S31508033A500921002001F02EFD00F048FF002211463F
S31508033A601046FCF787FE17F4202F0AD040F2EF52D0
S31508033A700721002001F01EFD002000F043FF27F474
S31508033A808027F90301D5FCF7CBFF002FB8BF48F011
S31508033A9008087A070ED54FF03A431B6B13F4005FF9
S31508033AA04FF4005317BF244A2F4A136344F4000400
S31508033AB008BF13637B0548BF44F0040417F4802347
S31508033AC0019300F0B980FCF763FF013806284DD847
S31508033AD0DFE810F077017A0177017D018001830120
S31508033AE08301009624E7034643E702910192FFF711
S31508033AF047FE019A134B0299D004596404D451051D
S31508033B0005D54FF080635AE74FF0804357E74FF0E8
S31508033B10805354E74FF0007366E74FF0004363E7BB
S31508033B204FF0005360E725465FE74446454660E79E
S31508033B30004000B8006000B8002000BA004001B891
S31508033B40006001B8002002B800E100E000C001B837
S31508033B5000E001B8003E00B0000002B848F30308CD
S31508033B60FCAB0020090B0B89001000BA4FF4C462A2
S31508033B700321002001F09EFC4FF03A420121D2F8BE
S31508033B808C30D2F8AC0003F00703063301FA03F3CB
S31508033B90C0F30C001B1A9BB2072B12D99B4B5B6C09
S31508033BA058020ED49A48D36CD26E406D58B103F0BE
S31508033BB0070306339940C2F30C03C91A89B20929C4
S31508033BC001D844F40074934B1B78002B34D04FF080
S31508033BD03A43D3F8143113F4A02F2DD18E4BDFF8C3
S31508033BE070B21B7883B9F3040ED49BF800305BB12B
S31508033BF08A49C4F3C003D1F8FC1E83F001035B00B2
S31508033C0021FA03F3980717D10420FDF753FD844BD4
S31508033C108449596700F01EFB9BF8003043B9824B71
S31508033C201B782BB1814B824A1B682340134201D16F
S31508033C3044F4804426F48056BAF1000F27D01AF4C8
S31508033C40805F18BF44F480241AF4807F18BF44F4B5
S31508033C5000241AF4005F18BF44F010041AF4007F16
S31508033C6018BF44F020041AF4806F06D04FF480621C
S31508033C70704B44F04004DA609A601AF4006F06D079
S31508033C804FF400626B4B44F08004DA609A60B9F132
S31508033C90000F00F0AA8019F4802F18BF45F40075A9
S31508033CA019F4803F18BF44F4805419F4801F18BFD1
S31508033CB044F4003419F4800F18BF44F0020419F4CD
S31508033CC0003F18BF44F4801419F4000F18BF45F0D9
S31508033CD0100519F4002A1AD0504BD3F8CC3E13F02A
S31508033CE0C00F7FD0494BDA6802F03062B2F1407FE9
S31508033CF005D19A6CD10602D4DB6C1A0770D54FF43A
S31508033D0000224FF0000A4C4B29F40029DA6119F412
S31508033D10001F01D044F48004002E00F04D813305C2
S31508033D201ED54649DFF8F8B091F80390444AB9F12D
S31508033D30000F00F08F804FF4006009F1FF395066D9
S31508033D405FFA89F2CA703AB93E4A1278002A4ED007
S31508033D5040F601423C4B5A670022134614431D435F
S31508033D60B00009D52E20FDF7EDFB4FF00052344B7A
S31508033D7045F008051A675A66F10608D52B20FDF79C
S31508033D80E1FB10222E4B45F400151A675A6616F006
S31508033D90306F40F0A780F20440F1FC80009B002BB3
S31508033DA040F0DE80254A1379002B00F04081013B61
S31508033DB0DBB2137113B9244B244A5A6700231C43F5
S31508033DC0E8E044F48034D7E644F40064D4E644F4E3
S31508033DD08064D1E644F48074CEE644F00804CBE666
S31508033DE044F400144FF4002A91E7CA4694E7DBF833
S31508033DF0782012F4A05F15BF4FF4807240F6014293
S31508033E00CBF85820CBF87820A6E700BF000002B805
S31508033E10004000B8A3AC0020A2AC0020003000B0DC
S31508033E2000C001B8000001019EAC00206083002099
S31508033E30088D0100006001B8002002B88DAC00208F
S31508033E4000E001B89DAC002000D001B80000010DC8
S31508033E509FAC00200320FDF72DFC4FF40061964A22
S31508033E605166DBF8141011F0060126D04846FDF713
S31508033E70B9FDDBF86410DBF870308F4A0B4013F09A
S31508033E80100F1FD010232D2013675366FDF75AFB17
S31508033E904FF4001989498A4AB1F8C63013F4006FFA
S31508033EA01CD023F40063A1F8C630137803F0FF028D
S31508033EB05BB14FF400424B4650E741F61F7050671B
S31508033EC0CBF878104FF00009E4E70292FDF74CFFB0
S31508033ED0FFF756FC029A49F020033FE713784FF49D
S31508033EE00052E8E7330115D52920FDF72BFB754B5F
S31508033EF07549DB6803F48042C3F380330B70FFF71D
S31508033F001FFB28B1714B6C4971484B660367D2B9DD
S31508033F1045F00405B00123D50420FDF7CBFB272084
S31508033F20FDF710FBFFF72CFC4FF00072624B5A6645
S31508033F30684BD3F8FC2E520673D4674B02229A6059
S31508033F4045F0020523E00B6720204B66FDF7FAFAD6
S31508033F5045F400152D2045F00C05FDF7F3FAD9E7CE
S31508033F6016F0807FDFF8749146D00420FDF7A2FB94
S31508033F702820FDF7E7FAD9F87830002B38D1FFF770
S31508033F80FFFB4D4B514A45F001051A675A66002255
S31508033F90524B9A65320404D5514B1B689847044320
S31508033FA00D43730508D54F4A9378002B7ED0013B02
S31508033FB09370002348EA0308424620462946FFF73A
S31508033FC0A7FA019B0BB1FCF719FD0122464B07F033
S31508033FD00437C3F81471454BC3F88421BAF1000FAB
S31508033FE003D04FF400223C4BDA6107B0BDE8F08FEB
S31508033FF00023C9F87830C4E7F104C8D50420FDF7CF
S3150803400059FB3B4BC9F87430FDF7AEFED9F864305B
S3150803401013F0407FBBD12A20FDF794FAFFF7B0FBD4
S3150803402086E7D3F8CC3E9B068AD4324B86E7042030
S31508034030FDF740FB0320FDF73DFB284B2C4A5A6747
S3150803404006F03AFE81460DF11700FEF75DFA2A4B94
S315080340501B781BB10090FFF747FA009803280BD18A
S315080340600020FEF751FA032806D1164B9A6AD007A1
S31508034070F6D49A6CD103F3D49DF81730032B06D1E3
S3150803408001221E4B48461A7006F011FE96E64FF0BB
S315080340903A43D3F8143113F4A02FF1D100F0DAF828
S315080340A0484606F004FE4FF4804388E60220FDF7EF
S315080340B001FB01237EE700BF00E001B8003E00B024
S315080340C09DAC0020000002B89CAC00201000002024
S315080340D000D001B8003000B0002002B800C001B813
S315080340E094B400208DAC0020002000BA00E100E063
S315080340F000000101001002B8A0AC0020A2AC002009
S315080341000122024B1A62DA61704700BF002002B827
S31508034110094A08B5D369116A0B40084923F47F0095
S31508034120DB07C86106D5D1684FF0FF30C1F30361D9
S3150803413003F063FC08BD00BF000002B8002002B804
S31508034140144B10B59C6CDB6C1C40134BE2079C6448
S315080341500DD5124B40F67A021878122100F00100A9
S3150803416001F0A8F9002201200021FFF7D1F9630520
S315080341700FD50A4B40F6810258794D21C00901F043
S3150803418099F9BDE81040002200204FF40041FFF7DB
S31508034190BFB910BD00C000B800E000B860830020B6
S315080341A038B50B4C0B4DD4F88430DB0706D4A36F14
S315080341B0D4F884201340084A936738BDD5F80431E8
S315080341C01A06F0D501F0D2FA8023C5F88431EAE756
S315080341D0008001B800E100E000A001B808B506F0C8
S315080341E06BFD0E4B1A78A2B90D4A126812F4843F76
S315080341F00FD10C4A102111651B7863B9084B1B684C
S31508034200DB0508D4074B20221A65BDE8084006F0EB
S315080342104EBD054AEEE7044BF5E700BFA3AC002005
S3150803422060830020002002B8001002B810B506F01B
S3150803423043FD0E2104460320FEF7C0F840F201228F
S31508034240034B2046BDE81040DA6206F030BD00BFD6
S31508034250004000B80022044B1A70044B197811B1B8
S315080342601A70FFF7BBBF7047A2AC0020A3AC0020AF
S3150803427038B506F021FD4FF00043244C0546C4F833
S315080342808030BFF34F8FBFF36F8F0123C4F8843099
S31508034290BFF34F8FBFF36F8F0223C4F88430BFF386
S315080342A04F8FBFF36F8F0423C4F88430BFF34F8F48
S315080342B0BFF36F8F0823C4F88430BFF34F8FBFF360
S315080342C06F8F134B1B6A98471023C4F88430BFF3C8
S315080342D04F8FBFF36F8F2023C4F88430BFF34F8FFC
S315080342E0BFF36F8F4023C4F88430BFF34F8FBFF3F8
S315080342F06F8F4FF48073C4F88430BFF34F8FBFF3C7
S315080343006F8F2846BDE8384006F0D1BC00E100E0CF
S3150803431044B4002038B506F0CFFC05464FF00043F9
S315080343200C4C2360012363600423636008236360E2
S31508034330094BDB6998471023636020236360402396
S3150803434063604FF4807363602846BDE8384006F01F
S31508034350AEBC00BF00E100E044B400202DE9F047FD
S31508034360DDF8209003EA0108099B06460D4602EA92
S31508034370000703EA090AB9F1000F40F00B81031F8E
S315080343800B4300F0BA80052871F1000380F086809C
S3150803439050EA010300F0FB81431E0B4300F0D08073
S315080343A0FFF766FF944AD2E9004324EA060423EAA0
S315080343B005033C4343EA0807904BC2E900471E68D6
S315080343C026EA090646EA0A061E60FFF707FF16F0FD
S315080343D0020F42F2020308BF0223894A8948D26EB2
S315080343E083EA020122EA0302C266874A0B40816610
S315080343F0D366C4F380421203200348BF42F4807293
S31508034400E10648BF42F400528049A30648BF42F476
S31508034410007214F0400FD1F894307D4800F0D9802B
S315080344205D0505D44FF480652B438560C1F8943048
S3150803443014F0800FD1F89430754800F0D2801D052A
S3150803444005D44FF400652B438560C1F89430714B4E
S315080344506F48DB6817F4007F82EA030123EA020345
S31508034460C3606D4B02EA01028160DA6007F40071EA
S31508034470664B00F0E3800121684A83F8901092F8AE
S315080344802D004FF00073002800F0B38064480365DD
S315080344909369644898474FF48025E2E04FF4004354
S315080344A0994208BF4845544C63D081458B41FFF474
S315080344B077AFA0F580630B4306D020F48063A3F59A
S315080344C000730B437FF46CAF06F0F6FBD4E90032B6
S315080344D023EA060322EA050242EA08023B43C4E941
S315080344E00032514A126892F80211504A09B313F47A
S315080344F0C06F1ED04FF4807311E006F0DDFB3E4A11
S31508034500D2E9003123F004033B4341EA080157EAA1
S315080345100807C2E900314FF48063444A0BD0C2F856
S315080345201431A2F58052C2F81831BDE8F04706F0F7
S31508034530BEBB4FF48073C2F81831C2F81431F4E7DE
S3150803454006F0BAFB2C4AD2E9003123F001033B43B8
S3150803455041EA0801C2E900310123354A57EA080747
S315080345601BBF9364A2F58052D364D36408BF9364D4
S31508034570DBE706F0A1FBD4E9002323F400433A431F
S3150803458043EA0803C4E9002357EA08074FF480639C
S31508034590274AE5E750EA01037FF402AFB9F1010FB1
S315080345A07FF4FEAE06F088FB144A136823F0010372
S315080345B043EA0A0313604FF480631E4ABAF1000FF5
S315080345C004D05366A2F580521367AEE713675366A2
S315080345D0ABE723F48063C1F894304FF480638360B8
S315080345E026E723F40063C1F894304FF4006383602D
S315080345F02DE7114A13654EE76083002000AC0020BF
S31508034600004000B8006000B8005000B8003F00B092
S31508034610006001B8004001B8005001B844B4002056
S31508034620001002B8803F00B040AC0020002000BA5A
S3150803463000E000B800E001B8002002B893F8902023
S3150803464072B1544883F8901090F82D304FF00072E9
S31508034650002B00F08C80504B1A6583694F489847A6
S315080346600025E00448BF45F48035A10348BF45F457
S315080346708015A20748BF45F4800514F4001FDFF828
S315080346805C8106D0D8F8000003F03AF808B945F477
S315080346900025E302424B48BF45F40035F8061A6A7B
S315080346A048BF45F40005610248BF45F4001585EA8D
S315080346B0020323F001033B491A400A621D40CB61FA
S315080346C0394A354B16F0010F1D62384B08BF13469E
S315080346D07A07374A48BF43F00063126F354883EABF
S315080346E0020122EA03020267334A0B404166136753
S315080346F0324A04F00103D26C3D0448BF43F4806395
S315080347002F4883EA020122EA0302C2642D4A0B40B8
S315080347108164D364D8F80020200248BF2A4B92F854
S31508034720022158BF294B610748BF43F4806322B16E
S3150803473014F4C06F18BF43F4807332074FF03A423C
S31508034740BDE8F047D2F8181148BF43F0004383EA9F
S31508034750010222F4A0221E481140C0F81811134082
S31508034760C0F814211B4AC2F81831FFF7D3BD0D4907
S315080347700A65194AD2F8A41002F50052C2F8A41021
S31508034780C2F8A0104FF05022C2F8A43068E7BDE87B
S31508034790F08700BF44B40020001002B8803F00B081
S315080347A0000002B8002002B804180003041C000322
S315080347B000C001B800E001B800D001B800C000B8D5
S315080347C000E000B800D000B80D0A0A09090A0A0968
S315080347D0002000BA001000BA0040005040AC002088
S315080347E0024B186800F00100704700BF6083002081
S315080347F0014B5879C0097047608300200A4B197822
S3150803480001F0FF0229B10021197008499202C1F883
S315080348100821597801F0FF0229B100215970930242
S31508034820024AC2F80C3170479AAC0020005000B80F
S315080348304FF40063044A53640223C2F8F433A2F51F
S31508034840E0329366704700BF001002B8F8B5084C0B
S31508034850084D636C0423084F6B64636C5B0300D4D5
S31508034860F8BD042602207E6403F03CF86E64F4E780
S31508034870000002B8001002B8002002B838B5044692
S3150803488071B940B1154BDB6813F0606F04D04FF470
S31508034890C062134B9A6538BD124B1B6CD907F6D405
S315080348A0FFF7C4FC0D4D0020FDF72EFE032801D0AB
S315080348B0092805D1AB6ADA07F5D4AB6CDB03F2D466
S315080348C0FFF7C4FF0122084B5A6102229A620422A7
S315080348D003F580535A64002CDDD0D8E7000002B8EC
S315080348E0006001B800C002B8001002B808B5032179
S315080348F00920FDF763FD2022014B1A6108BD00BF9D
S31508034900000002B838B5054606F0D6F90E4B04463C
S315080349101868FBF75BFF35B1FFF79CFC2046BDE83B
S31508034920384006F0C4B9094B1B78002BF6D0084B60
S315080349301D78002DF2D1FFF78DFC2A464FF48040EF
S315080349400021FEF7E5FDE9E740AC0020A2AC002014
S31508034950A1AC00202DE9F84F564B07460E461546DF
S315080349605C6C002A40F0A48004F0A004003C18BF45
S315080349700124FAF70DFEFEF7DBFEA0234FF0000A2B
S315080349804D4A03205364FCF795FE0420FCF792FE78
S31508034990DFF85881FFF75EFC484B4FF0040BC8F865
S315080349A07430C8F878A0FFF751FF454B424AD3F84D
S315080349B0CC1EDFF8009141F02001C3F8CC1EFF217D
S315080349C091604FF48071C9F81010D3F8FC1E3D4866
S315080349D00840C3F8FC0EC2F844B0C3F8D4AED8F8FE
S315080349E0143013F0060F04D0FDF7BEF95846FCF74A
S315080349F061FE0CB1FFF71CFF47B1FFF717FCFFF782
S31508034A0075FF0420FCF756FEFFF7F8FED9F81430B5
S31508034A10D9074BD5274AD36813F0706FFBD1264BBA
S31508034A20294A5A64294A536F23F0F003536716B188
S31508034A302846FFF767FF264BD3F84C315A1C01D09B
S31508034A405B0002D501221C4B5A61002D2ED0214B47
S31508034A501E49DA6E03F500539A6603F5D0331B6ACB
S31508034A60154A23F00103D3611B4BD1F89400DB6885
S31508034A701A4903438B601A4BC860D3F8841003F5AD
S31508034A80005399674FF03A43D3F8181103F50053C7
S31508034A90C3F81411134BD96C03F5005399641249DF
S31508034AA003F5803359664FF608435364BDE8F88F18
S31508034AB000245EE7000002B8002002B800000101E6
S31508034AC0003000B0DF0000FF10003000003F00B0E8
S31508034AD00080E00F004000B8004001B8006001B84C
S31508034AE0008001B800C000B85000002F00C001B80C
S31508034AF038B514460D4606F0DFF8064BD3F8CC2E28
S31508034B0054402C405440C3F8CC4EBDE8384006F018
S31508034B10CEB800BF003000B0034BD3F8CC3E994360
S31508034B200CBF012000207047003000B0184BD3F8A3
S31508034B30CC2E12F0010312D0164B93F85830164AAE
S31508034B4043F08073C2F8D0304FF4801302F5005255
S31508034B50C2F8B430A2F58052C2F8B830704712F0E2
S31508034B60C00FECD10B4B93F8571021B1D20602D5DF
S31508034B7093F85430E3E74FF480120020074B0649B5
S31508034B80C3F8B820C1F8D000C3F8B420704700BFF3
S31508034B90003000B0003F00B0004000B8006000B825
S31508034BA070B5164E032804460D4633781ED023FAED
S31508034BB004F202F0010295421DD053B10122A2402C
S31508034BC0A54023EA02032B43DBB233704BB1012022
S31508034BD070BD2DB10A4B01201B6898473378EDE762
S31508034BE03570074B00201B689847F0E79A07DED015
S31508034BF003F0FC03E9E7002070BD00BFA5AC002065
S31508034C003CAC0020F8B505460C4606F055F8104F9F
S31508034C1006463B7833B1012D04D01CB90D4804F080
S31508034C20EDFF3C7021462846FFF7BAFF0A4B0446B8
S31508034C301B783BB93B782BB902F034FC10B1074B10
S31508034C401B689847304606F032F82046F8BD00BF81
S31508034C50A6AC002014AC0020A5AC0020B8B30020F5
S31508034C60054A0B46117831B100211170034A012117
S31508034C705268187810477047A6AC0020B8B30020CE
S31508034C8038B5074D04462B78834207D0F9F774FFE6
S31508034C9020462C70BDE83840D7F7AAB838BD00BF00
S31508034CA0A4AC00201B4B022910B5187002D00329A7
S31508034CB004D010BD184B1B78002BFAD100F062F90B
S31508034CC00028F6D04FF08042144BC3F88020BFF378
S31508034CD04F8FBFF36F8FF9F71FFF0028E9D0F9F756
S31508034CE0FFFC0028E5D10E4B1C6834B123689847AE
S31508034CF0BDE810400020F9F733BF02F0E1FF094B86
S31508034D00186004F0F5FC084B18602046F9F70CFF09
S31508034D10EEE700BFECB40020A4AC002000E100E0FD
S31508034D20A4AA002038AC002034AC002038B50446C9
S31508034D300D4600F027F980B14FF08042124B1A60F6
S31508034D40F9F7EAFE48B9012D07D80120F9F708FF54
S31508034D500E4B1B6823B15B6898470D4B1C7038BD17
S31508034D6004F0C6FC0B4B1A68801A186004F018FE88
S31508034D704FF47A72084B1B6802FB003002F0A2FF5D
S31508034D800120F9F7D1FEE8E700E100E0A4AA002034
S31508034D90ECB4002034AC002038AC0020F0B585B064
S31508034DA005F08AFF334D04462B7823B1324804F0C5
S31508034DB025FF002847D104F027FB02AA03A902F01E
S31508034DC05BFB0346002837D002F06AFB029B984236
S31508034DD01BD10020294B03991B68294E9942307031
S31508034DE01FD90027C91A012323482B70254A33469E
S31508034DF00197009704F050FC68BB234A1378D90738
S31508034E0001D5317861B3204611E002F047FB029BD6
S31508034E1098421ED0002318461849194A0968137080
S31508034E2003910121FFF7BCFE002320462B7005F0F2
S31508034E303EFF002005B0F0BD20462B7005F037FF76
S31508034E40212005B0F0BD204605F031FF0E2005B040
S31508034E50F0BD0220BEE7032320462F703370F3E725
S31508034E6003F0FE031370002BCDD1084B1B6898473C
S31508034E702046DCE7A6AC002014AC0020ECA90020F1
S31508034E80EBB40020614C0308A5AC00203CAC002021
S31508034E90144B10B593F82D300BBB134B00245B6FE3
S31508034EA0124903F44073B3F5007F04BF0222104B83
S31508034EB0104808BF1A60104B104A1C70104B1A6032
S31508034EC0104A5A60D6F710FF0F481049D6F70CFF59
S31508034ED00F4B104A1A60D4F7E7FF204610BD0E2081
S31508034EE0FCE700BF44B40020004000504CF603081A
S31508034EF0ECA9002004AC0020A6AC00209D4D0308B5
S31508034F00B8B30020054C03080CAC002054F603087C
S31508034F103CAC0020814C03082DE9F843DFF8609088
S31508034F200646D9F8008008461746B8F1000F03D09D
S31508034F300E242046BDE8F88306B3336801331DD132
S31508034F40E1B100F027F805460028F1D0C9F80000BA
S31508034F5000F090F8284602F084FD044640B1404626
S31508034F60C9F8008000F086F8284602F075FDE0E7E8
S31508034F703560002FDDD02846B847DAE72124D8E77D
S31508034F8040AC0020024B1868003818BF0120704750
S31508034F9040AC0020F8B5044605F08EFE0026074609
S31508034FA00E4B1B6893B19E68AEB196F82420D207C0
S31508034FB011D435460FCC0FC50FCC0FC523682B600C
S31508034FC096F8243043F0010386F82430384605F072
S31508034FD06EFE3046F8BD1B68E4E700BF88B40020C0
S31508034FE0431E033306D8044B984228BF1846642841
S31508034FF038BF6420704700BF40420F0038B50546E6
S315080350000C46F9F7CFFD30B1204600F0EBFA7422CF
S31508035010412100F04FFA44B1236833B11B680133C9
S3150803502003D0E3680BB1A36843B902F01DFC002063
S315080350309122412100F03EFA212038BD2046FBF794
S31508035040C1FD0023094A85F83C31C5E93A43136093
S315080350505360636943B1064A42211068B322C31AEF
S315080350605842584100F026FA0020E6E77CB40020AF
S315080350708CAB002010B5044618B9054B054A1360D6
S3150803508010BDF8F76FFDD4F8F430002BF6D1F4E72A
S31508035090297B03088CB4002008B502460868FFF785
S315080350A09FFF08604868FFF79BFF48608868FFF71B
S315080350B097FF8860C868FFF793FF0B69C860581C99
S315080350C003D00B48834228BF03460B614B69581C20
S315080350D003D00748834228BF034688694B61FFF715
S315080350E07FFFBDE8084088611046F9F785BA00BF17
S315080350F040420F00D0F8EC302DE9F04105460C4646
S3150803510013B1C38D8B424ED0D5F8E830002B4DD062
S315080351109E68002E4AD0D868002847D0013800B2C6
S3150803512000281DDB002107E0128A0CF10101A242C7
S3150803513019D209B2884213DB0B1803EBD3735B103E
S3150803514003EBC30206EB8202B2F80EE01FFA83FCF6
S31508035150A6450CF1FF3EE7D90FFA8EF08842EBDA43
S315080351602120BDE8F0814FF6FF729445F8D09BB233
S3150803517003EBC30306EB83062846B6F9122095F814
S315080351803011D5F8FC80D5F7C1F80746B8F1000FFA
S3150803519004D00023324628461946C047EC85C5F88D
S315080351A0EC6085F839710020BDE8F0810E20BDE872
S315080351B0F08100BF2DE9F04782B0044688461646BB
S315080351C0F9F79EFC00286ED15C4D2F68D4F8E8A049
S315080351D0D4F8EC901FB1574500F088800027C5F82E
S315080351E00880FAF715FA0128804604D0012100221F
S315080351F0084602F065FC2B68DAF80010D9F8002097
S315080352001BB11868884200F08280204602F018FA1B
S3150803521094F82530DA074AD543F0010384F8253094
S315080352200FB1002E4AD0464BC5F800A01A78C5F828
S3150803523004908DF80760002A4FD0D4F8EC30B4F9FF
S31508035240461023B1B3F912309942A8BF194632461C
S315080352502046F9F7E1FE2046F9F79CFF054607B114
S315080352608EB1B5FA85F040F205423321400900F0C4
S3150803527021F931462046FAF7CBF8324B054649461B
S3150803528020461B689847D4F89830FBB9B8F1010F44
S3150803529005D025B12C4B002103205B689847284687
S315080352A002B0BDE8F0870023244D6B608DE74EBB43
S315080352B066F3000384F82530002FB4D02046F9F7A7
S315080352C069FFD4F898300546002BDFD000224FF447
S315080352D000732046F8F756FCD8E7D4F8FC50F5B126
S315080352E0114620460DF10703A847B4E76F68002F58
S315080352F03FF475AF4F457FF471AFAB6843451AD09A
S3150803530001276CE743F0010384F825308BE76968C6
S3150803531019B1096891423FF47BAF596875E794F868
S315080353202A1094F839313246994228BF194620463D
S31508035330F9F740FE8FE70025B1E700BF7CB40020EC
S31508035340A8E103088CB40020B8B30020F8B50546D5
S315080353500E4605F0B1FC314607462846FFF7CAFE56
S31508035360044620B1384605F0A2FC2046F8BDFAF7F4
S315080353702FF9224631462846FFF71CFF0446002824
S31508035380F0D195F92430002BECDA284602F085F99A
S315080353900028E7D02246284695F82C1002F0A6F8EE
S315080353A00446DFE770B504460E4605F085FC31462C
S315080353B005462046FFF7CAFF044620B9044B0146B3
S315080353C05B6803209847284605F071FC204670BDA4
S315080353D0B8B300202DE9FF4106460D4690460AB9A3
S315080353E0D0F898804146304602F007FC18F0010FC2
S315080353F002D0304600F04EF9FBF78CF8244B0446EE
S315080354000FCB6F468DE80F006DB1FF2C0DBF2B68D0
S3150803541004AB55F8242000930BBF6B6803EB840396
S31508035420019343F8102C18F4803F17D122463946C6
S31508035430304602F076F970B96DB1FF2C0FBF009BA9
S3150803544004AB03EB840353F8103C05BF2B60019BA5
S3150803545045F824306B6004B0BDE8F081FF2C0BD10E
S31508035460009B01330ED0019B01330BD022463946EC
S31508035470304602F074F9DEE704AB03EB840353F812
S31508035480103CF1E722463946304602F0CCFAD2E719
S31508035490EC2D040838B5044D044C054B28602160EF
S315080354A01A60D9F733FA38BD44AC002090B400200B
S315080354B048AC002010B550B90548064B01600648AC
S315080354C002601868054B18601868FFF7E3FF10BDFC
S315080354D090B4002040AC002048AC002044AC002027
S315080354E04FF604014FF60502044B01201B6C9BB2D1
S315080354F08B4208BF1346024A136670470080E00FC3
S3150803550000C001B8124A10B5D2F84C315468D269B2
S31508035510104912F4401F0FD15A1C0DD124F04044F0
S3150803552024F44004240C24040B4802F006FC214608
S31508035530BDE8104002F001BC084A19409442F3D171
S3150803554003F4FE43B3F5807F08BF41F4A061EBE79C
S315080355500080E00FE0FFF01FCF13468B1400150100
S31508035560B1F1006F2DE9F0470C460DD31C4BCA1C4D
S315080355709A4209D84FF0000844F6FC7654F82810E6
S315080355804FEA88094B1C01D1BDE8F08702F0D5FB29
S3150803559001F0E063B3F1407F844608F10107C1F3E4
S315080355A0074514D18BB2F31AB5EB930F4FEA930A57
S315080355B00DD909F104015246214402F0D9FB844668
S315080355C008F10208013D0AEB0807A5EB0A052A4676
S315080355D0604604EB870102F0CBFB07EB0508CDE732
S315080355E0FFFF0708B0F1006F2DE9F04104460AD31F
S315080355F0254B00F117029A4205D8244B244A1978F9
S315080356000023994224D800252427FFF77BFF216826
S31508035610FFF7A6FF6168FFF7A3FFE668AE4221D14D
S315080356202269111A4B424B41B4F1006F15D316493F
S3150803563004F117058D4210D8824222D1134A1378F2
S31508035640052B09D8124941F823400133137003E0A7
S3150803565052F8040BA04203D101231846BDE8F08192
S315080356600133CEE707FB05F3A2680135D15802EBF0
S315080356700308FFF775FF042208EB020102F078FB23
S31508035680CCE70023E9E700BFFFFF0708A7AC002024
S315080356904CAC0020F8B52F4EF36803F07063B3F1F2
S315080356A0007F54D102F017F905462B4FB46A14F458
S315080356B080243AD105F000FBF368054603F07063CE
S315080356C0B3F1007F2CD1736C98053CD5234BD3F8E3
S315080356D0D03059889A68C90748BF1821D66848BF81
S315080356E0927806F4000044BF01FB023303F10C026F
S315080356F01B4B06F008069B6993608022194BDA60F8
S3150803570038B14FF4003203F5A043CF20DA61FBF733
S3150803571019FFC6B14FF40072134B5A6402229A60FA
S31508035720284605F0C4FA2046F8BD02F0D4F8401B13
S31508035730B8424FF064024FF047018CBF00200120A6
S31508035740FFF7B8FEB2E78022024B1A61E8E70224A4
S31508035750E9E700BF000002B83F420F00003E00B071
S3150803576000C000B800C001B8002002B838B50B4D18
S315080357702C6C6B6C1C400A4B24F002021A64E20779
S3150803578005D540F2BD1200202968FFF793FEA3074B
S3150803579041BF0222024B1A646B6838BD0080095068
S315080357A000A0095081F0004102E000BF83F00043E6
S315080357B030B54FEA41044FEA430594EA050F08BF9B
S315080357C090EA020F1FBF54EA000C55EA020C7FEA5F
S315080357D0645C7FEA655C00F0E2804FEA5454D4EBDC
S315080357E05555B8BF6D420CDD2C4480EA020281EAA6
S315080357F0030382EA000083EA010180EA020281EADE
S315080358000303362D88BF30BD11F0004F4FEA01312F
S315080358104FF4801C4CEA113102D0404261EB41013E
S3150803582013F0004F4FEA03334CEA133302D05242C4
S3150803583063EB430394EA050F00F0A780A4F1010480
S31508035840D5F1200E0DDB02FA0EFC22FA05F28018BA
S3150803585041F1000103FA0EF2801843FA05F35941A0
S315080358600EE0A5F120050EF1200E012A03FA0EFC1F
S3150803587028BF4CF0020C43FA05F3C01851EBE37149
S3150803588001F0004507D54FF0000EDCF1000C7EEB66
S3150803589000006EEB0101B1F5801F1BD3B1F5001FA4
S315080358A00CD349085FEA30004FEA3C0C04F10104C3
S315080358B04FEA445212F5800F80F09A80BCF1004FEC
S315080358C008BF5FEA500C50F1000041EB045141EA6E
S315080358D0050130BD5FEA4C0C404141EB0101013C37
S315080358E028BFB1F5801FE9D291F0000F04BF014626
S315080358F00020B1FA81F308BF2033A3F10B03B3F1F8
S3150803590020020CDA0C3208DD02F1140CC2F10C0287
S3150803591001FA0CF021FA02F10CE002F11402D8BFE5
S31508035920C2F1200C01FA02F120FA0CFCDCBF41EAB1
S315080359300C019040E41AA2BF01EB0451294330BD80
S315080359406FEA04041F3C1CDA0C340EDC04F114045D
S31508035950C4F1200220FA04F001FA02F340EA030034
S3150803596021FA04F345EA030130BDC4F10C04C4F17A
S31508035970200220FA02F001FA04F340EA030029465A
S3150803598030BD21FA04F0294630BD94F0000F83F4A4
S31508035990801306BF81F480110134013D4EE77FEA87
S315080359A0645C18BF7FEA655C29D094EA050F08BFD3
S315080359B090EA020F05D054EA000C04BF19461046B4
S315080359C030BD91EA030F1EBF0021002030BD5FEAF8
S315080359D0545C05D14000494128BF41F0004130BD20
S315080359E014F580043CBF01F5801130BD01F0004574
S315080359F045F0FE4141F470014FF0000030BD7FEAE7
S31508035A00645C1ABF194610467FEA655C1CBF0B46E1
S31508035A10024650EA013406BF52EA033591EA030FF8
S31508035A2041F4002130BD00BF90F0000F04BF0021F0
S31508035A30704730B54FF4806404F132044FF0000523
S31508035A404FF0000150E700BF90F0000F04BF00219C
S31508035A50704730B54FF4806404F1320410F0004502
S31508035A6048BF40424FF000013EE700BF42004FEAFD
S31508035A70E2014FEA31014FEA02701FBF12F07F437A
S31508035A8093F07F4F81F06051704732F07F4208BF31
S31508035A90704793F07F4F04BF41F40021704730B538
S31508035AA04FF4607401F0004521F000411CE700BF84
S31508035AB050EA010208BF704730B54FF000050AE007
S31508035AC050EA010208BF704730B511F0004502D508
S31508035AD0404261EB41014FF4806404F132045FEA0A
S31508035AE0915C3FF4D8AE4FF003025FEADC0C18BFB3
S31508035AF003325FEADC0C18BF033202EBDC02C2F1A5
S31508035B00200300FA03FC20FA02F001FA03FE40EA36
S31508035B100E0021FA02F11444BDE600BF70B54FF03A
S31508035B20FF0C4CF4E06C1CEA11541DBF1CEA135518
S31508035B3094EA0C0F95EA0C0F00F0DEF82C4481EA80
S31508035B40030621EA4C5123EA4C5350EA013518BFA0
S31508035B5052EA033541F4801143F4801338D0A0FB8D
S31508035B6002CE4FF00005E1FB02E506F00042E0FB3A
S31508035B7003E54FF00006E1FB03569CF0000F18BF40
S31508035B804EF0010EA4F1FF04B6F5007F64F54074E8
S31508035B9004D25FEA4E0E6D4146EB060642EAC6217B
S31508035BA041EA55514FEAC52040EA5E504FEACE2EE8
S31508035BB0B4F1FD0C88BFBCF5E06F1ED8BEF1004FEB
S31508035BC008BF5FEA500E50F1000041EB045170BD67
S31508035BD006F0004646EA010140EA020081EA0301AB
S31508035BE0B4EB5C04C2BFD4EB0C0541EA045170BDA7
S31508035BF041F480114FF0000E013C00F3AB8014F121
S31508035C00360FDEBF002001F0004170BDC4F1000469
S31508035C10203C35DA0C341BDC04F11404C4F12005EA
S31508035C2000FA05F320FA04F001FA05F240EA020045
S31508035C3001F0004221F0004110EBD37021FA04F67B
S31508035C4042EB06015EEA430E08BF20EAD37070BD35
S31508035C50C4F10C04C4F1200500FA04F320FA05F094
S31508035C6001FA04F240EA020001F0004110EBD37096
S31508035C7041F100015EEA430E08BF20EAD37070BD06
S31508035C80C4F1200500FA05F24EEA020E20FA04F3DF
S31508035C9001FA05F243EA020321FA04F001F000418E
S31508035CA021FA04F220EA020000EBD3705EEA430EFF
S31508035CB008BF20EAD37070BD94F0000F0FD101F02E
S31508035CC00046400041EB010111F4801F08BF013C67
S31508035CD0F7D041EA060195F0000F18BF704703F0A5
S31508035CE00046520043EB030313F4801F08BF013D2C
S31508035CF0F7D043EA0603704794EA0C0F0CEA1355E8
S31508035D0018BF95EA0C0F0CD050EA410618BF52EAA1
S31508035D104306D1D181EA030101F000414FF00000A7
S31508035D2070BD50EA410606BF1046194652EA4306B5
S31508035D3019D094EA0C0F02D150EA013613D195EA29
S31508035D400C0F05D152EA03361CBF104619460AD171
S31508035D5081EA030101F0004141F0FE4141F470017B
S31508035D604FF0000070BD41F0FE4141F4780170BD6B
S31508035D7070B54FF0FF0C4CF4E06C1CEA11541DBFD0
S31508035D801CEA135594EA0C0F95EA0C0F00F0A7F8D2
S31508035D90A4EB050481EA030E52EA03354FEA0131FF
S31508035DA000F088804FEA03334FF0805545EA131312
S31508035DB043EA12634FEA022245EA111545EA1065DA
S31508035DC04FEA00260EF000419D4208BF964244F171
S31508035DD0FD0404F5407402D25B084FEA3202B61A90
S31508035DE065EB03055B084FEA32024FF480104FF464
S31508035DF0002CB6EB020E75EB030E22BFB61A7546D8
S31508035E0040EA0C005B084FEA3202B6EB020E75EB6A
S31508035E10030E22BFB61A754640EA5C005B084FEAD2
S31508035E203202B6EB020E75EB030E22BFB61A75469F
S31508035E3040EA9C005B084FEA3202B6EB020E75EBAA
S31508035E40030E22BFB61A754640EADC0055EA060E6B
S31508035E5018D04FEA051545EA16754FEA06164FEAAE
S31508035E60C30343EA52734FEAC2025FEA1C1CC0D15A
S31508035E7011F4801F0BD141EA00014FF000004FF0E7
S31508035E80004CB6E711F4801F04BF01430020B4F1A8
S31508035E90FD0C88BFBCF5E06F3FF6AFAEB5EB030C60
S31508035EA004BFB6EB020C5FEA500C50F1000041EB5D
S31508035EB0045170BD0EF0004E4EEA113114EB5C042A
S31508035EC0C2BFD4EB0C0541EA045170BD41F48011FD
S31508035ED04FF0000E013C90E645EA060E8DE60CEA05
S31508035EE0135594EA0C0F08BF95EA0C0F3FF43BAF22
S31508035EF094EA0C0F0AD150EA01347FF434AF95EAD9
S31508035F000C0F7FF425AF104619462CE795EA0C0FBC
S31508035F1006D152EA03353FF4FDAE1046194622E789
S31508035F2050EA410618BF52EA43067FF4C5AE50EA63
S31508035F3041047FF40DAF52EA43057FF4EBAE12E753
S31508035F404FF0FF3C06E000BF4FF0010C02E000BF34
S31508035F504FF0010C4DF804CD4FEA410C7FEA6C5C17
S31508035F604FEA430C18BF7FEA6C5C1BD001B050EABA
S31508035F70410C0CBF52EA430C91EA030F02BF90EAA5
S31508035F80020F0020704710F1000F91EA030F58BF64
S31508035F90994208BF90422CBFD8176FEAE37040F0C6
S31508035FA0010070474FEA410C7FEA6C5C02D150EA64
S31508035FB0013C07D14FEA430C7FEA6C5CD6D152EA1F
S31508035FC0033CD3D05DF8040B704700BF84461046E4
S31508035FD062468C461946634600E000BF01B5FFF7E3
S31508035FE0B7FF002848BF10F1000F01BD4DF808EDB3
S31508035FF0FFF7F4FF0CBF012000205DF808FB00BF84
S315080360004DF808EDFFF7EAFF34BF012000205DF8DD
S3150803601008FB00BF4DF808EDFFF7E0FF94BF01202A
S3150803602000205DF808FB00BF4DF808EDFFF7CEFF2B
S3150803603094BF012000205DF808FB00BF4DF808ED6A
S31508036040FFF7C4FF34BF012000205DF808FB00BF3B
S315080360504A0011D212F5001211D20DD56FF47873D6
S31508036060B3EB62520ED44FEAC12343F0004343EA2B
S31508036070505323FA02F070474FF00000704750EA76
S31508036080013002D14FF0FF3070474FF000007047E0
S315080360904FEA4102B2F1E04324BFB3F5001CDCF139
S315080360A0FE5C0DD901F0004C4FEAC0024CEA507071
S315080360B0B2F1004F40EB830008BF20F001007047A0
S315080360C011F0804F21D113F13872BCBF01F00040A3
S315080360D0704741F480114FEA5252C2F11802C2F1D5
S315080360E0200C10FA0CF320FA02F018BF40F0010056
S315080360F04FEAC1234FEAD32303FA0CFC40EA0C0008
S3150803610023FA02F34FEA4303CCE77FEA625307D144
S3150803611050EA01331EBF4FF0FE4040F4400070477B
S3150803612001F0004040F0FE4040F40000704700BF15
S3150803613053B94AB9002908BF00281CBF4FF0FF31DD
S315080361404FF0FF3000F0E8B9ADF1080C6DE904CE65
S3150803615000F03CF8DDF804E0DDE9022304B07047FB
S3150803616038B50022002304460D46FFF749FF28B930
S3150803617020462946BDE8384000F00AB8204605F10E
S31508036180004100F005F8404261EB410138BD00BF0C
S31508036190D0B500220B4B06460F46FFF7BFFCFFF7A9
S315080361A057FF0446FFF740FC0022074BFFF7B6FCF0
S315080361B002460B4630463946FFF7F8FAFFF748FF1B
S315080361C02146D0BD0000F03D0000F0412DE9F04F17
S315080361D08C46099E04460F46002B48D18A4215462B
S315080361E05ED9B2FA82F33BB1C3F120029F409D40C8
S315080361F09C4020FA02F217434FEA154E1FFA85FC14
S31508036200220CB7FBFEF10EFB117701FB0CF042EAF9
S315080362100742904207D9AA1801F1FF3702D29042E2
S3150803622000F258813946121AA4B2B2FBFEF00EFBED
S31508036230102200FB0CFC44EA0244A4450BD92C1992
S3150803624000F1FF322CBF01270027A44502D9002FEE
S3150803625000F04381104640EA0140A4EB0C040021F8
S315080362601EB1DC400023C6E90043BDE8F08F8B422C
S3150803627006D90EB1C6E9000100210846BDE8F08F2C
S31508036280B3FA83F1002951D16345C0F016818242DE
S3150803629040F213810846002EE7D0C6E90047E4E733
S315080362A0002A00F0AF80B2FA82F3002B40F0C280D6
S315080362B08A1A4FEA154EAFB20121200CB2FBFEFC37
S315080362C00EFB1C2240EA024207FB0CF090420ED951
S315080362D0AA180CF1FF382CBF4FF001094FF000093B
S315080362E0904203D9B9F1000F00F0F080C446121AA0
S315080362F0A4B2B2FBFEF00EFB102200FB07F744EA3A
S315080363000244A7420ED92C1900F1FF322CBF4FF0D5
S31508036310010E4FF0000EA74203D9BEF1000F00F09D
S31508036320D2801046E41B40EA0C4099E7C1F12005E8
S315080363308B400CFA01F400FA01F922FA05F72CFA54
S3150803634005FC8A401F4320FA05F3380C23431FFA3A
S3150803635087FE1C0CBCFBF0F800FB18CC44EA0C4483
S3150803636008FB0EFCA4450ED93C1908F1FF3A2CBFCD
S315080363704FF0010B4FF0000BA44503D9BBF1000FF7
S3150803638000F0B880D046A4EB0C041FFA83FCB4FBD8
S31508036390F0F300FB134403FB0EFE4CEA0444A64544
S315080363A00ED93C1903F1FF302CBF4FF0010C4FF007
S315080363B0000CA64503D9BCF1000F00F09F800346E5
S315080363C043EA0840A4EB0E04A0FB02EC64457346BB
S315080363D0E04602D307D1F14505D2BEEB02036CEBC7
S315080363E0070C0138E0465EB1B9EB030264EB080417
S315080363F004FA05F522FA01F3CC401D43C6E9005415
S31508036400002132E742082F464B08AC4642EAC172DE
S31508036410AE46C407110C92B241EA034142EA01426D
S31508036420B1FBF5F1B3FBF5F01F23A2EB0C0241EA2E
S31508036430004142E79D40C3F1200299409C402CFA53
S3150803644002FC4FEA154E20FA02F2AFB2BCFBFEF885
S315080364500A430EFB18CC110C41EA0C4108FB07FC56
S315080364608C4550D9691808F1FF302CBF4FF0010944
S315080364704FF000098C4502D9B9F1000F30D0A1EBD2
S315080364800C01B1FBFEF808FB07FC0EFB181192B2D0
S3150803649042EA0142624534D2AA1808F1FF312CBFF9
S315080364A04FF001094FF000096245BED2B9F1000F5A
S315080364B0BBD1A8F102012A44B7E7841A6CEB03029D
S315080364C001201746E7E62C4402382BE7ACF1020C09
S315080364D02A440CE702392A44A5E62C440238BAE6CC
S315080364E0A5EB0C0CA8F102006144B1FBFEF808FB0E
S315080364F007FCCAE7A8F102083C4444E7023B3C44CC
S315080365005EE7414691E7A1EB0C014046B1FBFEF875
S3150803651008FB07FCB9E700BF704700BFF0B51F4C7F
S315080365208BB005460B466E4604F1200C20680834EA
S3150803653054F8041C3746644503C73E46F6D1217909
S3150803654020683971911E386022294FF0000104D959
S3150803655019700B4618460BB0F0BD581E84460C46F8
S315080365600131B5FBF2F702FB175628366E4416F8C7
S31508036570286C0CF8016F2E463D46B242EFD900222D
S315080365805A541919A51AAA42E4DA10F8015F013216
S315080365900E78067001F80159F4E700BF5EE30308B5
S315080365A0F0B50F468BB001210546F9F7ABF804465B
S315080365B080BB95F82B3003AC85F82C3007F10C0615
S315080365C00FCE0FC496E8070084E80700284603A9F8
S315080365D0FEF762FD0446E8B9B968786801AB83E853
S315080365E003001946284601F057FC044690B94FF0B4
S315080365F0FF3128463A6801F057F8044650B902466F
S3150803660006492846F9F7F6F8044618B9062128462E
S31508036610F7F7CAFA20460BB0F0BD00BFC0F503086A
S315080366204FEA410212F5001215D211D56FF47873A9
S31508036630B3EB625212D94FEAC12343F0004343EA4C
S31508036640505311F0004F23FA02F018BF4042704727
S315080366504FF00000704750EA013005D111F00040B1
S3150803666008BF6FF0004070474FF00000704700BF47
S315080366700021F5F717BB0A220021F5F799BB70B578
S3150803668004460D46164645EC104BF6F7E5FA51EC6B
S31508036690100B7EB1C5F30A53C3F16B03002B09DD57
S315080366A01B05002403F17F55224605F540152B46A5
S315080366B0FFF734FA41EC100B70BD2DE9F843074692
S315080366C0884614460026D4E90195B9F1010905D58A
S315080366D02468002CF7D13046BDE8F883AB89012B33
S315080366E007D9B5F90E30013303D029463846C047D2
S315080366F006436835E9E710B50C46B1F90E10F5F708
S3150803670039FD0028ABBF636DA3891B1823F4805397
S31508036710ACBF6365A38110BD2DE9F0411F468B8984
S3150803672005460C46DB05164605D502230022B1F9B4
S315080367300E10F5F70DFDA3893246B4F90E10284657
S3150803674023F48053A3813B46BDE8F041F5F724BD06
S3150803675010B50C46B1F90E10F5F7FAFC421CB4F95C
S315080367600C3015BF606523F4805343F48053A3812B
S3150803677018BFA38110BDB1F90E10F5F7D9BC0244B1
S315080367800346934200D1704703F8011BF9E710B596
S315080367906AB10139841810F8012B11F8013F9A429E
S315080367A003D1A04201D0002AF5D1D01A10BD104654
S315080367B0FCE770477047704710F8012B11F8013B47
S315080367C0012A28BF9A42F7D0D01A70470A44431EB3
S315080367D0914200D1704710B511F8014B914203F865
S315080367E0014FF9D110BD03694A11B3EB611F2DE9B6
S315080367F0F04300F1140445DD11F01F0104EB830691
S3150803680004EB82050CD100F110072946B14234D3B3
S315080368109B1AEA1E9B00964238BF0023234415E0C1
S3150803682054F82270C1F1200805F1040EA146CF40A1
S315080368307645F44615D89A1A01359200043AAE42BB
S3150803684038BF0022A318A75007B104331A1BA34263
S315080368504FEAA20208BF0023026108BF4361BDE8ED
S31508036860F083DCF800C00CFA08FC4CEA070749F881
S31508036870047B5EF8047BCF40DAE751F804CB47F88C
S3150803688004CFC3E72346E1E7A0F13003092B02D877
S315080368902038C0B27047A0F16103052B01D84738E9
S315080368A0F7E7A0F14103052B01D82738F1E70020C4
S315080368B07047C2F10802920070B5C2F12006436818
S315080368C0046803FA06F5D3402C43046040F8043FF2
S315080368D08842F4D370BD0368013330B511F8014B10
S315080368E014B90360012030BD13F8012BA2F1410549
S315080368F0192D98BF2032A242F0D00020F3E70B6887
S3150803690001682DE9F04F5E1113F01F034FF00005E0
S3150803691087B002EB860682469046AB4618BF043616
S3150803692001930295371F46F8045CB9463C464B1C4F
S315080369304A78039342B3104605910492FFF7A4FFDE
S31508036940002853D1049A0599202A18D8029B9B45F7
S3150803695013DD4C4506D2072D04DC2A464946204654
S31508036960FFF7A7FF444553D90023A4F10409CDF83B
S3150803697008B044F8043C1D464C460399D7E7292A30
S3150803698058D10231CAF80010BBF1000F52D04C455A
S3150803699006D2072D04DC2A4649462046FFF789FF17
S315080369A0444537D9A8F10402234653F8041B9F42EA
S315080369B042F8041FF9D23B1B033E013408F10402D3
S315080369C023F003030021B44288BF002313441A4665
S315080369D004339F421160FAD23B681BB9474527D156
S315080369E001233B60052007B0BDE8F08F01350BF1A5
S315080369F0010B082D05DD4445BFD90023043C0125B9
S31508036A002360226800F00F0040EA02102060B4E712
S31508036A100825B2E7019B002BDED0C3F120034FF014
S31508036A20FF32DA4056F8043C134046F8043CD3E7F1
S31508036A30043FD1E70420D6E782B001B901A942B1E0
S31508036A404BB113780B601278101E18BF012002B0E1
S31508036A5070471046FBE76FF00100F8E7B0F5803F93
S31508036A60034636BF030400201020B3F1807F3CBFE2
S31508036A701B020830B3F1805F3CBF1B010430B3F13E
S31508036A80804F3CBF9B000230002B05DB13F0804F81
S31508036A9000F1010008BF202070470368024613F07F
S31508036AA007000BD0D90721D4980747BF5B080120F5
S31508036AB09B0802204CBF13601360704799B209B94B
S31508036AC01B0C1020D9B209B908301B0A190704BFD1
S31508036AD01B090430990704BF9B080230D90703D45E
S31508036AE05B0800F1010003D013607047002070476C
S31508036AF02020704703460A690069801A30B50ED10B
S31508036B001433143103EB820401EB820154F8045D58
S31508036B1051F8042D954203D005D24FF0FF3030BD0E
S31508036B20A342F3D3FBE70120F9E72DE9F04F85B03C
S31508036B30CDE9001002A9F6F7B5F803A9009855ECB4
S31508036B40104BF6F7AFF8019B2F4620461969009BB1
S31508036B501B69C91ADDE902325BEC10AB9B1AD946ED
S31508036B6003EB4113002BCDBF2A46C3EB03335A4627
S31508036B7002EB0357D8BF02EB0359524639464B4635
S31508036B80FFF7F6F841EC100B05B0BDE8F08F0139B5
S31508036B9002F11403491170B501311469051F00EB9D
S31508036BA0810103EB8404A3420CD3A31A1132113BCC
S31508036BB023F00303944238BF002318440023884272
S31508036BC005D370BD53F8046B45F8046FEBE740F83B
S31508036BD0043BF4E700F114024B110069984210B51F
S31508036BE011DB0ADD11F01F0107D052F8234024FAFE
S31508036BF001F000FA01F18C420BD102EB83039342B5
S31508036C0003D8002010BD0346F7E753F8041D0029EF
S31508036C10F5D00120F6E70346084641B1FF2A04D911
S31508036C208A224FF0FF301A60704701200A707047B6
S31508036C3038B50B6905460C4613B90025284638BDF1
S31508036C4018B1036A0BB9F5F75BFAB4F90C30002BE4
S31508036C50F3D0626ED00704D4990502D4A06DFFF76A
S31508036C60A9FD28462146F6F7C3F8636E0546DA07F3
S31508036C70E4D4A3899B05E1D4A06DFFF79CFDDDE76A
S31508036C80062008B5F6F7F8FB0120D2F7A3FE9368AA
S31508036C90013B002B10B4936008DA9469A34201DB25
S31508036CA00A2903D15DF8044B00F08CB81368581C05
S31508036CB01060084619705DF8044B7047F8B5064628
S31508036CC00F461446D518AC4201D1002007E03A46D0
S31508036CD014F8011B3046FFF7DAFF431CF3D1F8BD5E
S31508036CE02DE9F047164698468A6807460B690C4607
S31508036CF0DDF820909342B8BF1346336091F84320DA
S31508036D000AB1013333602368990642BF33680233F5
S31508036D103360256815F0060506D104F1190AE368F8
S31508036D2032689B1AAB422BDC94F843302268003B4B
S31508036D3018BF0123920630D404F14302414638466C
S31508036D40C847013023D023681A3454F80A2C03F0B1
S31508036D500603042B0ABF54F80E5C002533684FF06C
S31508036D60000608BFED1A54F8123C08BF25EAE57574
S31508036D709342C4BF9B1AED18B5421AD1002008E006
S31508036D800123524641463846C847013003D14FF0DE
S31508036D90FF30BDE8F0870135C1E7E1185A1C3020FA
S31508036DA00233224481F8430094F8451082F84310CD
S31508036DB0C2E70123224641463846C8470130E6D092
S31508036DC00136D9E7F8B50E461446054618B1036ADF
S31508036DD00BB9F5F795F9A369A360A3891A0701D532
S31508036DE0236943B921462846F6F7F2FA18B14FF054
S31508036DF0FF373846F8BD2368F6B222693746981A2C
S31508036E006369834205DC21462846FFF711FF0028FC
S31508036E10EDD1A368013BA36023685A1C22601E7048
S31508036E20431C62699A4204D0A389DB07E1D50A2E7B
S31508036E30DFD121462846FFF7FBFE0028D9D0D6E73F
S31508036E40884210B501EB020402D98442234607D8C7
S31508036E50431EA14207D011F8012B03F8012FF8E7C7
S31508036E600244824200D110BD13F8011D02F8011D28
S31508036E70F7E71F2938B505460C4604D916230360D8
S31508036E804FF0FF3038BDC26B12B152F821304BB9FF
S31508036E90284600F016F8224601462846BDE838403B
S31508036EA0F6F7F2BA012B0AD0591C03D1162303604D
S31508036EB00120E7E70021204642F8241098470020DE
S31508036EC0E0E7D2F78DBDC9B20346024410B5934233
S31508036ED0184601D1002003E0047801338C42F6D129
S31508036EE010BD70B50C46B1F90E1096B015460029BB
S31508036EF01E460ADAA18911F0800113D14FF4806284
S31508036F00002031602A6016B070BD6A46F6F7CEFADD
S31508036F100028EFDB019901F47041A1F500535942AA
S31508036F205941EBE700214022EAE78B8973B59E07AF
S31508036F3005460C4607D504F147032360236101235D
S31508036F40636102B070BD01AB6A46FFF7CAFF009ED4
S31508036F5028463146D2F774FFB4F90C3038B99A0586
S31508036F60EFD423F0030343F00203A381E3E743F0DB
S31508036F7080032060A381019BC4E90406002BE0D0AB
S31508036F80B4F90E102846F6F7A3FA0028D9D0A38930
S31508036F9023F0030343F00103A381D2E70139024433
S31508036FA010B5904201D1002005E0037811F8014F8E
S31508036FB0A34201D0181B10BD0130F2E7024610B5F3
S31508036FC0147813460132002CFAD1013B11F8012B30
S31508036FD003F8012F002AF9D110BD30B504462578E8
S31508036FE023460134002DFAD1013A04D311F8014B93
S31508036FF003F8014B04B930BD002AF5D11A70F3E73B
S315080370000139034610B532B111F8014F013A03F8B5
S31508037010014B002CF7D11A440021934200D110BD2D
S3150803702003F8011BF9E70246014410B58A421346E1
S3150803703003D01C780132002CF8D1181A10BD034668
S3150803704013F8012B002AFBD1181A01387047F6F7F3
S3150803705091BE00F0E8B800207047084600F031BC3E
S315080370604FF6FF73994201D000F01EBA21207047EC
S3150803707000F05BBA00207047002070477047D0F8CD
S31508037080A03003F06003402B0DD0602B03D0203BC8
S3150803709058425841704749B10B68012B06D94869CC
S315080370A040F00100704740F2011070470020704716
S315080370B0012A38B50C46114638BF01210139C9B230
S315080370C0617021704B4300216180D0F8E8102733A3
S315080370D023F003034968E518656039B132B12846D8
S315080370E0FBF73AF8013005EB800038BD4FF0FF3265
S315080370F0281DE250F9E7F7B504461046D4E956C702
S31508037100DDE908268CEA020587EA060105401940E7
S3150803711085EA0C057940C4E95651002523F4004154
S3150803712006EA010320F0010043F40073024043F02A
S31508037130020301950095FDF711F994F824309A078F
S3150803714013D5D4F85C319B050FD54FF48811204627
S3150803715000F075FD94F82430024665F3410384F87C
S31508037160243020460B46F6F70DFD002003B0F0BD8C
S31508037170F0B587B01C461746BDF830601AB9002427
S31508037180204607B0F0BD002BF9D00029F7D001AA95
S31508037190F9F766FC0028F2D0BDF80630A2199A4220
S315080371A0BDF80850C4BF9B1B9CB2B54212D90399BC
S315080371B0AD1BADB23144A5420391ADF808500DD2CB
S315080371C02A463846FFF702FB0499621B7819FFF72C
S315080371D0FDFAD5E70499761B3144049122463846CD
S315080371E0F5E730B4D0F8A0300A4023EA0103134385
S315080371F0C0F8A03030BCF7F751BE08B5D0F8F03068
S315080372004BB11A68022A06D993F825204AB1186A97
S31508037210B0FBF2F008BD40F68C324C210020FEF795
S3150803722049F90020F6E70346B3F8322108468A42AD
S3150803723003D0A3F83211F9F7D3BC0020704790F8AE
S3150803724030310D2B14BF90F82B00FF20704770B513
S315080372500C4640210546FDF75FFC4FF400610646E0
S315080372602846FDF759FC28B164B195F82A315BB174
S3150803727056B970BD22022846BDE870404FF48071A6
S31508037280FDF736BC2246F6E74FF48072F3E74FF470
S315080372908071FDF741BC10B50023F6F787FD044658
S315080372A008B9FCF7ADF9204610BD38B51D460023CD
S315080372B00446F6F77BFD28B929462046BDE838403B
S315080372C0FCF7B4B938BD08B54A024FF40071FDF7A7
S315080372D00FFC002008BD08B58A024FF48061FDF74C
S315080372E007FC002008BD024610B531B1808A4FF667
S315080372F0FF7388420AD299420BD14FF03A4341F6BB
S31508037300FF714FF6FF701963D08610BD9942F4D00A
S3150803731008464FF03A44216B431E6FF30C019BB2A8
S315080373200B432363F0E738B54FF03A430546DC6A67
S31508037330808AC4F30C04A04234BF0020012041F222
S31508037340D0420821FEF7B6F8A88A001B80B238BDDA
S315080373502DE9F041884618F00307064615461946EF
S3150803736033D1B2F5805F30D89A422ED33F2A2AD931
S31508037370B2FA82F40122C4F11F03DBB29A4092B235
S31508037380AA422CBFC4F11904C4F11A04E2B20120BB
S31508037390931DDBB2984080B2A84214BF0120002097
S315080373A002D096F8013193B996F8253060F3410374
S315080373B086F825304046F9F7F9F8C6F82080B582ED
S315080373C03846BDE8F0813A46E1E72127F8E70E2774
S315080373D0F6E7F8B511F0030607460D46144621D11C
S315080373E002B313883F2B1DD9B3FA83F3C3F11901EB
S315080373F0C9B2062901D8192B12D0062928BF062196
S3150803740001238A1DD2B293402846238000F0FFF950
S3150803741023883846FD617B82F9F7D8F93046F8BDEB
S315080374203146EDE72126F9E738B5148811F0030547
S315080374304FEAC4041ED13F2C1CD9B4FA84F4C4F110
S315080374401903DBB2052B01D8192C11D0052B28BF3C
S31508037450052301240633DBB204FA03F3C3F3CF048B
S315080374601480816104824387F9F7B0F9284638BD49
S315080374702B46EEE72125F9E7F8B504460E461746E7
S3150803748003F01AFC3A46054631462046FBF748F907
S315080374900446284603F00BFC2046F8BD0220704735
S315080374A003207047FAF70ABAA0F84010002070477D
S315080374B04FF40061FDF730BB10B504460846F9F7EB
S315080374C0AFFEFF2884F82C0005D0204600F0E5F827
S315080374D028B9002002E0F9F7C7FE212010BD94F869
S315080374E0243023F0800384F82430F2E710B50446E9
S315080374F080F82C1052B100F0D0F828B194F8243053
S3150803750043F0800384F82430002010BDBDE8104002
S31508037510FFF7D2BF00207047012804D103298EBF85
S315080375200D210631C9B20846704708B50B4606222F
S3150803753000F598711846FFF749F9002008BD0A298E
S3150803754038B505460C4608D105242046F9F758FBF5
S3150803755018B90134E4B20A2CF7D12046F9F750FBDF
S3150803756058B195F83031A34209D085F8304105F56D
S315080375709870BDE83840F9F7E3BB212038BD0020F1
S31508037580FCE710B50446F7F709FD02462046BDE8B1
S315080375901040F7F78FBDF8B5FF230F78044680F838
S315080375A02B3090F8306138460D4600F082F984F89E
S315080375B02A006988B4F832318B420BD194F830210A
S315080375C02B789A4206D1AB88D4F8B0209A4201D1D7
S315080375D00020F8BD2046FFF726FE39462046FFF76A
S315080375E0AEFF18B10D2384F83031F2E72046A98897
S315080375F0F6F7C0FB0028ECD104F59870F9F7F6FA0C
S315080376000028E6D1D4F8EC30002BE1D094F83011F9
S31508037610B142DDD02046B3F91220D2F777FE84F8BB
S315080376203901D5E7A0F84A30BDF90030C0F89410FF
S31508037630A0F84820A0F84C3000207047F7F7AEBEF4
S3150803764038B51546044608460121FAF717FE0121FF
S315080376502846FAF713FE94F8253043F0010384F815
S31508037660253038BD8021FDF757BA38B50546F7F7F3
S315080376703BFB04462846F7F72FFB072804BF24F4E9
S315080376807F4121F00801284614BF24F0800141F008
S315080376908001BDE83840F7F72DBB4021FDF73CBA1A
S315080376A00022114600F00BB938B50C4611F001015A
S315080376B018BF1304154616BF4FF480310A4603F460
S315080376C08032A30705D5AB0741F4003148BF42F41E
S315080376D00032630705D56B0741F4802148BF42F49E
S315080376E08022240708D52B0741F4801101D542F4DB
S315080376F08012FDF7FDF901E00029FAD1002038BD13
S3150803770090F80001431E58425841704738B504465D
S3150803771000F0E1F8054600F0DEF8431BA342FAD36E
S3150803772038BDD0F8EC30C3B15869B0B1531EDBB2DB
S31508037730FD2B10D9036813F1020F08BF4FF0FF336F
S31508037740FF2A0B6005D143689A1C08BF4FF0FF3325
S315080377504B6000207047012AF4E72120704738B5AB
S31508037760054610460C46F8F7F3FAC5B1D5F8EC30DA
S31508037770ABB15A699AB1431EDBB2FD2B11D90B681B
S315080377805D1C04BF6FF001030B601360FF2806D16D
S315080377906368591C02D16FF00103636053600020CC
S315080377A038BD0128F3E72DE9F74F01251C469DF857
S315080377B03030064601930368174603F0070306337A
S315080377C09D4005F1FF380B46A1B1416804EA080B51
S315080377D0A5EB0B0A41F00059524509EB0B0114D9E5
S315080377E052461846FEF7F2FF49467A1B5A44504456
S315080377F0FEF7ECFF019B2BB13C4448EA050804EA73
S315080378000804F46003B0BDE8F08F1846F0E74FF0BC
S315080378103A4301225A6741F6FF72D96418651A6713
S31508037820704737B5002514460095FFF7BCFF204679
S3150803783003B030BD0123026810B502F00702063211
S315080378409340026A013BC2F30C028A4284BF44682E
S31508037850C2689BB283BF891844F0005019404FF0A1
S31508037860FF3088BF405C10BDF7F7B2BE00207047F3
S3150803787000207047704710B5046809040246B4FA35
S3150803788084F314D0B1FA81F01B1A002B0DDDC3F172
S315080378900F00012838BF012003F01F03D9408C428B
S315080378A001D201384908116010BD0F20F7E70F20F0
S315080378B0F9E70638042834BF0120FF207047002063
S315080378C0704770470A4690F89410FA2901D8F7F7D3
S315080378D071BB2120704708B5FAF7FCF8BDE80840E4
S315080378E0FAF702BA38B50446FFF7F5FF0546FFF778
S315080378F0F2FF431BA342FAD338BD38B50D460446F7
S31508037900FAF7E8F835B1844200D90139204601F07F
S31508037910030138BD844238BF0131F7E708B50121B1
S31508037920FFF7EBFFBDE80840FAF7DEB908B521B162
S315080379309200FEF74BFF002008BD2120FCE70B0C45
S3150803794023F48053B3F5284FF7B50D468FB2064691
S3150803795099B217D04AF60103994215D04AF602039B
S31508037960994213D0B1F5204F14BF04240324D6F843
S31508037970EC300BB1196859B9D6F8E83093B92868C9
S3150803798003B0F0BD0024F2E70124F0E70224EEE792
S3150803799023463A466846FAF733FA019B002BEBD19E
S315080379A00098EDE719680029E9D023463A46684660
S315080379B0FAF726FA019B002BE1D1F1E702044FEA15
S315080379C0901309D4C3F30903A3F1C8006FF4FF7333
S315080379D09842B8BF184607E06FEA83536FEA935392
S315080379E013F5007F18B2EFD17047FBF751BFFBF7CA
S315080379F04FBFFBF74DBFFBF74BBF08B50846FCF770
S31508037A007FFB08BDFBF744BFF7F702BE08461146DE
S31508037A10012200F055B8FFF73EBCFFF746BCF6F760
S31508037A2027BB00F0D7B870B504460D4616464FF483
S31508037A30881100F0E2F8324629462046BDE8704030
S31508037A40F8F7FEBC431E042818BF012B94BF012078
S31508037A5000207047FFF70ABF4FF4DC720021FEF7D8
S31508037A608EBE10B50446F6F755FDE8B9A169D9B136
S31508037A70238ACBB1204604F11002FFF7D5FCB8B927
S31508037A80E169A9B1638A9BB1204604F11202FFF7A3
S31508037A90A0FC88B9216A79B1A28A6AB12046E38A29
S31508037AA0BDE81040FFF754BC00232382A361E6E731
S31508037AB000236382E361ECE700236361236210BD5D
S31508037AC0F7F71EB90A7838B505461046FFF7BAFF21
S31508037AD060B14C782046FFF7B5FF38B12243530708
S31508037AE004D42846BDE83840F6F70CB9212038BD3A
S31508037AF0FFF7E8BF10B504460878FFF7A3FF58B1A8
S31508037B004A781046FFF79EFF30B1042A04D0204670
S31508037B10BDE81040F6F714B9212010BDFFF7EABFF8
S31508037B20F7F74AB8FFF7E7BA704710B5FDF766FAED
S31508037B30044608B9FFF79EFE204610BDF6F734B88B
S31508037B40F8B506460D46FDF759FAD8B94FF6FF7349
S31508037B504FF0240CEF68C1B28F4208D81C46214661
S31508037B603046FDF7F3FBFFF785FE2046F8BDAA6806
S31508037B700CFB0122D4899C4202D2002CEFD0234667
S31508037B800130E8E74FF6FF74EFE7C08D7047F0B5AD
S31508037B90044600262427C268013A12B2964202DD39
S31508037BA04FF6FF700DE0B318A56803EBD3735B10AC
S31508037BB007FB035598B2EB898B4203D82B8A8B4272
S31508037BC003D3F0BD431E1AB2E8E7431C1EB2E5E72A
S31508037BD0FFF707BB38B504460D4600F067F850B102
S31508037BE029462046FDF7B2FB30B929462046BDE8AB
S31508037BF03840F6F753B80E2038BD38B504460D4657
S31508037C0003F05AF8D4F89C301D40D4F8983023EA88
S31508037C100505C4F8985003F04AF8284638BD10B548
S31508037C200446FFF745FC40B120460121FFF7E5FF6F
S31508037C302046BDE81040FDF72DBD022010BD38B51E
S31508037C4005460C4603F038F8D5F89C301C40D5F8A1
S31508037C5098302343C5F8983003F029F8211E18BF36
S31508037C6001210020490238BDF6F790BBF8F7F8BEA4
S31508037C70F6F7C6BAF8F7EEBDF8F7F8BDFFF733BB64
S31508037C80FFF751BB38B50446154609B1FFF7D6FCCD
S31508037C9015B12046F7F79EFB002038BD10B4BDF892
S31508037CA0044001945DF8044BFFF762BA0346408A21
S31508037CB018B1188A003818BF01207047FFF70BBEA2
S31508037CC0FFF709BEF9F70CBE084611461A4600F037
S31508037CD000B870B50E461546044608B9002070BDAF
S31508037CE003780A2B18D02078F8F78AFFB0B92378D7
S31508037CF00D2BF3D10EB1FF233370CDB1FF232B70B8
S31508037D0016E0581CC0B209282070ECD8F8F778FF9B
S31508037D1023780028F5D0E6E70620F4E71EB1207895
S31508037D20F8F7A8FF30701DB12078FFF7C2FD287059
S31508037D300120D4E700200021704700EB8023C0EB25
S31508037D40831353FA81F303EB8322C3EB8213C1F341
S31508037D500722134403EB8322C3EB8213C1F30742BF
S31508037D60134403EB8322C3EB821303EB11607047BF
S31508037D7038B50D46144604B938BD55F8041BFFF744
S31508037D80DCFF013CF7E770477047931E222B10B5BB
S31508037D900C4604D900231C460B70204610BD0A2A3C
S31508037DA009D1002807DA2D2340420B70012121440B
S31508037DB0FEF7B4FBF1E70021F9E7FFF7E6BF08464C
S31508037DC0F9F74ABB0846F9F7B1BB0846F9F7BABA51
S31508037DD0F6F758BEF5F776BDFFF75FBC38B5054627
S31508037DE00C46FFF7F9FF80B1F7F712FCC3070AD56C
S31508037DF0214600222846F7F7FDFC04462846FFF7E6
S31508037E004FFC204638BD0224FBE70E24F9E738B5B4
S31508037E1004460D46FFF7E0FF28B129462046BDE88C
S31508037E203840F7F7A7BC0E2038BD70B504460D4693
S31508037E301646FFF7D1FF30B1324629462046BDE83C
S31508037E407040F7F7B5BC0E2070BD38B505460C462D
S31508037E50FFF7C2FF30B13CB128462146F7F7C8FD04
S31508037E60002038BD0E20FCE72120FAE738B5044682
S31508037E700D46FFF7B1FF48B1F7F7CAFB012805D14D
S31508037E8029462046BDE83840F7F7D2BD022038BD5B
S31508037E9090F82920F7F778BE73B50D7806460C4691
S31508037EA035B304238DF804302379304601A98DF8B8
S31508037EB00530FFF71FFE0546B8B92278A37952BBEA
S31508037EC08DF80430E379304601A98DF80530FFF7BC
S31508037ED0F9FD054648B923783BB161883046F6F77C
S31508037EE051F901213046FFF7B2F9284602B070BDB1
S31508037EF02946FFF7ACF929463046FFF7E4F9294640
S31508037F003046FFF7E8F922782379002AC9D18DF894
S31508037F1004306379C9E702228DF80420D3E7000009
S31508037F20EFF309801EF0100F08BF20ED108AEFF358
S31508037F300B82734620E9FC0F0F4A116808604FF05D
S31508037F40100080F31188BFF34F8FBFF36F8F00F0D4
S31508037F5073FA4FF0000080F31188074A116808681E
S31508037F60B0E8FC0F13F0100F08BFB0EC108A82F3C9
S31508037F700B8880F3098818475C0400201EF0040F59
S31508037F800CBFEFF30880EFF30980014908470000A7
S31508037F9015A8030800230C4A70B51C4615465668EF
S31508037FA0864204D105EBC403C3E900100BE01BB9F1
S31508037FB01668002E08BF134601340A2C02F108027C
S31508037FC0EDD1002BF0D170BD08040020084B186DC5
S31508037FD05A6DD26A104308D19A6D012A06D8D3F886
S31508037FE0B804D3F8BC34C01A70470020704700BFE2
S31508037FF008040020914208B5416000610BD8D21AE3
S3150803800083699A4210D2094B011DD3F8C00402F0C2
S31508038010B5FB002008BD9A4201D2994204D2034B0C
S31508038020011DD3F8C404F2E70120F3E7080400208E
S315080380300E4B70B5D3F8C4340546DB680E46DC68C8
S31508038040201D02F0FAFF94F828305A0709D532465C
S315080380502946204602F0A9FB2046236ABDE870405C
S31508038060184723F0010384F82830F5E708040020AD
S3150803807010B5094CD4F8C4341A6832B9D4F8C024F4
S31508038080C4F8C034C4F8C42410BDDB684FF0FF310C
S315080380901868FFF7CDFFEDE708040020094A1168C1
S315080380A0086806C881F30B88022181F314882030F7
S315080380B080F30988BFF36F8F4FF0000080F31188B0
S315080380C0104700005C04002006480068006880F337
S315080380D0088862B661B6BFF34F8FBFF36F8F66DF4B
S315080380E000BF000008ED00E008B502F0A9FB044A4A
S315080380F0D3680133D360BFF34F8FBFF36F8F08BDC8
S3150803810020AE0020044BDA68DA68013ADA60D868E8
S3150803811008B902F0A0BB704720AE0020F8B5344C6E
S315080381200546FFF7E1FFD4F8383904F15806013359
S31508038130C4F83839616D00294ED16565D4F83839E4
S31508038140012B20D13046013102F04EFB382900F1CC
S315080381501400F8D12749084601F1140702F044FB35
S31508038160384602F041FB01F1280002F03DFB01F11C
S315080381703C0002F039FB01F1500002F035FBC4F86C
S31508038180A019C4F8A479D4F8AC39226D01332B6449
S31508038190C4F8AC39EB6A281D93424FF0140288BF22
S315080381A023655343E218D16D1E448F68936DA96006
S315080381B0EF600133786088606E619365FFF7A2FF0D
S315080381C0D4F8A8399BB1636DDA6AEB6A9A420ED280
S315080381D0BDE8F84002F013BBD4F8A839002BD2D176
S315080381E0636DDA6AEB6A9A4298BF6565CBE7F8BDB1
S315080381F008040020440D002070B50446DDF706F98F
S315080382000D4602F01DFBA26BE36B064693421FD98C
S3150803821094F845100132FF294BB2A2630ED1636A63
S3150803822033B1206B02F04AF810B10DB101232B606C
S315080382300124304602F00FFB204670BD054AD2F8EA
S3150803824038299342F4D201335BB284F84530EFE719
S315080382500024EEE708040020002310B5074A02EBC2
S31508038260C3014C68844204D1002042F833004860B5
S3150803827010BD01330A2BF2D1FAE700BF0804002028
S31508038280F8B504460127FFF72FFF94F84550174E14
S315080382906DB2002D01DD636AB3B9FF23012784F8A4
S315080382A04530FFF72FFFFFF71FFF94F844500F4E93
S315080382B06DB2002D01DD23697BB9FF2384F84430B1
S315080382C0BDE8F840FFF71EBF206B01F0F7FF08B1C2
S315080382D0C6F8B079013D6DB2DBE7E06901F0EEFF60
S315080382E008B1C6F8B079013D6DB2E2E7080400208B
S315080382F02DE9F8431346026C0446D0F83880002A61
S315080383003AD103682BB1002008F10103A363BDE842
S31508038310F88385681DB900200023A360F4E7254F79
S31508038320AE6C7B6DEA6AEB6CB24203F1FF33EB6426
S31508038330F1D0002BEFD105F10409484602F07DFE82
S31508038340C6F13803AB613B6DEE629E424FF01403F0
S3150803835088BF3E655E433744FB6D01209A68AB6070
S31508038360EA60C2F80490C3F80890134B33446B6170
S31508038370BB6D0133BB65CFE763B94068FEF726FAE1
S315080383806368226C1344A26863609342BBD3236871
S315080383906360B8E7C068FEF719FA226CE3685142CE
S315080383A09B1A2268E3609342ADD2A3680B44E36049
S315080383B0A9E700BF0804002060040020034AD2F896
S315080383C0B4390133C2F8B439704700BF0804002032
S315080383D0F8B504460D46FFF787FE164AD2F8BC04DD
S315080383E0536D93F85E3043B1536D002283F85E20D4
S315080383F00124FFF787FE2046F8BD2B68591C16D0C3
S31508038400D2F8B86927686168B74204D0814202D8AE
S3150803841000232B60ECE7461AB342F9D91B1A0B441F
S315080384202B60D2F8B8392360D2F8BC3463600024D1
S31508038430DFE700BF080400201B4B30B5D3F8B42987
S315080384401AB10122C3F8B02930BDC3F8B0295A6D51
S31508038450126B1168B1F1A53F0BD15168B1F1A53F74
S3150803846007D19168B1F1A53F03D1D268B2F1A53F0F
S3150803847001D05A6D5A6D1424186D0C4D04FB00F186
S315080384804A5972B15C18E26D083152680D44AA4222
S31508038490E26504BF626EE265D2685A6518655B6D6C
S315080384A0D2E70138EAE700BF080400206004002089
S315080384B0064BD3F8A82932B1D3F8B409B0FA80F039
S315080384C04009400070470120704700BF0804002098
S315080384D008B5FFF7EDFF40B1022805D0044BD3F8E2
S315080384E0BC09431E5842584108BD0320FCE700BF98
S315080384F00804002038B50E4C0546D4F8BC34D4F825
S31508038500B824D4F8B82403449A420BD1D4F8B4391E
S31508038510FFF7EAFDD4F8C039013D0133C4F8C03981
S31508038520FFF7F0FDD4F8BC342B44C4F8BC3438BD8B
S31508038530080400200B4BD3F864297AB9D3F8B00999
S3150803854070B9D3F8C02962B9D3F83829D3F88C0996
S31508038550013A90420CBF0220012070470020704761
S31508038560104670470804002000222DE9F843064602
S315080385701F4C0F46D4F8BC54D4F8A089D4F8A49950
S31508038580636D606D83F85E20043002F056FD731C3C
S3150803859018D1BFB1D4F89039626D99689360626D4A
S315080385A0D160626D04324A60626D04329A60636D0B
S315080385B004F68C125A61D4F88C390133C4F88C3911
S315080385C0BDE8F883636D616DAD195D6001F1040162
S315080385D004D34846BDE8F84302F0D0B8404602F053
S315080385E0CDF8D4F8B834AB4288BFC4F8B854E7E733
S315080385F00804002010B50C46054B596D183102F0D6
S31508038600BDF82046BDE810400121FFF7ADBF00BF06
S3150803861008040020074BD3F8A029126822B94FF0A3
S31508038620FF32C3F8B8247047D3F8A029D268126872
S31508038630F7E700BF080400204C492DE9F047D1F8B5
S31508038640B439002B40F08B80D1F8BC040130C1F853
S31508038650BC0480B9D1F8A039D1F8A039D1F8A42936
S31508038660C1F8A029C1F8A439D1F8B8390133C1F83A
S31508038670B839FFF7CFFFD1F8B834002283420CD8B4
S3150803868017464FF0140EDFF8E8C0D1F8A0391B6877
S31508038690A3B94FF0FF33C1F8B83414204B6DD1F8A2
S315080386A0B049DB6A00FB0313986D012898BF002CB9
S315080386B014BF012000201043BDE8F087D1F8A03984
S315080386C0DB68DB685C68A04202D2C1F8B844E4E719
S315080386D05E69D3E90248C4F80880C8F80440746898
S315080386E01D1DAC42346808BFC6F80480013C5F61AF
S315080386F034609C6A84B1D3E90768C6F80880C8F869
S315080387000460666803F118094E45266808BFC4F86D
S315080387100480013E9F622660DC6A0E6DB4420EFB3E
S3150803872004F601EB0608D8F85C906644D9F808A065
S31508038730C3F80890C3F80CA0CAF80450C9F808503F
S315080387405E61D8F8583088BF0C650133C8F85830CD
S315080387504B6DDB6A9C4288BF42F0010295E7D1F86C
S31508038760C03900200133C1F8C039A5E70804002041
S31508038770600400202DE9F8433D4CFFF7B5FCD4F817
S31508038780B439D4F8B439013BC4F8B439D4F8B43994
S315080387902BB10024FFF7B6FC2046BDE8F883D4F8CE
S315080387A03829002AF5D01D4614264FF0010C04F18A
S315080387B058073FE0D4F87039DB689A6AD3E907109B
S315080387C088604160516803F1180E7145116808BF46
S315080387D0506001399D6211605A69D3E902108860B5
S315080387E04160516803F104084145116808BF5060A8
S315080387F001391160DA6A216D8A4206FB02F104EB3C
S315080388000100D0F85CE03944DEF80890C3F808E0C4
S31508038810C3F80C90C9F80480CEF808805961816DB5
S3150803882088BF226501318165616DC96A8A4201D9AA
S31508038830C4F8B0C9D4F86429002ABBD10BB1FFF731
S31508038840E9FED4F8C0594DB10126FFF7F5FE08B184
S31508038850C4F8B069013DF8D1C4F8C059D4F8B039A1
S31508038860002B96D0636D01F0CAFF012492E700BF7F
S315080388700804002070B50546244CFFF735FC05B9F6
S31508038880656D2E1D304602F0D8FBAB6A1BB105F1A8
S31508038890180002F0D2FBD4F8AC390133C4F8AC396A
S315080388A0636DD4F8A82912B3AB4220D1D4F87C3926
S315080388B09A68AB60EA6056609E60154B6B61D4F8A4
S315080388C078390133C4F87839D4F8C4390133C4F88C
S315080388D0C439FFF717FCD4F8A839ABB1636DAB42BB
S315080388E012D1D4F8B439BDE8704001F088BFD4F882
S315080388F03839013BC4F83839FFF78CFEFFF702FC19
S31508038900284602F054F9E6E770BD00BF08040020C4
S31508038910800D00202DE9F043002785B004461E4646
S3150803892001920D46FFF7C4FDB946DFF8CC80FFF781
S31508038930DBFBA26BE36B9A4212D2324629462046E8
S31508038940FFF7D6FC636A13B1206B01F0B7FC08B1D5
S3150803895001F055FFFFF7D6FB012005B0BDE8F0830C
S31508038960019B1BB9FFF7CEFB0020F6E72FB9D8F812
S31508038970B8390293D8F8BC340393FFF7C3FBFFF760
S315080389801DFDFFF7B1FB94F84430FF2B08BF84F8AD
S31508038990449094F84530FF2B08BF84F84590FFF7B9
S315080389A0B1FB01A902A8FFF713FDF0B9FFF79CFB7A
S315080389B0A26BE36B9A420FD1FFF7A4FB019904F16B
S315080389C01000FFF717FE2046FFF75AFCFFF7D2FE03
S315080389D048B901F014FF06E0FFF794FB2046FFF7BA
S315080389E04FFCFFF7C7FE0127A1E72046FFF748FC20
S315080389F0FFF7C0FEB8E700BF0804002008B5084B18
S31508038A0081685B6D994209D1C368013BC3601BB991
S31508038A101A461946FFF77EFF012008BD0020FCE72A
S31508038A20080400202DE9F04F4FF0000885B00446EE
S31508038A3001914546FFF73CFD4746854EFFF754FB34
S31508038A40A36BC3B1013BA363236833B9804B5B6D47
S31508038A5013B1DA6C0132DA64A36023692BB1E069D6
S31508038A6001F02CFC08B101F0CAFEFFF74BFB01200D
S31508038A7005B0BDE8F08F019B1BB9FFF743FB002048
S31508038A80F6E72DB9D6F8B8390293D6F8BC3403936A
S31508038A90FFF738FBFFF792FCFFF726FB94F8443001
S31508038AA0FF2B08BF84F8447094F84530FF2B08BFA2
S31508038AB084F84570FFF726FB01A902A8FFF788FC8F
S31508038AC005462046002D70D101F0FBFE814600289D
S31508038AD065D02368002B45D1FFF706FBD4F8088039
S31508038AE0B8F1000F3BD05A4DD8F82C306A6DD26ACC
S31508038AF093424BD2D8F81820DFF858A1002AA1BF11
S31508038B006A6DD26AC2F13802C8F81820142202FB29
S31508038B1003A3D8F814209A4233D108F1040B584614
S31508038B2002F08BFA6B6D2A6DDB6A93424FF01402DF
S31508038B30C8F82C3088BF2B6553431D44EA6D53444C
S31508038B409168C8F80820C8F80C10C1F804B0C2F830
S31508038B5008B0C8F81430AB6D0133AB654D46FFF763
S31508038B60D1FAA846019904F12400FFF743FD2046EC
S31508038B70FFF786FBFFF7FEFD08B901F040FE012566
S31508038B805CE76B6DDB6AC8F82C30E7E76B6DD8F8E2
S31508038B904850DB6A9D422CBF00250125DFE72046A6
S31508038BA0FFF76EFBFFF7E6FDE9E7FFF769FBFFF75C
S31508038BB0E1FD204601F085FE0028E0D0B8F1000F5C
S31508038BC03FF45DAFFFF790FA636A1BB1236B1B682B
S31508038BD0C3F13803A568002D3FF44FAFAA6C93423F
S31508038BE038BF13461C46EB6A9C423FF446AFEA6C11
S31508038BF0012A7FF442AF164E164F726DAA69EC62CC
S31508038C00002AA4BFC4F13802AA61142202FB037323
S31508038C106A699A427FF431AF05F10408404602F0C7
S31508038C200CFA336D9C424FF0140388BF34655C43DA
S31508038C303319DA6D27449168AA60E960C1F804809C
S31508038C40C2F808809A6D6F6101329A6515E700BF0D
S31508038C500804002060040020084B82685B6D10B589
S31508038C609A42044604D1E36801200133E36003E032
S31508038C70FFF7D8FE0028F6D110BD00BF0804002070
S31508038C8008B518B9BDE8084001F0B9BDFFF796FB6A
S31508038C90054B0021D3F8B439FFF766FCFFF76AFDE5
S31508038CA00028EFD008BD00BF080400204FF00008D5
S31508038CB02DE99F486D4DD5F8C4341F68002F4BD056
S31508038CC00026DB681F68FFF779FBD5F8BC94D5F84F
S31508038CD0443A4B4542D8C5F8449A002E71D0D5F884
S31508038CE0C0341E68B6FA86F67609D5F8484AFFF7F9
S31508038CF0FBF994F84430FF2B08BF84F8448094F8B2
S31508038D004530FF2B08BF84F84580FFF7FBF9A36BB3
S31508038D10CBB9A36A6A6D9968D3616A6D11626A6D84
S31508038D2018324A606A6D18329A606B6D04F1240230
S31508038D309A62636A01336362002E4BD1A7EB09007B
S31508038D403146FFF711FC2046FFF79AFAFFF712FDA3
S31508038D5050B901F054FD07E00126B4E7FFF788F997
S31508038D60C5F8449AFFF706FD00273C463E46BA4631
S31508038D706946D5F8480ACDE900A6CDE9024702F0C7
S31508038D80EBF8DDE900A6DDE90247002893D0BAF13E
S31508038D90000F22DB636923BBD5F8BC94D5F8443AA4
S31508038DA04B4501D9FFF764F90AF1FF33C5F8449A2D
S31508038DB0082BDDD8DFE803F019193C435119193C90
S31508038DC043004F4591D8FFF7D5FC49463846FFF788
S31508038DD02FF9C9E74FF0FF30B2E739462046B047C7
S31508038DE0C6E7201D02F029F9D6E794F828304A4643
S31508038DF043F0010384F82830A369204606EB030BE6
S31508038E0059463346FFF7F6F80028B1D094F82830C8
S31508038E10590708D54A465946204601F0C6FC204656
S31508038E20236A9847A4E723F0010384F82830F6E772
S31508038E3094F8283023F0010384F8283098E794F847
S31508038E4028304A4643F0010384F828304B46204627
S31508038E50A661F118FFF7CEF88AE794F828309A073F
S31508038E60E8D4204601F013FE82E700BF0804002079
S31508038E70F8B5D0E90152204C41F00041D4F8B43991
S31508038E800160D0E90313AA6055605D680E1D85422B
S31508038E9008BF5A60002202611A68013A1A60FFF78E
S31508038EA0B9FBD1E902024B69826050605868B04247
S31508038EB008BF5A601A68013A1A60CB6A226D934250
S31508038EC04FF0140203FB02F204EB0200C56D88BFE0
S31508038ED02365AF688D60CF607E60AE60074D2A4418
S31508038EE04A61826D01328265626DD26A934284BF9A
S31508038EF00123C4F8B039F8BD080400206004002033
S31508038F0037B5134CFFF7F0F8D4F8481AD1B904F675
S31508038F104C25284601F068FC143001F065FCC4F8BA
S31508038F20C004C4F8C4540820009104F6742310211D
S31508038F3004F6C42201F0A3FCC4F8480A10B1054993
S31508038F40FFF728F803B0BDE83040FFF7DBB800BFEA
S31508038F500804002083E30308014B9869704700BFA0
S31508038F6020AE00200A4B1B6F03F00703013B032BBC
S31508038F7003D8DFE803F00B030609FEE7054B9869F8
S31508038F807047044BD86970470348704703487047CE
S31508038F900080005020AE002080D54302002D310109
S31508038FA008B5FFF7DFFF044B1B6FC3F30333013326
S31508038FB0B0FBF3F008BD00BF00800050014BD86931
S31508038FC0704700BF20AE00204FF400221B4B5A66A1
S31508038FD04FF0B4429368C3F304430C2B0AD8DFE873
S31508038FE003F00B0709092709191B1D1F2123250050
S31508038FF01348704700207047936803F04073B3F132
S31508039000807F17D0B3F1007F16D0002B0D4818BF09
S31508039010002070470C4870470C4870470C48704747
S315080390200C4870470C4870470C4870470C48704703
S315080390300C4870470C4870470C487047009000501E
S31508039040404B4C0000093D00405DC6000024F40077
S31508039050C0EA2101002D310180BA8C010048E801DC
S31508039060005A62028096980080841E0040420F00D0
S31508039070034B5A68D20702D5DA69002AF9D1704731
S3150803908000800A5010B5044608B9212010BD4E4881
S3150803909001F01AFF0028F9D14FF480624B4B9A6608
S315080390A0BFF34F8FBFF36F8F236A052B15D84FF086
S315080390B098410A6CD002FCD504339B000B652268E1
S315080390C0103B0A6062680A60224652F8080F086075
S315080390D04FF0984113449A420BD194F8243063B95C
S315080390E04FF098435A6CD202FCD55C6D04F4702495
S315080390F038E052F8040F0860EDE74FF09842936D95
S3150803910043F002039365FFF7E3F9022820D1304BB6
S31508039110D3F8284A8CB96FF003034FF098418A6D48
S3150803912022F002028A65C3B14FF48062294B2648AE
S315080391309A6601F017FE0120A8E701F00FFC002844
S31508039140E9D14FF0FF312046FFF76CFC012801D126
S315080391500023E2E76FF00103DFE74FF4A0221E4B7B
S315080391605C695A614FF480621A4B17489A6601F094
S31508039170F9FD002C8AD0B4F5E02F86D010D8B4F5C3
S31508039180403F18D007D8B4F5803F16D0B4F5003F52
S31508039190D1D12A207AE7B4F5802FCCD14B2075E7B5
S315080391A0B4F5302F0BD0B4F57F0F0AD0B4F5202FC2
S315080391B0C1D110206AE72C2068E7482066E711200A
S315080391C064E7062062E700BF9C1100200090005068
S315080391D00804002000A0005020AE002013B5044662
S315080391E000F086FA0D4AD2F8083ED2F8101E9C42C1
S315080391F028BF1C46D2F80C3E421A63439A4238BF2C
S31508039200C9184FF0000334BF091A0121CDE9003309
S31508039210034A044800F040FA02B010BD08040020CF
S31508039220299203081C1200202DE9F84300F060FA7E
S31508039230804601F005FB104E074696F8344E6CB986
S31508039240D6F8105ED6F80C9EA8EB05034B450AD252
S315080392500CB101F0D4FA0120FFF7C0FF3846BDE888
S31508039260F84301F0F8BAFFF7E7F94D44044304F06D
S315080392700104C6F8105EE3E70804002007B53C4C72
S31508039280D4F8C439002B5BD1A36D012B01D901F0A6
S31508039290B6FAD6F711FB94F8AC3C3BB30121354833
S315080392A0DCF79CFE3348DBF7EFFA0546D4F8A86CDF
S315080392B0D4F8B40CD9F772FDAE4217D294F8AC3C85
S315080392C0A3B102212B48DCF789FE2A48DBF7DCFA2F
S315080392D0D4F8A85C854205D2012226480DF1070178
S315080392E0DEF7B4F8D4F8B40CD9F758FDFEF76EFEDA
S315080392F00128C5D9FFF762F8D4F8B834D4F8BC34D2
S31508039300FEF764FE0128054617D901261A4884F88C
S31508039310346E00F073FC2846FFF760FFC4F8385E26
S315080393200025C4F83C5E00F0A5FC134884F8345EB7
S3150803933000F064FC3046FFF751FFFFF71BFA9FE77F
S31508039340FEF7D2FED4F88439DD68281D01F075FED0
S31508039350D4F83839013BC4F83839D4F8C439013B51
S31508039360C4F8C439FEF7CEFE284601F020FC87E789
S3150803937008040020801000201C1200200A4B10B499
S3150803938003EB8001896801B1FEE703EB00139C6ACE
S315080393903CB1196BDA6A0131196323465DF8044B4C
S315080393A018475DF8044B7047B8850020054B93F8BA
S315080393B0A80018B1D3F8AC0000EBD000D3F8B0304E
S315080393C018447047B88500200E49D1F8B430A0B1C7
S315080393D00022A3B1834204D183682AB9C1F8B43001
S315080393E003E01A469B68F4E7936083681BB15A69DE
S315080393F041690A445A6100207047222070470220B7
S31508039400704700BFB8850020014B1868704700BF36
S31508039410380E00202DE9F74F002800F0C080614B75
S315080394201A68904203D359680A44904204D35B6A84
S31508039430002BF5D15B69FFDED3E9054EEFF31188FF
S31508039440302282F3118810F8087C30F8065CFA0794
S31508039450A0F1080C00D53DB988F31188BFF36F8FC7
S31508039460012003B0BDE8F08F9E68D3F810A030F84A
S31508039470049CA6EBC5060AF10102691C9E601A61E3
S31508039480B9F1000F00F081804FEAC9020192ACEBF3
S31508039490C90292F800B007F002071BF0010F66D164
S315080394A0002F65D1B2F80290D788A7EB0907012FD9
S315080394B06BD1A91C083E4944C3F810A09E6030F836
S315080394C0029CB9F1000F64D0D3E900670CEBC90A13
S315080394D03744BA455DD21CF83970564617F001076A
S315080394E015D1A9EB0505012D11D1BAF80250AAF831
S315080394F0027001352944BAF80650002D47D00AEB05
S31508039500C5061D69013D1D619D68083D9D6010F8EE
S31508039510085C013925F0010500F8085C002520F8E8
S31508039520065C5180117865F3000111709EB3C2F190
S3150803953007013144C1F3CF01D180B1806CB39442A2
S315080395402BD86188002908BF1446BEF1000F06D040
S31508039550964504D3BEF80210002918BF7246C3E91C
S31508039560054288F31188BFF36F8F002079E767B147
S31508039570019F4944F61B9E6010F8086C26F0020604
S3150803958000F8086C0026968099E7624697E72E4608
S31508039590B7E70026BBE7D680D0E71446D5E72220EF
S315080395A05FE700BFE4870020F8B5114B01280B4499
S315080395B005460F4693F8184109D002280AD008B978
S315080395C044F002040B4BD3F8546236B9F8BD44F0A1
S315080395D00804F7E744F02004F4E773681A681442AA
S315080395E003D0394628465B6898473668EDE700BFD7
S315080395F068B20308B8850020094A034692F8A8000A
S3150803960010B558B107498C6D14F0050F02D092F8BE
S31508039610584214B1002BF6D1184610BD0120FCE7B9
S31508039620B88500200040005A164A92F8593233B1D9
S315080396300121154B596015498B69DB07FCD5144B7A
S31508039640D2F85C02196F21F0070101431967D3F8B1
S315080396502011D2F8600221F007010143C3F8201153
S31508039660D3F82811D2F8640221F007010143C3F89D
S31508039670281192F8A8301BB14FF48032054B9A6231
S31508039680FFF78EBCB885002000D0015000C00150FA
S31508039690008000500060005A7FB5154610B30022BB
S315080396A0C261EFF31186302282F311880F4AD2F88A
S315080396B0B44014B1A04213D1012486F31188BFF331
S315080396C06F8F8CB9BDF8242002929DF82020CDE92E
S315080396D000322B46224600F0B1FE204604B070BD88
S315080396E0A468E6E72220F9E70320F7E7B885002010
S315080396F010B5EFF31184302383F31188FFF7B8FC11
S31508039700034B986984F31188BFF36F8F10BD00BFAD
S3150803971000800A5010B5124C94F8A83083B194F817
S31508039720AC32CBB90F4B9A6DD10302D5DA6D9207DA
S3150803973002D49B6DDB0704D54FF480320A4B9A6239
S3150803974010BD012384F87432FFF7D2FF4FF4803239
S31508039750054BC4F870029A62002384F8AC32EFE72B
S31508039760B88500200040005A0050005A38B5124CFC
S3150803977094F86A32CBB194F8AD3223B1FFF7CAFF36
S31508039780002384F8AD320020FFF736FF94F86852B9
S3150803979060B1FFF749FF00230121284684F86A329E
S315080397A0FFF702FF012384F8683238BD012384F8E2
S315080397B0AE5284F86932F8E7B88500200F4A92F862
S315080397C0AF32FF2B01D1A0B170470BB998B97047D7
S315080397D0002814BF0121FF210B4482F8AF3260B180
S315080397E092F86832012B08D992F869322BB9FFF738
S315080397F0BDBF1946F0E70121EEE77047B88500209B
S31508039800012838B502D0022820D038BD4A4A92F832
S31508039810B03223B149490B6F43F474430B67484984
S315080398200B6923F004030B61BFF34F8FBFF36F8FED
S3150803983030BF92F8B032002BE7D04049D2F8B422B1
S315080398400B6F23F4744313430B67DEE73C4A3A4C26
S31508039850136943F00403136194F8B8322BB3002356
S3150803986084F8B832354B1A6F22F0070242F0010228
S315080398701A67D3F8202122F0070242F00302C3F83D
S315080398802021D3F8282122F0070242F00302C3F865
S31508039890282194F8593233B101222A4B5A602A4AAD
S315080398A053689B07FCD4FFF77BFB0122274B5A67B8
S315080398B0224B5B6E5D0142BF254B264AC3F8202423
S315080398C0BFF34F8FBFF36F8F30BF0122224B234D58
S315080398D05A6794F8A830E3B1214B1B6C980718D53F
S315080398E094F8B932ABB1FFF703FFD4F8B4309B69E8
S315080398F0C01A02280DD8AB6DD90302D5EB6D9A07AA
S3150803990003D4164B9B6DDB070BD54FF48032124BF2
S315080399109A62FFF745FB0A4A136923F004031361A6
S3150803992073E7012384F8AC3284F87432FFF7E0FE58
S31508039930C4F87002E9E700BFB8850020008000502C
S3150803994000ED00E000E0015000C001500060005A3D
S3150803995000E003500000FF0F0050005A0040005A71
S3150803996000800A500C4B70B5D3F8BC3204468342C8
S315080399700D460ED340F2E7300021084B4FF47A72B6
S315080399801E680023E4FB0601FCF7D2FB28600020CF
S3150803999070BD2120FCE700BFB8850020380E0020E3
S315080399A00F4B10B51A689AB14FF47A71531E1342C6
S315080399B0A0FB01010ED1B2FA82F2C2F11F04531CB5
S315080399C0D243E04001FA03F3184321FA02F20243B1
S315080399D0104610BD0023FCF7ABFB0246F8E700BFB1
S315080399E0380E002010B5FFF743FB0C4B0C489C6957
S315080399F0D0F8C032D0F8B410E31A11B9C0F8C0428F
S31508039A0010BD002BFAD04A699A423ABF9B1A002224
S31508039A10D21A4A6128BF00238968EEE700800A50F4
S31508039A20B885002070B5054640B3EFF3108672B6C5
S31508039A30046E012C18D924F0010400F08FFF68B1D5
S31508039A4023688BB9A4687CB10D4B1B689C4209BF7C
S31508039A506C6D0124E44304F0010406E0FEF744FBBD
S31508039A6023683BB1FEF74EFB0024304601F01FF98D
S31508039A70204670BDA468FEF745FBE4E70124F7E733
S31508039A805C04002010B5EFF3108472B6054B93F807
S31508039A90CC3423B12046BDE8104001F008B9FFF7DE
S31508039AA065FEF7E7B8850020F8B5C38804460D4672
S31508039AB01F4E4BB9EFF3108272B696F86832012B34
S31508039AC00AD8104601F0F3F8D6F8B43065612BBB13
S31508039AD0C6F8B440A36020E0D6F8D074FFF766FC56
S31508039AE00744104601F0E3F8BD42EDD2EFF31085C3
S31508039AF072B6FFF73BFE284601F0D9F83D46E3E781
S31508039B006D1A99681A4665610B4619B15969A942CE
S31508039B10F6D92AB19460A3602BB9F8BD0022F5E7FC
S31508039B20C6F8B440A3605A69521B5A61F5E700BFE9
S31508039B30B88500202DE9F0412C4DD5F8B430002B1B
S31508039B4052D05C692A4B002C42D0D5F8C022294F43
S31508039B50144402225A64EFF3108872B6FFF788FAA0
S31508039B60BE6900F031FBFB6C3A6C900704D49A1B70
S31508039B70032A01D89E420FD1A31B022B98BFF41CBC
S31508039B80B4F1FF3F38BF013C00F01EFB0222194B1C
S31508039B90DC6403F580535A64404601F088F8164B93
S31508039BA093F89B212AB10121114A9164002283F873
S31508039BB09B210023D5F8B42085F8B9322AB1D18878
S31508039BC0890709D5012385F8B9320020BDE8F08154
S31508039BD002225A641A64ECE79268002AF5D051699E
S31508039BE00B44012BEBD9F0E72220EFE7B8850020D9
S31508039BF000900A5000800A5078AE0020F8B5044653
S31508039C0078B3C388062B0BD1174B93F89C213AB923
S31508039C100221164A916404219164012283F89C2146
S31508039C20EFF3108672B6FFF7DDFE114B2046D3F825
S31508039C30B470FFF7C9FB054620B1304601F037F883
S31508039C402846F8BDA742F8D1FFF774FF2228F4D1B6
S31508039C500122054B83F89B21044B9A6402225A641A
S31508039C60EBE72225ECE700BF78AE002000A00A50F8
S31508039C70B88500202DE9F843EFF3108772B6AFF3E2
S31508039C800080FEF757FC002800F00881924CDFF8A5
S31508039C90648294F8B0322BB10020FFF78FFD0023BE
S31508039CA084F8B03294F8AF625EB9EFF311893023C2
S31508039CB083F31188D4F8B430B3BB89F31188BFF39F
S31508039CC06F8F94F8AF32002B74D194F86A32002B55
S31508039CD062D0022594F86802A8420AD0002384F8C1
S31508039CE0CE3494F8693213B92946FFF75DFC84F834
S31508039CF0685294F8CE34002B5ED0022D5ED1002331
S31508039D0084F8CE3401F024FA94F86A32002B55D13C
S31508039D1094F8CD3423B9012384F8B83284F8AD32E4
S31508039D20012384F86A3249E05A69DD88164455BB2B
S31508039D30FFF79EF9D8F81830D4F8C0229B1A9E422A
S31508039D4007D9FFF795F9D8F81830D4F8C052ED1AA1
S31508039D50354489F31188BFF36F8FD4F8D434AB42F3
S31508039D6013D2D4F8D014FFF721FB0144A9420CD22D
S31508039D7094F8A830594A9B00594843F00203691AD4
S31508039D8001F0CFF99DE79B6896E70120FFF716FDDB
S31508039D90012384F8B03294E7524AD2F8203103F00B
S31508039DA00703C4F86032D2F8283103F00703C4F86E
S31508039DB064328EE701258DE7022DA5D094F8680253
S31508039DC0FFF71EFD94F869321BB194F8AE3284F896
S31508039DD06832AFF30080384600F0BFFFEFF3108711
S31508039DE072B694F86C326BB1002394F8680284F85F
S31508039DF06C3294F8AE32984204D1012184F8681281
S31508039E00FFF7D2FB3648FFF7F9FEFFF771FC364A30
S31508039E10364913680968C51AB5FBF1F505FB01331D
S31508039E20DFF8D490324E1360D9F800303068EA1858
S31508039E3082423AD22846FEF75DFBD9F800301D4424
S31508039E403368C9F800509D4236D3002594F86A3220
S31508039E5084F8CE548BB194F8AD3284F869521BB1A9
S31508039E60FFF758FC84F8AD520020FFF7C5FB48B34B
S31508039E70FFF7DAFB002384F86A3294F8B0322BB181
S31508039E800020FFF79BFC002384F8B032002194F8E6
S31508039E906802FFF789FB002384F86832AFF3008072
S31508039EA03846BDE8F84300F058BFC01AFEF722FB50
S31508039EB03368C9F80030C8E7FEF73CFB00287FF48F
S31508039EC0E8AEC2E70120FFF79BFC384600F045FFE2
S31508039ED0EFF3108772B6C7E7B8850020859A03089B
S31508039EE0908A0020008000501812002014120020C7
S31508039EF04012002000800A50441200202DE9F84F32
S31508039F00EFF31187302383F31188594B1B6C990799
S31508039F10584903F0010203F0030314460B6448BFD0
S31508039F2042F002044AB1544AD2F8F8340133C2F86B
S31508039F30F834FFF757FDFFF7FDFDA3072BD5EFF31E
S31508039F401189302383F311884FF0000AFFF74AFD7E
S31508039F505546494EDFF81881D6F8B4400CB1636903
S31508039F60FBB10023012D86F8753204D11AF0020FCE
S31508039F7018BF86F87552FFF7DDFD222807D101229F
S31508039F803E4B83F89B213B4B9A6402225A6489F31E
S31508039F901188BFF36F8F87F31188BFF36F8FBDE8FF
S31508039FA0F88F23465A693AB91A792179914288BFB3
S31508039FB01C469B68002BF5D189F31188BFF36F8F75
S31508039FC0D4F810A0BAF1000F1ED0FFF751F8D8F84D
S31508039FD01820A369A2EB03094FEAE972D14572F186
S31508039FE0000212DB5344A361E36813B120462168D8
S31508039FF09847B4F806A00135EFF31189302383F3A4
S3150803A0001188FFF7EFFCA7E7D146EFF3118B30234F
S3150803A01083F311882046FFF7D7F98BF31188BFF32B
S3150803A0206F8F2369002BDFD0A38BBAEB090133B1FA
S3150803A030E28B13449BB2B3F57A7F11D2E383EFF332
S3150803A0401189302383F311882046FFF72DFDA36971
S3150803A05022691344A36189F31188BFF36F8FC3E79A
S3150803A060A3F57A73E383A3690139013BA361E6E7A1
S3150803A07000800A5000A00A50B885002078AE002058
S3150803A08010B5EFF31184302383F311880C4B0D4A73
S3150803A0901B68183B13F1180F04D184F31188BFF317
S3150803A0A06F8F10BD19680968914202D09B69183BE6
S3150803A0B0F0E71B6953F82030002BEED09847ECE7FE
S3150803A0C0E03F0020000004501FB5094B1C6864B12B
S3150803A0D0CDE900120290FEF7EBF9002369461A460A
S3150803A0E02046FEF717FC04B010BD2046FBE700BF69
S3150803A0F0500E00202DE9F8430E46DDE90975940054
S3150803A1002246A5218046286B9946FCF738FB296B1E
S3150803A110221F0A4422F007026EB1731E05F13300AB
S3150803A120093613F8014F00F8014F0CB1B342F8D1C1
S3150803A130002385F83D30089B0020372B28BF37239B
S3150803A140EB62AB64C3F13803AB614FF080736861AC
S3150803A150A8622D616D6242E902831A4B4FF01230F1
S3150803A16042F80C3C4FF003334FF0023442E9053012
S3150803A1704FF001334FF0113642E907344FF01033ED
S3150803A1804FF0093C42E90A364FF008334FF00738D7
S3150803A19042E90C3C4FF0063342F8209C42E90E385C
S3150803A1A04FF005394FF0043342E910396FF00203D3
S3150803A1B042F8443C42F8481D2A6007B13D60BDE8B1
S3150803A1C0F88300BF29540108034B5A68D20702D5FE
S3150803A1D09A6D002AF9D1704700800A5070B5044673
S3150803A1E00D46FDF781FF022394F85C2084F85C3062
S3150803A1F0A36D012A43EA0503A36503D0BDE87040AE
S3150803A200FDF780BF6369D4E902128A605160596811
S3150803A210201D814208BF5A601A68013A1A60104A1B
S3150803A220E36A11688B424FF0140188BF13604B43EE
S3150803A2300C4AD51869688E68A160E6607060886004
S3150803A240D15865610131D150FEF7E4F9064B1B6815
S3150803A250DA6AE36A9A42D1D200F0D1FACEE700BFAE
S3150803A26058040020600400205C04002088B10268BA
S3150803A27012F4E07FC2F382130CD0012B09D1084BE9
S3150803A28051B103F58053012102F03F0201FA02F2AC
S3150803A2901A607047034BF3E703F50053F3E700BF70
S3150803A2A06880005064800050012303FA01F13023CB
S3150803A2B05843014B1950704740D0035070B5C468D2
S3150803A2C0A36AD4E9071258688A60516004F1180131
S3150803A2D0884208BF5A600022A2621A68013A1A60C5
S3150803A2E01F4B1B68002B2ED1D4E9021263698A60BF
S3150803A2F051605968201D814208BF5A601A68013A9D
S3150803A3001A60184AE36A11688B424FF0140188BF32
S3150803A31013604B43144AD51869688E68A160E660D2
S3150803A32070608860D15865610131D150FEF772F9C2
S3150803A3300E4BE26A1B68DB6A9A4285BF01200C4B07
S3150803A3400020186070BD0B4B5A689068E261206262
S3150803A350416091601A68A36201321A60E8E700BF98
S3150803A360BC0D002058040020600400205C04002073
S3150803A370B80D00206C0D00202DE9F04129490B7812
S3150803A380FF2B03D1002848D0BDE8F0811BB900286C
S3150803A390FAD0012203E0002814BF0122FF22134446
S3150803A3A0DBB20B700028EFD01F4D2A78012AEBD9B0
S3150803A3B0ABB3EFF3108672B61C4F3B780BB31C4C4A
S3150803A3C023781BB9012222701A4A1370DFF86880B2
S3150803A3D098F8003023B1FFF79DF9002388F8003079
S3150803A3E0304600F064FC0120FFF706F9EFF3108608
S3150803A3F072B623781BB1FFF717F9002323700023DE
S3150803A4003B70304600F053FC012428788442BBD0C5
S3150803A4102146FFF7C9F82C70B6E71A46BFE70224A8
S3150803A420F3E700BF678800202088002022880020E1
S3150803A430848A002021880020658800202DE9F047BA
S3150803A44099469DF82430DDF8208003710023BDF872
S3150803A450287004460D461646C0E90392DFF8B4A0F1
S3150803A460C0F800808360C780002A36D1FEF700FE55
S3150803A470DAF818202A44A26145B96561B9F1000FD3
S3150803A48002D041462046C8472EB33546062F2AD161
S3150803A49008221F4B9A62EFF3108472B6FEF7E8FDA3
S3150803A4A01C48022D83698CBF5B190333B3F1FF3F45
S3150803A4B02CBF1946591EFFF787FE0165204600F093
S3150803A4C0F6FB154B1A7832B10221144A916404211A
S3150803A4D0916400221A70BDE8F087FEF7C9FDDAF821
S3150803A4E018203244C7E7EFF3108672B6FFF77AFAF5
S3150803A4F029462046FFF7D8FA094B1B689C4201D127
S3150803A500FFF718FB3046BDE8F04700F0D0BB00BFA5
S3150803A5100050005A00800A5014B0002000900A50D8
S3150803A5206C86002030B587B005A90446FFF71AFAEA
S3150803A530054600BB4FF47A72104B1B686343B3FBA3
S3150803A540F2F102FB1133D31A9BB2934208BF0023DD
S3150803A5500B4CA4F86A0004F14C00A4F86830FFF722
S3150803A5604DFB059ACDE901551146064B009504F1B5
S3150803A5704C00FFF763FF07B030BD00BF380E00205D
S3150803A5807CAE0020D1D400082DE9F04104461646D6
S3150803A5908846DAF73BFF00F053F9A26BE36B0746ED
S3150803A5A09A4223D294F845500022414620466DB27A
S3150803A5B0A36BFDF79DFE6B1C0FD1636A33B1206B4A
S3150803A5C0FFF77CFE10B10EB1012333600124384630
S3150803A5D000F041F92046BDE8F081054B1B689D4212
S3150803A5E0F4D201356DB284F84550EFE70024EEE75F
S3150803A5F0400D002010B5044686B0F8B100F0AEF958
S3150803A600F0B100226FF00103CDE90123104B01AA33
S3150803A610CDE90334012305930E4B02A91868FFF706
S3150803A620B3FF58B100F00CF900F015F9019B2BB1F3
S3150803A6304FF0E0234FF08052C3F8042D06B010BD47
S3150803A6400121204606B0BDE8104000F005BD00BF55
S3150803A650CFA70308500E0020F8B504460E46154644
S3150803A660DAF7D4FE00F0ECF8022394F85C2084F8B9
S3150803A6705C30A36D012A43EA0603A36503D0BDE84C
S3150803A680F84000F0E8B8224BE26A1B68002B30D189
S3150803A690D4E902616369B1604E605E68271DBE42F4
S3150803A6A008BF59601968013919601A4B19688A4233
S3150803A6B088BF1A6014235343174901EB030CDCF8CC
S3150803A6C00460D6F808E0A660C4F80CE0CEF8047077
S3150803A6D0B760C4F814C0CC580134CC500F4B1B6870
S3150803A6E0DB6A9A42CBD9012305B12B600C4A136066
S3150803A6F0C5E70C4B04F1180659688F68E1612762B0
S3150803A7007E608E601968A36201311960E6E700BFAF
S3150803A710BC0D002058040020600400205C040020BF
S3150803A720B80D00206C0D00201FB50C4603A9FFF7D2
S3150803A73019F9034630B9CDE90000224603990248C0
S3150803A740FEF7AAFF04B010BD94900020084B10B57D
S3150803A7501B780C465BB1072809D8064B03EB001395
S3150803A7601B7B23B10146044800F0AAFA207010BDEA
S3150803A770E2870020E08500200000045030B50C680D
S3150803A780631C0AD103695A684A6091608B605960F1
S3150803A790036808610133036030BD00F108021346FC
S3150803A7A052681568A542FAD9EDE770B50B46044613
S3150803A7B01646A56932461D4429462046FDF71AFC66
S3150803A7C000B970BD236A204698472B46F1E700F087
S3150803A7D043BCEFF31180302383F31188704780F36A
S3150803A7E01188BFF36F8F70474FF0FF3200F10803EC
S3150803A7F0C0E90223436003610023036070474FF0F7
S3150803A800E0234FF08052C3F8042DBFF34F8FBFF3F5
S3150803A8106F8F7047836913F8023C662B0FD14FF08D
S3150803A820E023D3F8882D42F47002C3F8882DD3F8B1
S3150803A830342F42F04042C3F8342FFDF72FBC70473C
S3150803A840EFF311804FF0100181F31188BFF34F8F97
S3150803A850BFF36F8F704780F31188BFF34F8FBFF332
S3150803A8606F8F704738B504460D46FDF73DFC2368E0
S3150803A87023EA05032360BDE83840FDF743BC37B533
S3150803A8800D461C4613B122B121B90C46204603B026
S3150803A89030BDA1B950230121002D08BF22460193DB
S3150803A8A0C4E90F0584F8461020462260019B019BE4
S3150803A8B000F090FB9DF8183084F84C30E6E7144610
S3150803A8C0E4E710B50446FDF70FFCA46BFDF71AFC85
S3150803A8D0B4FA84F0400910BD03461A6C084610B44E
S3150803A8E062B1DC68A1189C68D960A14228BF1968BF
S3150803A8F05DF8044B28BFD960FBF768BF5DF8044BC6
S3150803A90070472DE9F043174660220E46002187B0AB
S3150803A91005929846DDE90F94059B0546059B049128
S3150803A920C4B1B9F1000F15D02046FBF728FF02235F
S3150803A93084F85D3004ABC4F8309001930E9B284627
S3150803A94000933A46434631460294FFF7D3FB204623
S3150803A950FDF7E4FB049807B0BDE8F08308B5EFF309
S3150803A960058111B10121084608BDFDF7A1FD01289E
S3150803A970F9D0EFF31083002BF4D1EFF311810039EB
S3150803A98018BF0121EFE708B5FFF7E8FF014640B90D
S3150803A990FDF78EFD40B1022808D1FDF70FFD0846E5
S3150803A9A008BD6FF00500FBE70120F9E74FF0FF301C
S3150803A9B0F6E710B5FDF77CFD012810D0FFF740FF39
S3150803A9C00446FDF739FE28B14FF0E0234FF08052D5
S3150803A9D0C3F8042D2046BDE81040FFF73CBF10BD61
S3150803A9E010B50446FFF7BAFFB8B9FDF761FD20F0C5
S3150803A9F00200012814D0012C03D1FDF7DFFC204601
S3150803AA0010BD6CB9FDF7B6FE0128F8D0FDF750FD69
S3150803AA10841E18BF4FF0FF34F1E76FF00504EEE725
S3150803AA204FF0FF34EBE710B5FDF7C8FCCFF7F3F9A2
S3150803AA300446FDF79FFE204610BD2DE9F0410D465D
S3150803AA401746064618B900242046BDE8F081A1FB3F
S3150803AA500038B8F1000FF6D1484310F1510FF2D878
S3150803AA605030FFF7E0FF04460028ECD080F8468014
S3150803AA705DB100F1500301212046C4E90F65236047
S3150803AA8000F0A8FA84F84C70DEE70346F3E708B546
S3150803AA9038B1FDF793FCFEF7BDFCBDE80840FDF7AA
S3150803AAA069BE08BD10B50446FDF7D6FB94F84630D3
S3150803AAB023B92046BDE81040FFF7E9BF10BD2DE9CD
S3150803AAC0F043074685B09000884616469946FFF731
S3150803AAD0AAFF0546F0B16020FFF7A5FF0446B0B10B
S3150803AAE060220021FBF74BFE0D9B256301930C9B0C
S3150803AAF0324641463846009302944B46FFF7FAFA24
S3150803AB002046FDF70BFB012005B0BDE8F083284678
S3150803AB10FFF7BDFF4FF0FF30F6E70023F0B587B028
S3150803AB2006460F4614460593FFF718FF10BB64B392
S3150803AB30A56925B16B1E372B02D907B0F0BD1825B9
S3150803AB406368DB0731D46369B3B19A082168D4E92A
S3150803AB5002C0BCF1000F11D05F280BD9206948B198
S3150803AB6043B1013DCDE9010C3B4630460095FFF75D
S3150803AB70C8FE05900598E0E7A022E7E70028F9D183
S3150803AB802369002BF6D10C4601E01825A02205AB54
S3150803AB90013D019321463B4630460095FFF78FFF5B
S3150803ABA001281CBF00230593E4E70020C5E710B579
S3150803ABB090F85D3004463BB9006BFFF768FF204603
S3150803ABC0BDE81040FFF763BF012BF9D010BD70B580
S3150803ABD0044620F0010500F00106FFF7BFFE90B911
S3150803ABE0012C13D946B12846FDF708FF01280CBFE7
S3150803ABF000206FF0020070BD3346324631462846C0
S3150803AC00FDF788FEF2E76FF00500F4E76FF003003F
S3150803AC10F1E738B100231A46194683600360C36017
S3150803AC20FDF778BE7047024610B500210120FFF7ED
S3150803AC3004FF0446FFF7EDFF204610BD73B506462D
S3150803AC40FFF78CFE18B10024204602B070BD756864
S3150803AC5015F00802F7D1D6E9023105F00105BBB1B3
S3150803AC604F29F0D9E5B10421012000911146FFF7D8
S3150803AC7006FE0446FFF7CDFF002CE4D0316811B178
S3150803AC802046FDF787F9002DDED044F00104DBE703
S3150803AC900029D8D14DB10420FFF7C5FF0446EBE7D9
S3150803ACA001202A4629460090E1E70120F4E710B976
S3150803ACB062B6BFF36F8F7047EFF3108072B67047B3
S3150803ACC0EFF31182302383F31188436B82F31188E0
S3150803ACD0BFF36F8F012088401840003818BF012042
S3150803ACE0704708B528B128220021FBF748FD002044
S3150803ACF008BD2120FCE7036A042B9FBF00EB8302F0
S3150803AD000133D16003627047836882B013B98160E7
S3150803AD1002B0704783680193019B5B68012B019B13
S3150803AD2001D15960F4E75B68F5E70020FEF726BB17
S3150803AD300120FEF723BB0220FEF720BB0320FEF704
S3150803AD401DBB0420FEF71ABB0520FEF717BB06201A
S3150803AD50FEF714BB0720FEF711BB10B962B6BFF3A3
S3150803AD606F8F704710B50446D8B1FDF7B1FB0228BB
S3150803AD7013D1EFF31083DB070AD4EFF311832F2BD9
S3150803AD8006D8206EFFF723FF003818BF012010BD31
S3150803AD902046BDE81040FEF745BE0328F8D000203C
S3150803ADA0F5E70120F3E738B50C46EFF311853023B1
S3150803ADB083F311881F2859D8DFE800F0101A581FA3
S3150803ADC0222558282B582E58313458373A3D58409F
S3150803ADD05843585558465849584C4F52FEF7C2F8E7
S3150803ADE00023206085F31188BFF36F8F184638BD9B
S3150803ADF04FF4C070DDF710F8F2E74FF42070F9E767
S3150803AE004FF44070F6E74FF46070F3E74FF40070C1
S3150803AE10F0E74FF48060EDE74FF44060EAE74FF45C
S3150803AE20C060E7E74FF4F060E4E74FF4B060E1E7AA
S3150803AE304FF4D060DEE74FF41060DBE74FF4E060D1
S3150803AE40D8E74FF4A060D5E74FF41860D2E74FF47C
S3150803AE502860CFE74FF48070CCE74FF43060C9E73A
S3150803AE604FF42060C6E74FF40860C3E700202123A8
S3150803AE70B7E708B5022200214FF6FF70FFF7DDFD9D
S3150803AE8008B10023836308BD70B5044620F00105A5
S3150803AE9000F00106FFF762FD80B9012C11D94FF0C6
S3150803AEA0FF3128463EB1FDF7D7FE01280CBF002027
S3150803AEB06FF0010070BDFDF7B5FDF6E76FF005000D
S3150803AEC0F8E76FF00300F5E710B50446D8B1FDF7C8
S3150803AED0FFFA022813D1EFF31083DB070AD4EFF343
S3150803AEE011832F2B06D8206EFFF7CEFF003818BF25
S3150803AEF0012010BD2046BDE81040FEF793BD032888
S3150803AF00F8D00020F5E70120F3E737B50546FFF744
S3150803AF1025FD0346D8B975B1AC684CB12022204645
S3150803AF20019240F8043B019AFFF75EFC012323775D
S3150803AF30204603B030BD2020FFF775FD04460028E0
S3150803AF40F6D040F8045BFFF74FFC2577F0E70024BB
S3150803AF50EEE70121FFF78AB970B505460E46FDF7F8
S3150803AF60A7FAFDF7C1F8AC6B8CB131462846FFF753
S3150803AF70B3FC2B69013CAC632BB1E869FFF79EF977
S3150803AF8008B1FFF73CFCFDF7BDF8012070BDFDF7DE
S3150803AF90B9F82046FAE770B504460E46FDF788FA6F
S3150803AFA0FDF7A2F8A56B8DB131462046E568FFF794
S3150803AFB093FC636AE5602BB1206BFFF77FF908B151
S3150803AFC0FFF71DFCFDF79EF8012070BDFDF79AF803
S3150803AFD02846FAE770B50E46044668B3C56B5DB3F3
S3150803AFE0036CA3FB05353DBBFDF77EF8D4E90F31AA
S3150803AFF04B432268A563D0185B1A62601A44FF2381
S3150803B000A06084F84430E26084F845305EB9236969
S3150803B0102BB1E069FFF752F908B1FFF7F0FBBDE87A
S3150803B0207040FDF76FB804F11000FFF7DDFB04F17C
S3150803B0302400FFF7D9FBF2E770BD0369D0E90112D3
S3150803B0408A6051605968884208BF5A6000220261C3
S3150803B0501A68013A1A6070472DE9F04104460D460D
S3150803B06000F10C06FDF7AAF9236820692B4300258E
S3150803B07023608642216806D121EA05012160BDE8DD
S3150803B080F041FDF777BBD0E9002822F07F4312F0A1
S3150803B090806F03EA010702D11FB94046E9E7BB42BD
S3150803B0A0FBD1D20141F0007148BF1D43FDF7E0FE15
S3150803B0B0F3E738B5044620F00105FFF74FFC48B916
S3150803B0C0012C07D92846FDF7C7F82846BDE83840B6
S3150803B0D0FFF7E8BC38BD10B50446FFF73FFC98B93F
S3150803B0E094B1FDF76BF9636843B9FDF743FB237F17
S3150803B0F053B92046BDE81040FFF7C9BC4FF00071AD
S3150803B1002069FDF7B5FEEEE710BD10B50446FFF757
S3150803B11025FC28B924B12046BDE81040FDF7B0BD8B
S3150803B12010BD2DE9FF410E4617469846044660B101
S3150803B1300025C561FEF762FD3B462A463146204691
S3150803B140CDE901580095FFF779F904B0BDE8F08118
S3150803B15002210120F9F7A6BD000000000000000047
S3150803B160F8B500BFF8BC08BC9E467047F8B500BFE3
S3150803B170F8BC08BC9E4670475FF800F061AD002036
S3150803B1805FF800F011AD002010141400101C2030D5
S3150803B190401C2000001C2030400000007F67030885
S3150803B1A002020300000000001A0000005053410089
S3150803B1B04B4559006EAE00205F8601089346010889
S3150803B1C0D1870108FD4601088D46010866AE0020B1
S3150803B1D05F86010893460108D1870108FD460108E1
S3150803B1E08D460108DB4A0108F184010885850108B3
S3150803B1F0FD4A01083D840108514F0108818401086D
S3150803B20013B779FAC925DDB7ADF3CFE0F1B614B8AC
S3150803B210010200000000000000000000800000009A
S3150803B22000010B00000000000000000200000000FF
S3150803B230000407001010008300000000000000004F
S3150803B24000000000000000000000000000000000ED
S3150803B2500080000040AE0020B4B10308CCB1030857
S3150803B2608010002000000000000000000000F03FEE
S3150803B27000000000000024400000000000005940C0
S3150803B2800000000000408F40000000000088C34013
S3150803B29000000000006AF8400000000080842E4188
S3150803B2A000000000D01263410000000084D79741D4
S3150803B2B00000000065CDCD4100000000000000003D
S3150803B2C01AE40308A2E70308A2E70308A2E70308A8
S3150803B2D0A2E70308A2E70308A2E70308A2E703080D
S3150803B2E0A2E70308A2E70308A2E70308A2E70308FD
S3150803B2F0A2E70308A2E70308A2E70308A2E70308ED
S3150803B300A2E70308A2E70308A2E70308A2E70308DC
S3150803B310A2E70308A2E70308A2E70308A2E70308CC
S3150803B320A2E70308A2E70308A2E70308A2E70308BC
S3150803B33024E40308A2E70308B0E70308A2E703081F
S3150803B340A2E70308D5E70308A2E70308A2E7030869
S3150803B350A2E70308A2E70308FDE70308A2E7030831
S3150803B360A2E70308A2E70308A2E7030815E8030808
S3150803B370A2E7030833E80308000000000000000002
S3150803B3800104100098E7030803000000000000000A
S3150803B3900000000076636F6D00000000000076630E
S3150803B3A06F6D0000000000000000000000000000B0
S3150803B3B00000000000000000000000005A41465F3C
S3150803B3C05472616E736D6974000000001E000000FC
S3150803B3D01D000000160000001B00000008101820BE
S3150803B3E0280000001AE4030800000000000000001B
S3150803B3F000000000000000000010000037000000F5
S3150803B4000000000000000000370000008300000071
S3150803B410000000000000000000B3B3B30000A00062
S3150803B420000000000000000010B403080CB4030871
S3150803B4302AB000201EB0002079AE0020E18701085B
S3150803B440A14F0108B34F0108D5470108ED47010885
S3150803B450000A0000ED820108030000000000000056
S3150803B460D9BF01080100000000010000D9BF010887
S3150803B47000000000000B0000EDBD010800000000FD
S3150803B480030B0000EDBD01080000000001020000E7
S3150803B490A1A001080200000001030000ED820108D3
S3150803B4A00000000002060000A1A001080200000037
S3150803B4B002050000ED8201080200000002040000F4
S3150803B4C0E9BE01080000000002070000A1A0010868
S3150803B4D00200000002080000F5BE01080000000093
S3150803B4E002090000E9BE010800000000CEEE0308C9
S3150803B4F0DCEE0308EBEE030801EF030861ED03082E
S3150803B50081ED0308A3ED0308BFED0308DAED03088D
S3150803B510F7ED030816EE030837EE030856EE03089D
S3150803B52074EE03089AEE0308B4EE0308FF0002015B
S3150803B5300B0000000000000002020202C80000001F
S3150803B540C8000000C8000000E8030000000000006F
S3150803B55000000000000000000300000000000000D7
S3150803B56002020202C8000000C8000000C80000006A
S3150803B570E8030000000000000000000000000000CF
S3150803B580D96D020800000000020000000500000053
S3150803B590030000000A000000040000001E0000006B
S3150803B5A01000000040000000110000000100000028
S3150803B5B01400000020000000020200000000000042
S3150803B5C018B40308A0F503080100000028B9030806
S3150803B5D080F50308020000001AB9030860F503089A
S3150803B5E0030000000CB9030840F503080400000033
S3150803B5F0FEB8030800F5030805000000F0B80308C1
S3150803B600A0F4030806000000E2B80308C0F4030820
S3150803B61007000000D4B8030860F403080800000014
S3150803B620C6B8030840F4030809000000B8B80308BD
S3150803B63020F403080A000000AAB80308E0F4030884
S3150803B6400B0000009CB8030880F403080C000000F4
S3150803B6508EB8030800F403080D00000080B8030839
S3150803B660E0F303080E00000072B80308C0F30308EA
S3150803B6700F00000064B80308A0F30308E5B1010846
S3150803B680EDB2010849EB0108A9D401080DB3010875
S3150803B69013B30108D79B01087105020869B10208AB
S3150803B6A009D5010815E50108EDB001084DA60108FD
S3150803B6B0F79F0108BD7D0208000503040100000089
S3150803B6C0010201550AF00000000000000000000016
S3150803B6D0000000000201015514F0000000000000FC
S3150803B6E000000000000000000300025528F00000D7
S3150803B6F00000000000000000000000000303020031
S3150803B700285E0000000000000000000000000000A2
S3150803B71003040200285E0000000000000000000089
S3150803B72000000000550000000201005514F03A001D
S3150803B73000000000000000000000000002010055A0
S3150803B74014F0E600000000000000000000000000FE
S3150803B750FAFE02060A0D10131517191A1B1C1D1ECD
S3150803B760BD8E000819A50008A1B00008CDAA0008D7
S3150803B770E9A50008050000000000000000C201005A
S3150803B7800002000000100000000000000000000096
S3150803B7900000000000000000010000005600000041
S3150803B7A00000015B150000009CB7030888BB03086B
S3150803B7B084BB030801020506EB570208B7570208BC
S3150803B7C089570208D5FC0108D1570208ED57020824
S3150803B7D0D5FC0108D5FC010809030208230302085E
S3150803B7E0D5FC0108D5FC0108435802085D58020830
S3150803B7F077580208D5FC01080F5802082958020889
S3150803B800D5FC0108D5FC01085700000000000450C8
S3150803B8100100000094B703080000000000000000C0
S3150803B820080800000E0000000000005B040000008A
S3150803B83024B80308ECBA0308E8BA0308A08601008B
S3150803B840DDFB05001F100F0000010208091108009F
S3150803B8500400000048B100200000000000000100B9
S3150803B8601C00000003BBBB000000A0000000000092
S3150803B870010002B3B3B3BB00A00000000000000040
S3150803B88002B3B3B3BB00A00000000000000003C46A
S3150803B890C4000000800000000000010001BFBFBF14
S3150803B8A0000088133200A00F010001A9A9A900000E
S3150803B8B080000200C800010002B0B0B0C4008000D6
S3150803B8C000000000000002B0B0B0C4008000000011
S3150803B8D00000000000B0B0B00000800000000000C7
S3150803B8E0000000B0B0B000008000000000000000B7
S3150803B8F000B0B0B00000800000000000000000B0F7
S3150803B900B0B00000800000000000000000B0B0B036
S3150803B9100000800000000000000000B0B0B0000086
S3150803B920800000000000000000B0B0B000008000F6
S3150803B9300000000000000000ED980108F4EA03087F
S3150803B94011EB030800FF0000B99801082BEB030865
S3150803B95011EB030800FF00007F4F010853EB0308B0
S3150803B9606CEB03080000FF0066EB030858B90308ED
S3150803B9700000000022E4030858B903080100000088
S3150803B980CDEB030848B9030800000000D2EB03080F
S3150803B99048B9030801000000D4EB030838B90308C3
S3150803B9A00000000059EC030838B903080100000039
S3150803B9B000000000000000000000000068B903084A
S3150803B9C0DCEB03081AE40308FE000000D5A6010809
S3150803B9D016EC03081AE40308FF0000008DA6010805
S3150803B9E032EC03081AE40308FF00000075A60108F1
S3150803B9F05BEC03081AE40308FF000000D5A300085C
S3150803BA006BEC03081AE40308FF0000006DA30008A3
S3150803BA107FEC03081AE40308FF00000055A3000897
S3150803BA20AFEC03081AE40308FF000000C58B0008FF
S3150803BA30C8EC03081AE40308FF000000000000002E
S3150803BA4000000000000000000000000000000000E5
S3150803BA5000000000020000000200000002000000CF
S3150803BA6002000000030000000300000004000000B9
S3150803BA7004000000050000000500000006000000A1
S3150803BA800700000008000000090000000A00000083
S3150803BA900B0000000D0000000F000000110000005D
S3150803BAA01300000015000000180000001B0000002A
S3150803BAB01F00000023000000280000002D000000DE
S3150803BAC0340000003C00000045000000510000005F
S3150803BAD05F000000730000008E000000B70000003E
S3150803BAE0EC000000EC000000010005000000050062
S3150803BAF002ED03082CBA03080000000011ED030841
S3150803BB001CBA0308000000001FED03080CBA03085B
S3150803BB100000000027ED0308FCB903080000000035
S3150803BB2032ED0308ECB90308000000003DED0308F5
S3150803BB30DCB90308000000004BED0308CCB9030881
S3150803BB400000000054ED0308BCB903080000000018
S3150803BB505BED0308BCB90308010000005FED0308A9
S3150803BB60BCB9030801000000000000000000000043
S3150803BB70000000000001080600000000343700201A
S3150803BB8000000000010010000000100000001E0065
S3150803BB900300025518F00000000000000000000032
S3150803BBA000000000550000000300005508F0690076
S3150803BBB0000000000000000000000000030300006E
S3150803BBC0085E6E0000000000000000000000000090
S3150803BBD003040000085E6E00000000000000000079
S3150803BBE0000000000D9C0108519C010869B4010876
S3150803BBF0119E0108099C01088DD90108F5D9010888
S3150803BC0095DB010811DC01085DDA0108C5DA0108CC
S3150803BC102DDB0108C901020855020208E9000208DA
S3150803BC2061010208A99C0108EF9C0108119E0108FD
S3150803BC30119E01082F9D01086B9D0108B5B40108E3
S3150803BC40119E0108AB9D0108D99D0108119E0108A3
S3150803BC50119E010802010101010100000000000014
S3150803BC6000000000000000000000000000000001C2
S3150803BC7001020408100C0D0E10121315191A1F20B1
S3150803BC80242504050607090A0B0F111400000000F2
S3150803BC90000000000000010064EF03080017060017
S3150803BCA072EF03080018060082EF03080618060059
S3150803BCB08FEF030801180600A0EF0308081806000B
S3150803BCC0A0EF030801010100A5EF03080115000011
S3150803BCD0B6EF030801020400CBEF0308010B0400C7
S3150803BCE0CBEF0308060B0400CBEF0308080B04008D
S3150803BCF0CBEF0308010D0000B6EF0308010E04009D
S3150803BD00DEEF030801100000B6EF0308010F000079
S3150803BD10B6EF030804050100000000000406060048
S3150803BD2000000000040708000000000002050000E8
S3150803BD3000000000030501000000000001080500DB
S3150803BD40EDEF030800080000FAEF0308010C0100F1
S3150803BD5019F0030801120500EDEF030808030200B2
S3150803BD600000000001220000000000000816080079
S3150803BD70000000000808000027F003080116010068
S3150803BD803DF00308061601003DF003080509030004
S3150803BD904EF00308050A0000000000000503020030
S3150803BDA060F003080504000000000000061B0600F7
S3150803BDB077F00308011B060077F00308061C070043
S3150803BDC08FF00308061D07008FF003080705080010
S3150803BDD000000000081E07008FF003080820000073
S3150803BDE09EF00308081F0000000000000821000059
S3150803BDF00000000008110600BAF003080111060046
S3150803BE00BAF003080822000000000000061906001D
S3150803BE10BAF00308061E0000E8EF03080620000030
S3150803BE20E8EF0308061A08000000000006140100DC
S3150803BE306AEF0308071401006AEF0308081B0600E4
S3150803BE400000000007240000000000000814010099
S3150803BE506AEF030801000201040200000000000063
S3150803BE600000000098409807000001020501010040
S3150803BE700E02060101000400070401000302000084
S3150803BE80010009021100040006000805040008025F
S3150803BE90031404000400001405000801090805003A
S3150803BEA00802031405000400001405000600001424
S3150803BEB0080002020A0A0800030201000800040037
S3150803BEC000140800060000140800080100140A00FC
S3150803BED00D02000A0A000C02000A0A0008020B0AED
S3150803BEE00A0005010C0E0A00040000140A000600E5
S3150803BEF000140A00080100140E000A000D110E00B2
S3150803BF00080204140E00040000140E0006000014B0
S3150803BF100E00080100140E00050100140E000F029E
S3150803BF200E1211000C000C0E110008020414110065
S3150803BF30040000141100060000141100080100147F
S3150803BF4011000501001411000A000014110005026E
S3150803BF500E1212000802041412000C020F0012003B
S3150803BF60040000141200060000141200080100144D
S3150803BF7012000501001412000A000014120005023B
S3150803BF80001412000C00001413000C020100000038
S3150803BF900902000000001002000014000902010053
S3150803BFA014000B02001314000700100014000A0201
S3150803BFB0010014000402001414000C0200141400F7
S3150803BFC00D02010014000E020014140010020100F1
S3150803BFD00200FFFF0602FF000602FF000301FF003F
S3150803BFE02300FFFF03000000130000000200010105
S3150803BFF003000000010204020400800050A600208A
S3150803C000505341004B4559000405030108090C0028
S3150803C0100D0E0FFFFFFFFFFFFFFFFF0423000000C6
S3150803C02000E00608006000006C7100200A000000AA
S3150803C0306C07000000000000E4B103082BAD0308F9
S3150803C04031AD030837AD03083DAD030843AD030817
S3150803C05049AD03084FAD030855AD03087F890000B2
S3150803C0607F890000A8610000000000007E870000A9
S3150803C0707E87000073CB000000000000271800002D
S3150803C08027180000E2040000000000000100000079
S3150803C090C0175302040C0000E002000000003C0332
S3150803C0A001020504980301020505F40301020605C6
S3150803C0B0770601007706010010270000000000003C
S3150803C0C01429020000311100000001000264000176
S3150803C0D0012F000007000000140000004444440038
S3150803C0E000000000C0C003086CC00308000000007D
S3150803C0F00800000000000000004B00000101F400E6
S3150803C100466E1007000000008CC00308C201000039
S3150803C1100000000000000000409C00000000000032
S3150803C12000000000000000000000000014000000EA
S3150803C1308EE3380000000000C0C00308B0C003083F
S3150803C140000000000800000000000000A0860100AF
S3150803C1500101F200C44E1007000000008CC003085A
S3150803C1600E0100000000000000000000A186010087
S3150803C17000000000000000000000000000000000AE
S3150803C180140000008EE3380000000000C0C0030856
S3150803C190B0C003080000000008000000000000000B
S3150803C1A0A08601000101F200C44E0007000000004A
S3150803C1B08CC003080E010000000000000000000008
S3150803C1C0A186010000000000000000000000000036
S3150803C1D0000000001400000044444400000000006E
S3150803C1E0C0C003085CC00308000000000800000084
S3150803C1F000000000409C00000101F400466E100791
S3150803C200000000008CC00308C20100000000000003
S3150803C21000000000419C0000000000000000000030
S3150803C220000000000000000014000000333333014F
S3150803C23000000000C0C003087CC00308000000001B
S3150803C240080000000000000000350C000420F4007C
S3150803C250466E5007000000008CC00308000000006B
S3150803C260000000000000000000350C00000000007C
S3150803C27000000000000000000000000006030000A4
S3150803C280FC4F0103D4C103080C400200018F1900B7
S3150803C290B140000020400200000000000700000033
S3150803C2A048400100A40700000841040007480000AD
S3150803C2B0FF4C000007490000FF4D000020C0011095
S3150803C2C000F8070020C00130FE0128003CC0010029
S3150803C2D0FC103F0058C004001C001AE65400000076
S3150803C2E00A1518191A0000006CC00100E0040000C2
S3150803C2F008000101A007000018000101FF00000063
S3150803C3002000010180000000404001010000F030D8
S3150803C3104C400401020000042DC0820000320020B4
S3150803C32000D00B0060400F01000000000000000071
S3150803C3301176F800410800004800040012002500A1
S3150803C340EA030000000000000906000000000000E0
S3150803C35075030A0000800862000000000000031746
S3150803C3603E5254541C4102010050558C00000000F3
S3150803C37038410701BC200AF018B9510067329940C1
S3150803C380FFFF3FA899FF71B18B3B4000C0030080B4
S3150803C3905C410101FFFD00006C41060100000040FD
S3150803C3A0000000000000000000000000000000007C
S3150803C3B0000000008841040100000000000000009E
S3150803C3C00000000000000000A84101010000000071
S3150803C3D0B44101018CD02BC0D0410301AAAAAAAA51
S3150803C3E0D280168005000200E4410F0129AC5104EE
S3150803C3F02F1F2E00E8BD0500E5D32D005E7CB10D89
S3150803C4000CBCCE032C267C301E90810C0C490600EE
S3150803C410A8DF6D00C00BB100183DA500E80A0205A8
S3150803C420271BD71D00000080244202014C0100C0CF
S3150803C430000000003042020101004C0040011000D8
S3150803C4404C42010108000454304304014A0C020813
S3150803C4500A81FA800000F586060CA80044430A01FF
S3150803C4602300E0D255850040020000802000020028
S3150803C47078040000128587980B222897000000008D
S3150803C480000026005555FAA038800101466E1000B3
S3150803C490A480010170B80300AC800111F601000005
S3150803C4A0AC80013101420101B4800101000300029D
S3150803C4B06C01010200200600740101026901100CD7
S3150803C4C0800101127907000080010132060000008D
S3150803C4D08801010290000000FFFFFFFFFC4F0103E4
S3150803C4E0D8C003080C400200018F1900B1400000B0
S3150803C4F02040020000000000070000004840010039
S3150803C500A40700000841040007480000FF4C000088
S3150803C51007490000FF4D000020C0011000F807007E
S3150803C52020C00130FE0128003CC00100FC103F0179
S3150803C53058C004001C001AE6540000000A1518190E
S3150803C5401A0000006CC00100E004000008000101A5
S3150803C550A007000018000101FF00000020000101E8
S3150803C56080000000404001010000F0304C40040107
S3150803C570100000043FC082000032002000D00B00E8
S3150803C58060400F010000000000000000F47E8000F8
S3150803C590110B00004800040036002400666655AAFD
S3150803C5A000000000090300000000000073030A00EE
S3150803C5B00080086200000000000003173E5254542E
S3150803C5C01C410201005055040000000038410701D0
S3150803C5D0BC200AF018B951005E2E9740FFFF3FA80A
S3150803C5E097FF71B18B3B4000C00300805C4101019A
S3150803C5F0FFFD00006C41060100000040000000003A
S3150803C6000000000000000000000000000000000019
S3150803C610884104010000000000000000000000003B
S3150803C62000000000A841010100000000B441010117
S3150803C6308CD02FC0D041030133333333DA801680CD
S3150803C64005000200E4410F0129AC51042F1F2E00F7
S3150803C650E8BD0500E5D32D005E7CB10D0CBCCE0309
S3150803C6602C267C301E90810C0C490600A8DF6D0031
S3150803C670C00BB100183DA500E80A0205271BD71D04
S3150803C6800000008024420201AC0000C00000000044
S3150803C6903042020101004C00580286004C42010157
S3150803C6A00800045430430401F5E301000A810F81AD
S3150803C6B00100F596060CA40044430A012300E0D2C0
S3150803C6C0558500400200008020000200780400001F
S3150803C6D0128587980B202897000000000000200089
S3150803C6E05555FAA038800101466E1000A480010151
S3150803C6F070B80300AC800111F6010000AC8001316B
S3150803C70001420101B4800101000300026C01010228
S3150803C71000200600740101026901100C8001011250
S3150803C7207907000080010132060000008801010232
S3150803C73090000000FFFFFFFF06020000FC4F010305
S3150803C740D8C003081C4101010050550438430101B0
S3150803C7500100F596404101015E2E97403CC0010059
S3150803C760FC103F014C400201100000043FC0820048
S3150803C77068400201F47E8000110B00007440040136
S3150803C78036002400666655AA000000000903000067
S3150803C7908840010173030A004841010197FF71B1FB
S3150803C7A0B44101018CD02FC0D4410101DA8016802F
S3150803C7B024420101AC0000C034420101580286003C
S3150803C7C030430201F5E301000A810F813C4301016D
S3150803C7D0060CA4005C4303010B2028970000000005
S3150803C7E000002000D041010133333333FFFFFFFF3D
S3150803C7F006050000FC4F01032CC103080C40020088
S3150803C800018F1900B140000020400200000000001B
S3150803C8100700000048400100A4070000084104007F
S3150803C82007480000FF4C000007490000FF4D0000C1
S3150803C83020C0011000F8070020C00130FE012800BF
S3150803C8403CC001000000000058C00400270024E68D
S3150803C850750000000A1D2123240000006CC0010096
S3150803C8600000000008000101A407000018000101E8
S3150803C870B8F00000200001010884000040400101CF
S3150803C880000090114C400401020000040FC082000E
S3150803C8900002002000D00B0060400F0100000000DA
S3150803C8A000000000FD2FFC00410C000040000000C2
S3150803C8B012009C00AA0F0000000000000A060000F0
S3150803C8C000000000920308000080036200000000D5
S3150803C8D00206102134444E521C4102010080208C6A
S3150803C8E00000000038410701BC200AF0103B510044
S3150803C8F02979AF40FFFF0FAAAF4339B2893B4000FE
S3150803C900C00300805C410101FFFD00006C41060184
S3150803C91000000040000000000000000000000000C6
S3150803C9200000000000000000884104010000000028
S3150803C930000000000000000000000000A8410101FB
S3150803C94000000000B44101012C952FC0D04103011A
S3150803C950AAAAAAAAD200328007005600E4410F0108
S3150803C960E2CFDD2C7EB63A00600919005122E200B7
S3150803C9704CB9510E3982A904D8229B291E90810CE1
S3150803C9800C490600A8DF6D00C00BB100183DA500D1
S3150803C990E80A0205271BD71D00000080244202016E
S3150803C9A05001000000000000304202010100190096
S3150803C9B0400120004C4201010800060430430401EB
S3150803C9C00000000000000000000000000000000056
S3150803C9D044430A01000000000000000000000000B4
S3150803C9E000000000000000000000000000000038FE
S3150803C9F000000000000000000000FF583880010115
S3150803CA00C44E1000A480010170B80300AC80011164
S3150803CA10F6010000AC80013101420101B480010135
S3150803CA20000300026C0101020020060074010102E2
S3150803CA306901100C80010112790700008001013297
S3150803CA40060000008801010290000000FFFFFFFFB7
S3150803CA5006090000FC4F010328C203080C40020024
S3150803CA60018F1900BF4000002040020000000000AB
S3150803CA700700000048400100A00700000841040021
S3150803CA8007480000FF4C000007490000FF4D00005F
S3150803CA9020C0011000F8070020C00130FE0328005B
S3150803CAA03CC001000000000058C004001C001AE640
S3150803CAB0540000000A1518191A0000006CC001007A
S3150803CAC0E00F000008000101A40700001800010197
S3150803CAD0B8F000002000010108840000404001016D
S3150803CAE0000000004C40040120F91304070062000B
S3150803CAF0387000000000000060400F010068010F55
S3150803CB0040B824405505E000410800000200000033
S3150803CB10B00750005E000000000000002363000019
S3150803CB209278DDC818000F0000800060BE0A000076
S3150803CB300101103050707F7F1C4102010000E08C18
S3150803CB40590B00003841070190200AF0204C520087
S3150803CB5000000000B756351200000050803B000065
S3150803CB60000000005C410101001E00006C41060143
S3150803CB7000140CC016212A32383E454B50504365E3
S3150803CB8087A9CB0C28AA00C5884104011721286464
S3150803CB9014171A002004C8AAA1201A09A8410101DA
S3150803CBA029000000B441010100002000D04103011F
S3150803CBB000000000D000000000000200E4410F015D
S3150803CBC01DACF10E74390C00B080760089DCB30015
S3150803CBD0933C6400C689C7048F1A651D1DACF10E04
S3150803CBE074390C00B080760089DCB300933C64008A
S3150803CBF0C689C7048F1A651D000000002442020176
S3150803CC004C0100001D23CDF3304202010100C80088
S3150803CC10000A80004C420101080000043043040165
S3150803CC2000000000000000000000000000000000F3
S3150803CC3044430A0100000000000000000000000051
S3150803CC40000000000000000000000000000000389B
S3150803CC5000000000000000000000FF5838800101B2
S3150803CC60466E1000A4800101D8800100AC80011132
S3150803CC70F6010000AC800131011A5100B4800101AC
S3150803CC80370000016C010102002001007401010252
S3150803CC9069811B0C800101127907000080010132AA
S3150803CCA0020000008801010250000000FFFFFFFF99
S3150803CCB006060000FC4F010380C103080C4002006E
S3150803CCC0018F1900B1400000204002000000000057
S3150803CCD00700000048400100A407000008410400BB
S3150803CCE007480000FF4C000007490000FF4D0000FD
S3150803CCF020C0011000F8070020C00130FE012800FB
S3150803CD003CC001000000000058C00400270024E6C8
S3150803CD10750000000A1D2123240000006CC00100D1
S3150803CD200000000008000101A40700001800010123
S3150803CD30B8F000002000010108840000404001010A
S3150803CD40000090114C400401020000040FC0820049
S3150803CD500002002000D00B0060400F010000000015
S3150803CD6000000000FD2FFC00410C000040000000FD
S3150803CD7012009C00AA0F0000000000000A0600002B
S3150803CD800000000092030800008003620000000010
S3150803CD900206102134444E521C4102010080208CA5
S3150803CDA00000000038410701BC200AF0F0C45E0009
S3150803CDB02979AF40FFFF0FAAAF4339B2893B400039
S3150803CDC0C00300805C410101FFFD00006C410601C0
S3150803CDD00000004000000000000000000000000002
S3150803CDE00000000000000000884104010000000064
S3150803CDF0000000000000000000000000A841010137
S3150803CE0000000000B44101012C952FC0D041030155
S3150803CE10AAAAAAAAD200328007005600E4410F0143
S3150803CE20E2CFDD2C7EB63A00600919005122E200F2
S3150803CE304CB9510E3982A904D8229B291E90810C1C
S3150803CE400C490600A8DF6D00C00BB100183DA5000C
S3150803CE50E80A0205271BD71D0000008024420201A9
S3150803CE6050010000000000003042020101001900D1
S3150803CE70400120004C420101080006043043040126
S3150803CE800000000000000000000000000000000091
S3150803CE9044430A01000000000000000000000000EF
S3150803CEA00000000000000000000000000000003839
S3150803CEB000000000000000000000FF583880010150
S3150803CEC0C44E0000A480010170B80300AC800111B0
S3150803CED0F6010000AC80013101420101B480010171
S3150803CEE0000300026C01010200200600740101021E
S3150803CEF06901100C800101127907000080010132D3
S3150803CF00060000008801010290000000FFFFFFFFF2
S3150803CF1006070000FC4F01032CC103080C4002005E
S3150803CF200000000000400000204002000700000047
S3150803CF3000000000484001000407000008410400FF
S3150803CF40FF40000000000000FF4100000000000051
S3150803CF5020C0011000F8070020C00130FE01280098
S3150803CF603CC001000000000058C00400270024E666
S3150803CF70750000000A1D2123240000006CC001006F
S3150803CF800000000008000101A407000018000101C1
S3150803CF90B8F00000200001010884000040400101A8
S3150803CFA0000090114C400401020000040FC08200E7
S3150803CFB00002002000D00B0060400F0100000000B3
S3150803CFC000000000FD2FFC00410C0000400000009B
S3150803CFD012001C00AA0F0000000000000A06000049
S3150803CFE000000000920308000080036200000000AE
S3150803CFF00206102134444E521C4102010080208C43
S3150803D0000000000038410701BC200AF0103B51001C
S3150803D0102979AF40FFFF0FAAAF4339B2893B4000D6
S3150803D020C00300805C410101FFFD00006C4106015D
S3150803D030000000400000000000000000000000009F
S3150803D0400000000000000000884104010000000001
S3150803D050000000000000000000000000A8410101D4
S3150803D06000000000B44101012C952FC0D0410301F3
S3150803D070AAAAAAAAD200328007005600E4410F01E1
S3150803D080E2CFDD2C7EB63A00600919005122E20090
S3150803D0904CB9510E3982A904D8229B291E90810CBA
S3150803D0A00C490600A8DF6D00C00BB100183DA500AA
S3150803D0B0E80A0205271BD71D000000802442020147
S3150803D0C05800000000000000304202010100500031
S3150803D0D0400020004C4201010800060430430401C5
S3150803D0E0000000000000000000000000000000002F
S3150803D0F044430A010000000000000000000000008D
S3150803D10000000000000000000000000000000038D6
S3150803D11000000000000000000000FF5838800101ED
S3150803D120C44E1000A480010170B80300AC8001113D
S3150803D130F6010000AC80013101420101B48001010E
S3150803D140000300026C0101020020060074010102BB
S3150803D1506901100C80010112790700008001013270
S3150803D160060000008801010290000000FFFFFFFF90
S3150803D17006080000FC4F010380C103080C400200A7
S3150803D18000000000004000002040020007000000E5
S3150803D190000000004840010004070000084104009D
S3150803D1A0FF40000000000000FF41000000000000EF
S3150803D1B020C0011000F8070020C00130FE01280036
S3150803D1C03CC001000000000058C00400270024E604
S3150803D1D0750000000A1D2123240000006CC001000D
S3150803D1E00000000008000101A4070000180001015F
S3150803D1F0B8F0000020000101088400004040010146
S3150803D200000090114C400401020000040FC0820084
S3150803D2100002002000D00B0060400F010000000050
S3150803D22000000000FD2FFC00410C00004000000038
S3150803D23012001C00AA0F0000000000000A060000E6
S3150803D240000000009203080000800362000000004B
S3150803D2500206102134444E521C4102010080208CE0
S3150803D2600000000038410701BC200AF0F0C45E0044
S3150803D2702979AF40FFFF0FAAAF4339B2893B400074
S3150803D280C00300805C410101FFFD00006C410601FB
S3150803D290000000400000000000000000000000003D
S3150803D2A0000000000000000088410401000000009F
S3150803D2B0000000000000000000000000A841010172
S3150803D2C000000000B44101012C952FC0D041030191
S3150803D2D0AAAAAAAAD200328007005600E4410F017F
S3150803D2E0E2CFDD2C7EB63A00600919005122E2002E
S3150803D2F04CB9510E3982A904D8229B291E90810C58
S3150803D3000C490600A8DF6D00C00BB100183DA50047
S3150803D310E80A0205271BD71D0000008024420201E4
S3150803D32058000000000000003042020101005000CE
S3150803D330400020004C420101080006043043040162
S3150803D34000000000000000000000000000000000CC
S3150803D35044430A010000000000000000000000002A
S3150803D3600000000000000000000000000000003874
S3150803D37000000000000000000000FF58388001018B
S3150803D380C44E0000A480010170B80300AC800111EB
S3150803D390F6010000AC80013101420101B4800101AC
S3150803D3A0000300026C010102002006007401010259
S3150803D3B06901100C8001011279070000800101320E
S3150803D3C0060000008801010290000000FFFFFFFF2E
S3150803D3D006040000FC4F0103D4C103080C400200F5
S3150803D3E00000000000400000204002000700000083
S3150803D3F0000000004840010004070000084104003B
S3150803D400FF40000000000000FF410000000000008C
S3150803D41020C0011000F8070020C00130FE012800D3
S3150803D4203CC001000000000058C004001C001AE6B6
S3150803D430540000000A1518191A0000006CC00100F0
S3150803D4400005000008000101A007000018000101FB
S3150803D450FF00000020000101800000004040010198
S3150803D4600000F0304C400401020000042DC0820085
S3150803D4700032002000D00B0060400F01000000209E
S3150803D480000000001176F800410800004800040077
S3150803D49012004D00EA030000000000000906000020
S3150803D4A00000000075030A000080086200000000FF
S3150803D4B0000003173E5254541C4102010050558C78
S3150803D4C00000000038410701BC200AF018B95100D2
S3150803D4D067329940FFFF3FA899FF71B18B3B400024
S3150803D4E0C00300805C410101FFFD00006C41060199
S3150803D4F000000040000000000000000000000000DB
S3150803D500000000000000000088410401000000003C
S3150803D510000000000000000000000000A84101010F
S3150803D52000000000B44101018CD02BC0D041030197
S3150803D530AAAAAAAADA80168005000200E4410F0106
S3150803D54029AC51042F1F2E00E8BD0500E5D32D0095
S3150803D5505E7CB10D0CBCCE032C267C301E90810C50
S3150803D5600C490600A8DF6D00C00BB100183DA500E5
S3150803D570E80A0205271BD71D000000802442020182
S3150803D580A8000080000000003042020101004800A4
S3150803D5909E0018004C42010108000414304304019C
S3150803D5A0000000000000000000000000000000006A
S3150803D5B044430A01000000000000000000000000C8
S3150803D5C00000000000000000000000000000003812
S3150803D5D000000000000000000000FF583880010129
S3150803D5E0466E1000A480010170B80300AC800111D7
S3150803D5F0F6010000AC80013101420101B48001014A
S3150803D600000300026C0101020020060074010102F6
S3150803D6106901100C800101127907000080010132AB
S3150803D620060000008801010290000000FFFFFFFFCB
S3150803D630060A0000FC4F010328C203080C40020037
S3150803D640000F000000400000204002000700000011
S3150803D65000000000484001000007000008410400DC
S3150803D660FF40000000000000FF410000000000002A
S3150803D67020C0011000F8070020C00130FE0328006F
S3150803D6803CC001000000000058C004001C001AE654
S3150803D690540000000A1518191A0000006CC001008E
S3150803D6A0E00F000008000101A407000018000101AB
S3150803D6B0B8F0000020000101088400004040010181
S3150803D6C0000000004C40040120F91304070062001F
S3150803D6D0387000000000000060400F010068010F69
S3150803D6E040B824405505E000410800000200000048
S3150803D6F0B00710005E00000000000000236300006E
S3150803D7009278DDC818000F0000800060BE0A00008A
S3150803D7100101103050707F7F1C4102010000E08C2C
S3150803D720590B00003841070190200AF0204C52009B
S3150803D73000000000B756351200000050803B000079
S3150803D740000000005C410101001E00006C41060157
S3150803D75000140CC016212A32383E454B50504365F7
S3150803D76087A9CB0C28AA00C5884104011721286478
S3150803D77014171A002004C8AAA1201A09A8410101EE
S3150803D78029000000B441010100002000D041030133
S3150803D79000000000D000000000000200E4410F0171
S3150803D7A01DACF10E74390C00B080760089DCB30029
S3150803D7B0933C6400C689C7048F1A651D1DACF10E18
S3150803D7C074390C00B080760089DCB300933C64009E
S3150803D7D0C689C7048F1A651D00000000244202018A
S3150803D7E04C0000001D23CDF33042020101008002E4
S3150803D7F0400240004C420101080000043043040182
S3150803D8000000000000000000000000000000000007
S3150803D81044430A0100000000000000000000000065
S3150803D82000000000000000000000000000000038AF
S3150803D83000000000000000000000FF5838800101C6
S3150803D840466E1000A4800101D8800100AC80011146
S3150803D850F6010000AC800131011A5100B4800101C0
S3150803D860370000016C010102002001007401010266
S3150803D87069811B0C800101127907000080010132BE
S3150803D880020000008801010250000000FFFFFFFFAD
S3150803D89080C203088015253600000000000000003A
S3150803D8A00000FF7F9CB10020010000007CC2030832
S3150803D8B00000000080C2030880152536000000001A
S3150803D8C0000001000100FF7F9CB100200100000059
S3150803D8D07CC203080000000080C2030880152536B1
S3150803D8E000000000000002000200FF7F9CB1002038
S3150803D8F0010000007CC203080000000080C2030880
S3150803D9008015253600000000000003000300FF7F92
S3150803D9109CB10020010000007CC20308000000003F
S3150803D920DCC40308A06325360000000000000000DD
S3150803D9300000FF7FA4B100200300000038C70308D6
S3150803D94000000000DCC40308A063253600000000BD
S3150803D950000001000100FF7FA4B1002003000000BE
S3150803D96038C7030800000000DCC40308A063253693
S3150803D97000000000000002000200FF7FA4B100209F
S3150803D9800300000038C7030800000000DCC40308CE
S3150803D990A063253600000000000003000300FF7F94
S3150803D9A0A4B100200300000038C7030800000000E4
S3150803D9B03CC70308A06325360000000000000000EA
S3150803D9C00000FF7FACB100200200000038C703083F
S3150803D9D0000000003CC70308A063253600000000CA
S3150803D9E0000001000100FF7FACB100200200000027
S3150803D9F038C70308000000003CC70308A0632536A0
S3150803DA0000000000000002000200FF7FACB1002006
S3150803DA100200000038C70308000000003CC70308DB
S3150803DA20A063253600000000000003000300FF7F03
S3150803DA30ACB100200200000038C70308000000004C
S3150803DA40F4C70308000D9936000000000000000023
S3150803DA500000FF7FB4B1002000000000F0C70308F0
S3150803DA6000000000F4C70308000D99360000000003
S3150803DA70000001000100FF7FB4B100200000000090
S3150803DA80F0C7030800000000F4C70308000D993621
S3150803DA9000000000000002000200FF7FB4B100206E
S3150803DAA000000000F0C7030800000000F4C70308DD
S3150803DAB0000D993600000000000003000300FF7FF5
S3150803DAC0B4B1002000000000F0C7030800000000FE
S3150803DAD054CA030800045C36000000000000000076
S3150803DAE00000FF7FBCB100200000000050CA0308F5
S3150803DAF00000000054CA030800045C360000000056
S3150803DB00000001000100FF7FBCB1002000000000F7
S3150803DB1050CA03080000000054CA030800045C3610
S3150803DB2000000000000002000200FF7FBCB10020D5
S3150803DB300000000050CA03080000000054CA030886
S3150803DB4000045C3600000000000003000300FF7FAA
S3150803DB50BCB100200000000050CA03080000000002
S3150803DB60B4CC0308000D993600000000000000003D
S3150803DB700000FF7FC4B1002000000000B0CC0308FA
S3150803DB8000000000B4CC0308000D9936000000001D
S3150803DB90000001000100FF7FC4B10020000000005F
S3150803DBA0B0CC03080000000014CF0308000D993613
S3150803DBB000000000000000000000FF7FCCB1002039
S3150803DBC00000000010CF03080000000014CF03086C
S3150803DBD0000D993600000000000001000100FF7FD8
S3150803DBE0CCB100200000000010CF0308000000009D
S3150803DBF014CF0308000D9936000000000000020048
S3150803DC000200FF7FCCB100200000000010CF0308FC
S3150803DC100000000014CF0308000D99360000000029
S3150803DC20000003000300FF7FCCB1002000000000C2
S3150803DC3010CF03080000000074D10308000D9936BD
S3150803DC4000000000000000000000FF7FD4B10020A0
S3150803DC500000000070D103080000000074D1030817
S3150803DC60000D993600000000000001000100FF7F47
S3150803DC70D4B100200000000070D1030800000000A2
S3150803DC80D4D30308801525360000000000000000E1
S3150803DC900000FF7FDCB1002000000000D0D303089A
S3150803DCA000000000D4D303088015253600000000C1
S3150803DCB0000001000100FF7FDCB100200000000026
S3150803DCC0D0D3030800000000D4D3030880152536F3
S3150803DCD000000000000002000200FF7FDCB1002004
S3150803DCE000000000D0D3030800000000D4D30308C3
S3150803DCF08015253600000000000003000300FF7F9F
S3150803DD00DCB1002000000000D0D3030800000000A7
S3150803DD1034D6030800045C36000000000000000047
S3150803DD200000FF7FE4B100200000000030D603089E
S3150803DD300000000034D6030800045C360000000027
S3150803DD40000001000100FF7FE4B10020000000008D
S3150803DD5030D603080000000034D6030800045C36F6
S3150803DD6000000000000002000200FF7FE4B100206B
S3150803DD700000000030D603080000000034D603086C
S3150803DD8000045C3600000000000003000300FF7F68
S3150803DD90E4B100200000000030D6030800000000AC
S3150803DDA030400600000000000000000000000000EC
S3150803DDB00000000000000000004000005040010081
S3150803DDC0000000005C4002000000000000000000A4
S3150803DDD0A840010007000000BC4004000000000042
S3150803DDE000000000000000000000000024C001102D
S3150803DDF0FF00000024C001300013000028C00500FE
S3150803DE00EC80B30343754051A00F00F8304000007F
S3150803DE10A8AA070040C00200000000000000000096
S3150803DE2054C001008721300068C00100D15803009F
S3150803DE3070C00D00BA10000000003F008D00EE0010
S3150803DE40F601AC03F5049607DE099C0DC311931777
S3150803DE50FE1DF526BD32FF3FFE15F81BDC23B42D48
S3150803DE60D039FF3FFF3F0000A8C00500BD4B721520
S3150803DE7011A3180510325476980A00000000000012
S3150803DE80CCC00400660000000000000001000A0080
S3150803DE9001002800444002010000000010000000B1
S3150803DEA05C400101000000039C400F0100000000D4
S3150803DEB00000000000000000000000000000000051
S3150803DEC00000000000000000000000000000000041
S3150803DED00000000000000000000000000000000031
S3150803DEE00000000000000000E0400111F8010000F6
S3150803DEF0E04001310102000010410201331E050012
S3150803DF000000000024410501FF0483078813C83A6B
S3150803DF10FF06660CFF0483078813FF0358410101B4
S3150803DF2000000000644101010C0100008441010165
S3150803DF3001010000A441010100000000B0410101F4
S3150803DF4000000000B84106010000000000000000C0
S3150803DF5000003C00AAAA060000000000000000001A
S3150803DF60DC4101010000000020420101000000001D
S3150803DF702C420101601800403C42010100000000E8
S3150803DF80444202011400000000000000404301015E
S3150803DF900000000010800101030000003C8001011D
S3150803DFA0030000009C8002010000000070B8030013
S3150803DFB0A8800111F6010000A88001310142010180
S3150803DFC0B08001010003000298000302000000006C
S3150803DFD0000C00044C040000D8000202050040AA05
S3150803DFE088010000EC000112E00F0000EC0001328A
S3150803DFF00D205151F00001022B050000000101021A
S3150803E000100100000401011200000000040101329E
S3150803E010100100001001011200FF0F001001013268
S3150803E020020000422C01011200FC1F002C010132E0
S3150803E030A9008000400101023F00000050010112BF
S3150803E04000C000005001013261005100680101025D
S3150803E050100006007801011200001C007801013245
S3150803E0604004E0CF8C01010200000000AC0101125C
S3150803E070F8010000AC01013204020100B0010102FB
S3150803E08000000000F84F010300000000FFFFFFFF38
S3150803E090A0DD03080000000020D9030804000000DF
S3150803E0A000000000C017530290E00308A0DD030830
S3150803E0B000000000B0D903080400000000000000B7
S3150803E0C0C0175302ACE00308A0DD030800000000F4
S3150803E0D090D803080400000000000000C01753028C
S3150803E0E0C8E00308A0DD03080000000080DC03087D
S3150803E0F00400000000000000C0175302E4E0030810
S3150803E100A0DD03080000000040DA0308040000004D
S3150803E11000000000C017530200E10308A0DD03084E
S3150803E1200000000060DB0308020000000000000096
S3150803E130C01753021CE10308A0DD03080000000012
S3150803E140A8DB03080400000000000000C017530200
S3150803E15038E10308A0DD03080000000038DC0308E3
S3150803E1600200000000000000C017530254E1030830
S3150803E170A0DD030800000000D0DA0308040000004D
S3150803E18000000000C017530270E10308A0DD03086E
S3150803E1900000000010DD0308040000000000000072
S3150803E1A0C01753028CE10308016E6600696E697431
S3150803E1B079004300504F5349580042616C6C6F63B2
S3150803E1C020737563636565646564002F6F70742FC8
S3150803E1D06A656E6B696E732F6A656E6B696E732DEE
S3150803E1E0776F726B65722F776F726B737061636586
S3150803E1F02F746573742D6275696C642D61726D670E
S3150803E20063632D746F6F6C636861696E2F61726DDA
S3150803E2106763632D72656275696C642D6936383672
S3150803E2202F7372632F6E65776C69622D63796777CF
S3150803E230696E2F6E65776C69622F6C6962632F73DB
S3150803E24074646C69622F6764746F612D676574689B
S3150803E25065782E63005245454E54206D616C6C6F8C
S3150803E2606320737563636565646564002F6F7074F3
S3150803E2702F6A656E6B696E732F6A656E6B696E734B
S3150803E2802D776F726B65722F776F726B737061631D
S3150803E290652F746573742D6275696C642D61726D6F
S3150803E2A06763632D746F6F6C636861696E2F617240
S3150803E2B06D6763632D72656275696C642D6936389B
S3150803E2C0362F7372632F6E65776C69622D63796770
S3150803E2D077696E2F6E65776C69622F6C6962632F37
S3150803E2E07374646C69622F6D707265632E63002C98
S3150803E2F02066756E6374696F6E3A20006173736581
S3150803E3007274696F6E2022257322206661696C65B3
S3150803E310643A2066696C6520222573222C206C6971
S3150803E3206E65202564257325730A00232D302B205B
S3150803E33000686C4C006566674546470030313233E2
S3150803E340343536373839414243444546003031324D
S3150803E350333435363738396162636465660030317C
S3150803E36032333435363738396162636465666768CC
S3150803E370696A6B6C6D6E6F70717273747576777884
S3150803E380797A00546D725100666E692B00666E6960
S3150803E390006E616E00666E692D0075696E743800CD
S3150803E3A02A00756E6B6E6F776E0067726F757000F5
S3150803E3B077696C6463617264006865786F7074006A
S3150803E3C0737472696E676F70740075696E7433322D
S3150803E3D06F70740075696E7431366F707400756981
S3150803E3E06E74386F70740068657800737472696E3A
S3150803E3F0670075696E7431360075696E7433320059
S3150803E4005B005D20002E2E2E20003E20000A257379
S3150803E4100A257325730025732008002573200068D1
S3150803E420656C7000496E70757420627566666572F0
S3150803E4302069732046554C4C005258204461746138
S3150803E44020417661696C61626C6520466C61670080
S3150803E45076636F6D005B495D20466163746F7279FD
S3150803E46020726573657420746865206465766963CC
S3150803E470650D0A005B495D2025730D0A00455500A5
S3150803E480556E6B6E6F776E00414E5A00484B0049C6
S3150803E4904E00525500434E0055535F4C52004555A6
S3150803E4A05F4C52004A50004B5200554E444546496C
S3150803E4B04E4544005553005B495D2025730A0042C7
S3150803E4C07574746F6E202575207072657373656431
S3150803E4D020666F72206475726174696F6E20454E8B
S3150803E4E0554D2025750A00496E636F6D696E672061
S3150803E4F05278206D73670D0A00557267656E74202E
S3150803E5005278206D73670D0A0043433A2564204504
S3150803E51076656E743A2025640A000D0A5A43425FEB
S3150803E520526571756573744A6F6253746174757352
S3150803E5300041707054696D657252656769737465D5
S3150803E5407228292069643D25640A004576656E7438
S3150803E5503A2025640D0A004C4541524E5F4D4F44FF
S3150803E560455F4558434C5553494F4E0D0A004C4594
S3150803E57041524E5F4D4F44455F494E434C555349AF
S3150803E5804F4E0D0A007A61665F6576656E745F6441
S3150803E59069737472696275746F725F6170705F65AF
S3150803E5A076656E745F6D616E616765722045763A4E
S3150803E5B02025640D0A00545820494E49460A005B33
S3150803E5C0495D205374617274206C6561726E206DA7
S3150803E5D06F64650D0A005B495D2046696E69736859
S3150803E5E06564206C6561726E206D6F64650D0A0043
S3150803E5F05B495D2053746F70206C6561726E206D84
S3150803E6006F64650D0A000D0A25733A204E6F742050
S3150803E6106E6574776F726B20696E636C7564656477
S3150803E620202D206E6F7468696E6720746F20646F7F
S3150803E6302E0D0A0053554343455353004641494C4F
S3150803E64000496E636F6D696E6720537461747573E1
S3150803E650206D73670D0A0041756368202D206E6F60
S3150803E660742073757265207768617420746F2064EB
S3150803E6706F0D0A005478205374617475732072659C
S3150803E6806365697665643A2025233032780D0A0076
S3150803E69047656E65726174652052616E646F6D209D
S3150803E6A07374617475730D0A004C6561726E207319
S3150803E6B074617475732025640D0A0050726F746F44
S3150803E6C0636F6C2052656164790D0A005365744D56
S3150803E6D06178496E636C7573696F6E52657175659A
S3150803E6E07374496E74657276616C7320737461749E
S3150803E6F075733A2025730D0A004E6F7420616C6C8E
S3150803E7006F77656420746F20617474656E756174C0
S3150803E710652074782D706F7765720D0A000D0A43AC
S3150803E7206F6D6D616E647353757070706F72746517
S3150803E730642825642C2025642C202564290D0A00C9
S3150803E7404C6966656C696E65000D0A417070436DA8
S3150803E750644820202564202564202564000D0A20AA
S3150803E7605A43425F6D756C7469636173745F636161
S3150803E7706C6C6261636B2829200A000D0A54726166
S3150803E7806E736D697373696F6E20646F6E652100AE
S3150803E790546D72205376630043544D204D7574654A
S3150803E7A07800556E6B6E6F776E206572726F7200A6
S3150803E7B04D6178696D756D206E756D626572206F32
S3150803E7C06620617267756D656E7473206578636517
S3150803E7D0656465640054686520617267756D656E66
S3150803E7E074206973206E6F7420666F726D6174741A
S3150803E7F0656420636F72726563746C7900496E632E
S3150803E8006F727265637420617267756D656E7420C5
S3150803E8107479706500496E636F7272656374206EEE
S3150803E820756D626572206F6620617267756D656EB8
S3150803E8307473004E6F20636F6D6D616E6420666F2F
S3150803E840756E64007A6166207472616E73706F7296
S3150803E85074207061757365642025640A00476F74B4
S3150803E8602061204745543A0A00426565703A0A0012
S3150803E8705472616E736D697474696E67206672612A
S3150803E8806D650A004E6F206D6F7265206672616D45
S3150803E890657320746F207472616E736D69740A00F0
S3150803E8A05472616E73706F72742063616C6C62610B
S3150803E8B0636B3A205374617475733A256420466909
S3150803E8C06E69736865643A25640A007A616620741A
S3150803E8D072616E73706F727420726573756D656499
S3150803E8E02025640A005B495D20546F67676C6520C1
S3150803E8F0746865204C4544310D0A005B495D204721
S3150803E900657420746865207374617465206F662066
S3150803E910746865204C4544310D0A005B495D204CFB
S3150803E9204544312073746174653A2025730D0A00D2
S3150803E9305B495D2053656E64204E6F646520496E9E
S3150803E940666F726D6174696F6E204672616D650DCF
S3150803E9500A002D535441544520554E4B4E4F574E9E
S3150803E9602D002D4556454E5420554E4B4E4F574E6A
S3150803E9702D00416464696E67206E6577206672614F
S3150803E9806D6520746F2071756575650A000A536590
S3150803E9906E644461746141626F72740A004C52205A
S3150803E9A04368616E6E656C20436865636B205469C2
S3150803E9B06D6572007A6166207472616E73706F7228
S3150803E9C07420696E69740A00536563417070496EF1
S3150803E9D069740D0A007377697463685F6F6E5F6F96
S3150803E9E06666000A0A2D2D2D2D2D2D2D2D2D2D2D47
S3150803E9F02D2D2D2D2D2D2D2D2D2D2D2D2D2D2D2D36
S3150803EA002D2D2D2D2D2D2D0A005A2D576176652076
S3150803EA104170703A202573200A0053444B3A202547
S3150803EA20642E25642E2564205A41463A2025642EF1
S3150803EA3025642E25642E25640A0053776974636852
S3150803EA404F6E4F6666204576656E742070726F63E7
S3150803EA506573736F7220537461727465640D0A006B
S3150803EA60556E68616E646C6564204576656E74736D
S3150803EA703A2030782530386C780A0052656164206C
S3150803EA804C6F636B005772697465204C6F636B0038
S3150803EA90434C4920696E7374616E636520696E73AE
S3150803EAA0743000456E61626C696E672077617463C2
S3150803EAB068646F670A004170706C69636174696F93
S3150803EAC06E496E6974206552657365745265617320
S3150803EAD06F6E203D2025640A0052662072656769B9
S3150803EAE06F6E3A2025640A00415050005A2D57612B
S3150803EAF076652000456D756C617465732072656C67
S3150803EB00656173696E67206120627574746F6E2E12
S3150803EB1000427574746F6E3A20303A2042544E3070
S3150803EB202C20313A2042544E311F00456D756C61D5
S3150803EB30746573207072657373696E6720616E649A
S3150803EB4020686F6C64696E67206120627574746FE0
S3150803EB506E2E00456D756C6174696E67206120625F
S3150803EB607574746F6E20707265737300427574746E
S3150803EB706F6E3A20303A2042544E302C20313A20D8
S3150803EB8042544E311F507265737320616E64206858
S3150803EB906F6C64206475726174696F6E3A203020F5
S3150803EBA02D2073686F72742C20312D206D6564696E
S3150803EBB0756D2C2032202D206C6F6E672C20332B1D
S3150803EBC0202D20766572796C6F6E671F00686F6CEF
S3150803EBD06400680072656C6561736500456D756CE4
S3150803EBE06174696E6720627574746F6E20657665E5
S3150803EBF06E74732028766172696F757320747970E1
S3150803EC0065206F6620627574746F6E207072657303
S3150803EC10736573292E0053656E64204E6F646520F1
S3150803EC20496E666F726D6174696F6E204672616DA7
S3150803EC306500476574204C454430207374617465D8
S3150803EC402066726F6D2074686520657870616E73CF
S3150803EC50696F6E2068656164657200546F67676CD7
S3150803EC606520746865204C454430004765742074F4
S3150803EC706865207573656420726567696F6E0052EF
S3150803EC80656164207468652044534B2C2073746F44
S3150803EC9072656420696E20746865206D616E756699
S3150803ECA06163747572696E6720746F6B656E00466F
S3150803ECB06163746F7279207265736574207468650D
S3150803ECC02064657669636500496E636C75646520BF
S3150803ECD02F206578636C75646520746865206465A0
S3150803ECE07669636520696E746F202F2066726F6D6F
S3150803ECF02061207A2D77617665206E6574776F7249
S3150803ED006B007365745F6C6561726E5F6D6F6465C6
S3150803ED1000666163746F72795F7265736574006701
S3150803ED2065745F64736B006765745F726567696FA3
S3150803ED306E00746F67676C655F6C656400676574FE
S3150803ED405F6C65645F73746174650073656E645F95
S3150803ED506E696600627574746F6E0062746E006223
S3150803ED600046575F4556454E545F5245515F4745E2
S3150803ED70545F52454345495645445F56414C4944B9
S3150803ED800046575F4556454E545F5245515F4745C2
S3150803ED90545F52454345495645445F494E56414C8F
S3150803EDA049440046575F4556454E545F5245515FA1
S3150803EDB05245504F52545F474F545F41434B0046A9
S3150803EDC0575F4556454E545F5245515F5245504F1E
S3150803EDD052545F4E4F5F41434B0046575F45564576
S3150803EDE04E545F4D41585F524554524945535F52FD
S3150803EDF04541434845440046575F4556454E545F8B
S3150803EE005245504F52545F52454345495645445F10
S3150803EE1056414C49440046575F4556454E545F5242
S3150803EE2045504F52545F52454345495645445F49F9
S3150803EE304E56414C49440046575F4556454E545F26
S3150803EE405245504F52545F52454345495645445FD0
S3150803EE5042415443480046575F4556454E545F5210
S3150803EE6045504F52545F52454345495645445F4CB6
S3150803EE704153540046575F4556454E545F524550D5
S3150803EE804F52545F52454345495645445F4C415397
S3150803EE90545F494E56414C49440046575F455645CB
S3150803EEA04E545F44454C41595F46575F494E535448
S3150803EEB0414C4C0046575F4556454E545F535441A3
S3150803EEC052545F46575F494E5354414C4C0046577C
S3150803EED05F53544154455F49444C450046575F5375
S3150803EEE0544154455F52454144590046575F53546C
S3150803EEF04154455F41574149545F5245504F525417
S3150803EF000046575F53544154455F4141574149545D
S3150803EF105F54494D454F5554000126272823082297
S3150803EF200044656C6179656420504B542054696DBF
S3150803EF306572005555555555555555555555555598
S3150803EF40555500333333333333333333333333336F
S3150803EF5033333300888888888888888888888888A7
S3150803EF60888888007374617274207265636569762C
S3150803EF70650073656E645F66697273745F66726152
S3150803EF8067006B6565702073656E64696E670073E9
S3150803EF90656E645F7375627365715F667261670038
S3150803EFA073656E640070726F63657373206E65773D
S3150803EFB0206672616D0064697363617264207468A4
S3150803EFC06520667261676D656E740073656E645F4E
S3150803EFD0667261675F776169745F636D6400736501
S3150803EFE06E6420667261675F776169740066696E2D
S3150803EFF0645F6D697373696E6700646973636172CD
S3150803F000645F616C6C5F72656365697665645F6688
S3150803F0107261676D656E74730064726F705F667292
S3150803F02061676D656E7400646973636172642061F8
S3150803F0306C6C20667261676D656E74730070726FAF
S3150803F04063657373207265636569766564007365C2
S3150803F0506E645F667261675F7265715F636D640094
S3150803F06073656E645F667261675F636F6D706C6507
S3150803F07074655F636D6400776169745F7265737441
S3150803F0806172745F66726F6D5F666972737400731B
S3150803F090656E645F6C6173745F667261670073653E
S3150803F0A06E64206661696C75726520746F20617081
S3150803F0B0706C69636174696F6E007265706C795FF1
S3150803F0C0667261675F7265710026262626262626DE
S3150803F0D02626262626262626260000003400000095
S3150803F0E0CEFBFFFFCB030000010000000000000079
S3150803F0F035000000CEFBFFFFCB0300000100000034
S3150803F1000000000000000000BC89D897B2D29C3CDE
S3150803F11033A7A8D523F649393DA7F444FD0FA532ED
S3150803F1209D978CCF08BA5B25436FAC642806681194
S3150803F13000202020202020202020282828282820B6
S3150803F14020202020202020202020202020202020AE
S3150803F1502088101010101010101010101010101016
S3150803F1601004040404040404040404101010101006
S3150803F17010104141414141410101010101010101D0
S3150803F1800101010101010101010101011010101022
S3150803F19010104242424242420202020202020202A2
S3150803F1A002020202020202020202020210101010F6
S3150803F1B0200000000000000000000000000000001E
S3150803F1C0000000000000000000000000000000002E
S3150803F1D0000000000000000000000000000000001E
S3150803F1E0000000000000000000000000000000000E
S3150803F1F000000000000000000000000000000000FE
S3150803F20000000000000000000000000000000000ED
S3150803F21000000000000000000000000000000000DD
S3150803F22000000000000000000000000000000000CD
S3150803F2300000000005000000190000007D00000022
S3150803F2400080E03779C34143176E05B5B5B89346D1
S3150803F250F5F93FE9034F384D321D30F94877825A9D
S3150803F2603CBF737FDD4F1575000000000000F03FBB
S3150803F2700000000000002440000000000000594080
S3150803F2800000000000408F40000000000088C340D3
S3150803F29000000000006AF8400000000080842E4148
S3150803F2A000000000D01263410000000084D7974194
S3150803F2B00000000065CDCD41000000205FA002429A
S3150803F2C0000000E876483742000000A2941A6D420F
S3150803F2D0000040E59C30A2420000901EC4BCD64202
S3150803F2E000003426F56B0C430080E03779C34143AD
S3150803F2F000A0D8855734764300C84E676DC1AB4323
S3150803F300003D9160E458E143408CB5781DAF154440
S3150803F31050EFE2D6E41A4B4492D54D06CFF080441B
S3150803F320F64AE1C7022DB544B49DD9794378EA4430
S3150803F33000809BFF09019CFFF6FF0801F7FFFF7F8B
S3150803F34006010080FF7F0D0220C001B800000001FE
S3150803F3500000010100010101C0F50308A0F5030837
S3150803F36080F5030860F5030840F5030820F503084C
S3150803F37000F50308E0F40308C0F40308A0F403083F
S3150803F38080F4030860F4030840F4030820F4030830
S3150803F39000F40308E0F30308C0F30308A0F3030823
S3150803F3A000987F33801C9E33FFFFFFFFFFFFFFFF9D
S3150803F3B0FF7FFF7FFF7FFF7F030304041105000020
S3150803F3C090DBD83380BBC233A009C333801C9E337A
S3150803F3D0FF7FFF7FFF7FFF7F02010003100400000A
S3150803F3E090DBD83380BBC233A009C33300987F337D
S3150803F3F0FF7FFF7FFF7FFF7F020100030F040000EB
S3150803F40000045C360016D636FFFFFFFFFFFFFFFF3B
S3150803F410FF7FFF7FFF7FFF7F030304040E050000C2
S3150803F420000D993680152536A06325360016D6367F
S3150803F430FF7FFF7FFF7FFF7F020100030D040000AC
S3150803F440000D993680152536A063253600045C36EB
S3150803F450FF7FFF7FFF7FFF7F020100030C0400008D
S3150803F46080BBC23380BBC233A009C333FFFFFFFF90
S3150803F470FF7FFF7FFF7FFF7F020100040B00000071
S3150803F480A0D1E336A006F03660630537FFFFFFFF1A
S3150803F490FF7FFF7FFF7FFF7F020202040A0200004D
S3150803F4A0000D9936000D9936205B9936FFFFFFFF4D
S3150803F4B0FF7FFF7FFF7FFF7F020100040900000033
S3150803F4C040E3CB3340E3CB336031CC33FFFFFFFF5D
S3150803F4D0FF7FFF7FFF7FFF7F020100040800000014
S3150803F4E0A03BFC366098113760373637FFFFFFFFBE
S3150803F4F0FF7FFF7FFF7FFF7F0202020407020000F0
S3150803F50080E7913380E79133A0359233FFFFFFFFFE
S3150803F510FF7FFF7FFF7FFF7F0201000406000000D5
S3150803F520C008D336C072EB36E0C0EB36FFFFFFFFE9
S3150803F530FF7FFF7FFF7FFF7F0201000405000000B6
S3150803F540C008D336C008D336E056D336FFFFFFFFCD
S3150803F550FF7FFF7FFF7FFF7F020100040400000097
S3150803F560C008D336C072EB36E0C0EB36FFFFFFFFA9
S3150803F570FF7FFF7FFF7FFF7F020100040300000078
S3150803F580000D993680152536A0632536FFFFFFFF44
S3150803F590FF7FFF7FFF7FFF7F020100040200000059
S3150803F5A090DBD83380BBC233A009C333FFFFFFFF09
S3150803F5B0FF7FFF7FFF7FFF7F02010004010000003A
S3150803F5C0000D993680152536A0632536FFFFFFFF04
S3150803F5D0FF7FFF7FFF7FFF7F02010004000000001B
S3150803F5E0FFFFFFFFFFFFFFFFFFFFFFFFFFFFFFFF1A
S3150803F5F003040408080808086090A31AF26EEF03C8
S3150803F600410821066310420AA518630EE7209412DF
S3150803F61049A9B518AC39F72251CA3929D55EAC3987
S3150803F620BDFB0F0000A801A802A8000000B801B896
S3150803F63002B800B00304040808050000000000002F
S3150803F6400000000000000000000000002000000089
S3150803F6502D4D030810000000A54C0308143C0000B8
S3150803F660C8000000DC3C00000C0000006C3E0000F3
S3150803F670000000001C370000F8040000EC3C000002
S3150803F68004000000743E000003000000643200001A
S3150803F690B8040000E83C0000040000006C3E0000CB
S3150803F6A0080000000000000064320000783E0000F5
S3150803F6B000000000783E00003C000000BB36000056
S3150803F6C00000000000200880704710B501000020E4
S3150803F6D08F4A14680122A240012904D0022909D1BC
S3150803F6E0BA49097802E0B9490978090911409142EA
S3150803F6F000D1012010BDFEB50C00864F797A490763
S3150803F700490F072901D1012500E00025824E3188DA
S3150803F7104022002D00D0802200901000084028D0F7
S3150803F720914301910C20002D04D10220FFF7CDFF50
S3150803F7300A30C0B2019A0321114389B2A44AFB785D
S3150803F7400C2B05D00D2B03D00F2B01D0102B02D178
S3150803F7503B88DBB213601160090A11601060002D43
S3150803F76001D0307910600098007910600820B149FB
S3150803F770086021000098FFF7A5FFFEBD80B5664A1D
S3150803F7809279825C182A06D180200004AA4A10605E
S3150803F7900020088002BDFFF7AEFF02BD10B55E4A22
S3150803F7A09379C45C012C08D15B1C9371A348486008
S3150803F7B0DBB2581C0880002010BDFFF79CFF10BD64
S3150803F7C038B5554A9379C45CFF2C14D0514D2D880E
S3150803F7D0AC4201D0042032BD5479042C08D15B1CF9
S3150803F7E0937197484860DBB2581C0880002032BDE5
S3150803F7F0FFF781FF32BD0020088032BDF0B5427A9B
S3150803F800904B0024904D2D68ED060ED5057A6D07AD
S3150803F8106D0F032D09D18D480078824201D00A2045
S3150803F820F0BD80204005D86228E0057A81262E405F
S3150803F830812E23D1664D4679360187793F093743A9
S3150803F840FFB22F608679360107793F093743FFB23E
S3150803F8502F6006793601407900093043C0B2286023
S3150803F8600F202860032028602A607F2028602C60E8
S3150803F870286008206F4A1060000418600C80002076
S3150803F880F0BD42791302F02212011A40807902432D
S3150803F8909248824205D01F480088824201D004203C
S3150803F8A07047A44848600A20088000207047A24A87
S3150803F8B09379C05C92785207520FD040C00701D49F
S3150803F8C00420704700200880704770B5124A937960
S3150803F8D0C05C104C2488641EE0260640A41B24B290
S3150803F8E0002C08D4C006C00E55796D1C854202DB70
S3150803F8F0E510A84201D2042070BD54805819401C53
S3150803F90090718E4A4A60C0B2401C0880002070BDC0
S3150803F910284000A8DC3E00006C3E0000F2B582B029
S3150803F92041680A02120C009208240F27120A0F25AF
S3150803F9301540090E0191824E717A4907490F072925
S3150803F94003D1057A0C20092404E00220FFF7BDFE43
S3150803F9500A30C0B20199814201D20620FEBD76491A
S3150803F9600D71009A0A80019A101A4871621C0020C8
S3150803F970009B1F40012F1ED025D3032F0CD022D264
S3150803F98033881B0601D10420FEBD8C716D49029B89
S3150803F990596002990A80FEBD2B480068C0060AD53D
S3150803F9A0280004D0307A854201D00A20FEBD802083
S3150803F9B04005654B18608C71644802994860029843
S3150803F9C002800020FEBD02990880FEBDE53E0000C8
S3150803F9D0E40000AA5E4AD368006800BA984201D0D8
S3150803F9E00420704708201268520303D4594A4A6010
S3150803F9F0088011E0584A106058480068E02252000F
S3150803FA00024080204000824202D15548072201E085
S3150803FA10544809220A804860002070474C490968FF
S3150803FA20C90302D54B49082201E04F490422416024
S3150803FA30028070474C2002A8441002A81D33000018
S3150803FA403D3300001C1002A8480002A8E43E00004B
S3150803FA5070B54478FF22384B8025DD710D88042D57
S3150803FA600AD1620878251540DD712202F0242401A3
S3150803FA70144082781443194A09884018401E0578A9
S3150803FA80334E3068C00213D4308AA04201D0A24252
S3150803FA900CD1B17C55290BD08D4209D0854207D0AC
S3150803FAA00A2D05D04A2D03D0552D01D00C2070BD43
S3150803FAB0D879B075FCF770FFB17DFE2800D1072011
S3150803FAC00843B075B48229480068000AF07535778B
S3150803FAD080208003264908600B2070BDFF0F0000B5
S3150803FAE080B50078552801D0542811D1214848609B
S3150803FAF00120088019480068E0225200024080204D
S3150803FB004000824201D1042000E00320088002E07D
S3150803FB100800FFF783FF002002BD80B50C4909687A
S3150803FB20890304D5144941600121018001BDFFF70A
S3150803FB3075FF01BD9D3300006C3E00004F34000085
S3150803FB40DC3E00006B340000481002A86133000055
S3150803FB50CC3E0000653200004C1002A84C4001A8B8
S3150803FB6023340000BD340000753500001CC000A80E
S3150803FB701C1002A8F1350000813600006C3E000017
S3150803FB801D2D0000352D0000352D0000352D0000F4
S3150803FB90352D0000352D0000000000000000000090
S3150803FBA00000000000000000352D0000352D000080
S3150803FBB0352D00006D310000352D00001F2600008D
S3150803FBC02F260000D72600005F270000F327000032
S3150803FBD09529000019280000292A00007128000029
S3150803FBE0CD2800004D290000912B00005D2C000054
S3150803FBF0ED250000AB2E000041220000C92E0000AF
S3150803FC004D2F0000352D000045300000113000004F
S3150803FC10352D0000352D000095300000352D0000E8
S3150803FC20352D0000352D0000352D0000352D00003B
S3150803FC30352D00005313000049130000544880680B
S3150803FC40000200D4704780B58020800251490860BD
S3150803FC50CF2000F0C5FA10204F490968014003D0A8
S3150803FC60B649C8630220086001BDF8B54B4A906BD4
S3150803FC704B4B8026B6031E604A4C216840250F0568
S3150803FC800AD40D4029D0012003F0ADF8002824D06A
S3150803FC9070028D49086020E0E900A027074002D1D9
S3150803FCA01268D20601D5196017E006403CD18027B1
S3150803FCB0864A1760864A1760084035D0344E307A2C
S3150803FCC0400705D501208349086000028249086078
S3150803FCD03078002801D0062801DB0020F2BD00F0A9
S3150803FCE092FB616889684C683178052905D1746087
S3150803FCF0A468CC218901784A116000F08DFB012C98
S3150803FD0000DA0224BC2080058D490860942080050A
S3150803FD108C4908606D480021C94301646142416406
S3150803FD2089490F600560D8E7A3480160FFF786FF96
S3150803FD300120F2BD18480168890504D5C06E000480
S3150803FD40000F022801D0002070470120704738B5FC
S3150803FD5080245E48046000F056FB05009748006857
S3150803FD6000F0C2F9280000F057FBFFF767FF0848C1
S3150803FD70007A000705D5A0000949086000F020FCB1
S3150803FD8031BD60038C4908608D48046031BD0000AD
S3150803FD90783E00001C1002A8440002A80C0002A822
S3150803FDA0442002A8CC3E0000FEB50400854D8C20F5
S3150803FDB080016860012684480660FFF7BBFF0028B8
S3150803FDC026D08248007800287DD031020194052880
S3150803FDD002D022460A4076D1CC2292012A607C4A76
S3150803FDE0126881231B02134001D0032301E0530742
S3150803FDF05B0F0C01022804D1022B62D33648046038
S3150803FE005CE04D01032804D1022B5AD93248056018
S3150803FE10F7BD042802D1114053D0F7BD052850D1A8
S3150803FE20019800284DD0C005C10F68464170019856
S3150803FE30C004C10F6846017000F0E5FA02906348F2
S3150803FE40426868464078002803D01668802020490F
S3150803FE500860670495496846007800280CD0D0687E
S3150803FE600B68C01A924B1B683B4001D0166800E02A
S3150803FE705668864200DD0600684640786A46127868
S3150803FE80024308D008684242B01E824202DA704230
S3150803FE90886000E00026029800F0BEFA0198800503
S3150803FEA001D5984807600198054001D09648076030
S3150803FEB0002E06D0CC20800107490860B6480460A6
S3150803FEC0F7BDFFF744FFF7BD4C6201A80CC001A8B4
S3150803FED090E001A8C4D000A8145001A838B580241E
S3150803FEE08A480460012038490860384D287805286F
S3150803FEF002D06000A9490860FFF71CFF002812D04A
S3150803FF002E480068000A80214140A868000EC9B23D
S3150803FF10814208D22E4800684007400F022802D2C1
S3150803FF20FFF715FF31BD9E480168C0220A4002D17A
S3150803FF30C06F204001D00448046031BD082002A8E0
S3150803FF4008E001A808D001A894D001A80A0000D1A6
S3150803FF50704780B51822514340180C304069002871
S3150803FF6003D08021090300F0DDF901BD38B500F09F
S3150803FF704AFA04008B480568A86881782800FFF7C1
S3150803FF80E5FF6888012101436980022086490860E4
S3150803FF9086490860200000F03FFA31BD10B500F02D
S3150803FFA032FA04007F4800688168C978FFF7CEFFF4
S3150803FFB0200000F031FA10BD441002A818C000A8AA
S3150803FFC0100002A8106001A8C4E000A8783E00004B
S3150803FFD0184001A8F1B582B00F00A020384003D11C
S3150803FFE073480068C00603D580208000714959E02C
S3150803FFF000F009FA00906B480468F80204D5A06873
S315080400000069029000F07CFB00F0D5FB802109030F
S31508040010606800F087F926780020761C6178B1427A
S3150804002000D200261821714365180C352978082949
S31508040030F3DA2670A56060492A780A70BA0507D5E6
S31508040040584800688068C068FA0201D403229043BD
S315080400508860012738400DD158480299426B89189F
S315080400600068081A56494018012803DB00F09CFC6E
S3150804007001F037F8F904686900F054F93C2000F0F7
S31508040080AFF8F0B200F0ACF860884E4901406180E0
S31508040090009800F0C1F93805464908604A480760DF
S315080400A038024A4908600298FEBD000048C001A803
S315080400B04C0002A810B546480068800501D4FE2005
S315080400C010BDC02080034349086000F09CF93549F7
S315080400D009688A78D20702D589688C7800E00C7892
S315080400E000F09AF9200010BD2E4909688A688B78B1
S315080400F0DB0704D5927818235A438A180C32906081
S31508040100704700004C1002A84C2002A894E001A8ED
S31508040110F1B582B0304F3C680026200F000702D1A3
S31508040120E00102902AE000F0DCFF00F06CF901908F
S3150804013080210903606800F0F5F825786D1C60785D
S31508040140A84200D20025E80020180C300090006868
S315080401500290802109030098406800F0E3F83D20E6
S3150804016000F03EF8E8B200F03BF825700098A0606D
S31508040170019800F051F902A801F050F817480068F0
S31508040180800407D5F86901F0BAFC029908180290A8
S3150804019000D502960298FEBDAC3E0000146001A884
S315080401A014C001A8D03E0000284000A8448001A835
S315080401B00C0002A8442002A8783E00009C3F0000D8
S315080401C00010FFFFFEFF0000C0E000A8106001A8B1
S315080401D0440002A8441002A8D43E0000FC0302A866
S315080401E045490968002901D5444908607047F2B5AC
S315080401F082B0434CA168434D4A004ED501260901F5
S3150804020000D521260100404A1068526800922A68DF
S315080402109206920E23689B0080273B4013437A007C
S315080402201A430192394F0A0026D0890601D50120BE
S3150804023008E0F021014007D16946097A0C220A40F0
S3150804024002D0022000F042F8396EBC229200914294
S315080402500DD12F490968C90309D52168490306D56B
S315080402602168090701D4022100E0032100914836D8
S3150804027001993A68920002E00199BA6B120940237F
S315080402801A400A439900009B002B02D00B432B66A5
S3150804029008362A66014329662E66E86D45076D0FFA
S315080402A000F09BF8A8070BD0052D09D0A068000418
S315080402B006D400F0A8F80221164A116000F0ACF83A
S315080402C000F094F8002000F001F8F7BD0E490A681A
S315080402D0F0239A43000110430860C0B27047802097
S315080402E0C0020D490968890701D10C4900E00C4987
S315080402F00860704700000000500002A8884000A863
S31508040300480002A8284000A8743F0000184001A825
S31508040310CC3E000024D50350844000A8486000A8B9
S31508040320485000A880B5494A116001F013FCFFF74C
S31508040330D6FF01BD70B500F066F84549454ACB6855
S315080403409C0813002340D1246400D52B01D2D5235D
S3150804035002E0A34200D923001D0046352D041604E5
S315080403602E401D00463D2A4032430A60C021090634
S31508040370394A1160FE2189010A7C002A0AD0374AC3
S31508040380D52B02D98025ED051560A34202D2802417
S31508040390240614600022324C22604A88002A00D1BE
S315080403A00B8000F039F870BD80B52E482E490860D8
S315080403B02E48C1680902090A1922514341600521D8
S315080403C00160FFF7B7FF01BD28480068C00300D4E1
S315080403D0704780B5FFF7AEFF01BD8020C0021B49F8
S315080403E00860234800684007FBD470478020C00291
S315080403F020490860704701E01F4908601F490968D9
S315080404000140F9D170471E48006820211D4A116031
S3150804041010211D4A116070473021014002D1102075
S3150804042018490860704716480068302101401029A9
S3150804043001D101207047002070471448012101604A
S31508040440C16070470120124908607047441002A829
S315080404507C400050FF010000A0600050A4500050EA
S3150804046018E000E07F1A0601540002A810E000E034
S31508040470440002A8442002A8282002A8280002A8AA
S31508040480600002A8602002A8601002A8789001A85B
S3150804049084A001A8F8B54C4880214902C16102210B
S315080404A04A4A516000214A4A11604A4A1180032186
S315080404B0464A11600221016000204749086020204D
S315080404C046490860802046490860CC208001454991
S315080404D008600124444804603D48806F0090000485
S315080404E0070F42480068C505ED0D103DC020284396
S315080404F0C0B2FFF775FE36480069800303D5092F95
S3150804050001D001F07BF93A480668032D3BD00098E0
S315080405100007000F0090032803D0022806D1032FF2
S3150804052031D000F0AFFA0098032803D0062F2AD159
S31508040530062D28D02F480068C00B204001D001F0B2
S315080405403DFC2D480068000108D5052D06D1012576
S315080405502A4804606005FFF74EFF00E000253100D5
S31508040560380000F0EDFA0600002D06D000F0B6FCBF
S315080405702348046002202349086060052049486529
S31508040580800921490860114821040162002F08D115
S315080405900221416000200E490861C020C0001149AB
S315080405A048643000F2BD80B5FFF717FF1748007896
S315080405B0800602D4022016490860FFF717FF01BD1A
S315080405C002201449086070472C1002A8282002A8A3
S315080405D0380002A8B03E0000AC3E000094E001A832
S315080405E00CC001A8146001A8C4E000A804ED00E04A
S315080405F0B44000A800E200E0FC3E0000645000A8F5
S31508040600646000A82C4000A880E200E0CC3E00000C
S31508040610081002A8082002A870B5794C794D8026DE
S31508040620760179480068304005D06660062001F0F6
S3150804063091FC6E6004E06E60062001F08BFC666037
S315080406403D20A060702129600F222A602160A860DD
S3150804065070BDF8B56C4C8025ED028D4E6F09706837
S31508040660384002D16068800529D58A480068C004E4
S3150804067005D4FFF7C8FE88490D60FFF7CDFE7068FC
S3150804068086490140902040010843706084488549A2
S315080406900860002060607068384002D1F02080004D
S315080406A06060706807402AD07A480068C00726D573
S315080406B07D480078800722D401F054FC1DE0306898
S315080406C0C0071CD5AE0973480068304005D1FFF74A
S315080406D09AFE71490D60FFF79FFE7448FF21FE31AB
S315080406E04160F12149026F4A116021680E4001D028
S315080406F0822100E0C32149020160FFF78DFFF1BDA5
S3150804070080B568480121624A12680A4006D0684AD8
S315080407101268920501D4CA0202608160C021416050
S315080407205C480068C00407D4FFF76DFE8021C9023F
S31508040730BB4A1160FFF770FE01BDF8B55548046859
S315080407405C4D8027022634420AD092480068E0218C
S31508040750C900014004D02F60042068610120686143
S31508040760FFF751FED021C903214007D18A490968F8
S31508040770314003D1894901224A600E60210507D513
S315080407802F6004216961C1490D220A600F220A609B
S31508040790FFF742FEF1BD80B5FFF735FE0121804A19
S315080407A01160804A0223136051600021B84A11601F
S315080407B0FFF732FE01BD90480068C007FBD4B54870
S315080407C0042141618021016070478C49086801222F
S315080407D0104200D1704710B5E023DB000340FF2424
S315080407E0A41CA34207D3AC4B9C6BA40602D41B6877
S315080407F0DB0600D54868024001D000F001F910BDB7
S31508040800A82102A8A81102A8AC0102A8F8B5C82113
S31508040810844A11600621844A116080214903834A67
S315080408201160834D8909296082490A684B691C2429
S315080408301C40102C01D1012300E0002304000720EA
S31508040840824313430B6020688D490F68874200D39F
S315080408500700C01B20600121200000F0A4FB06004D
S315080408602068C0192060FFF768FF8C480168C9062C
S3150804087003D584208000E86107E0944908220068CB
S31508040880104001D00A6000E04A603000F2BD000062
S31508040890EC0002A8500002A83850005AFFE3FFFFF4
S315080408A000FEFFFFAC2102A8803E0000AC1102A89E
S315080408B0B00102A8841102A8F1B5854885490860E3
S315080408C08020C00184490860844C0827A765042051
S315080408D0A0650125824805601D20A062814EE93085
S315080408E0B061072001F036FB0220A06210216B4A92
S315080408F013680B4003D022007B4B23600AE00D23C8
S3150804090012683A4003D032001032A56502E032007C
S315080409101432A0651360754A1268002A00D4B761B8
S31508040920734A3260C022D200724B1B68F824E40171
S315080409301C4001D1F26201E0694B5A616E4A1268A1
S315080409402A4007D075666D490968890503D481026A
S31508040950F16500E0716360490A6C2A4008D0496B66
S31508040960C90705D466490968084001D101F032FB74
S315080409700020C04363490860574C606B054001D1A9
S31508040980FFF7DBFE009801F0D3FA606B8001FCD414
S31508040990F1BD0000980102A800400C5000500C500C
S315080409A0982102A800600C50F8B54B4F786BC00725
S315080409B001D4FFF7F0FE4A4CB72040002060524DA0
S315080409C003262E634A48A8660020E0614F4908605A
S315080409D00D2032490968090701D5A86700E0E867C8
S315080409E0FFF78EFE1020E0612E600C20286380201D
S315080409F000023860F1BD00009C0102A8843F000093
S31508040A00F0210901424A1160014042480160202050
S31508040A1041490860414909680840414908607047E6
S31508040A203860005A548001A80C9001A8982002A89E
S31508040A30A41002A8740102A880B53A483A49826803
S31508040A400A4002D1C268114001D0214901602548F3
S31508040A500821364A13680B4000D081611178C9060B
S31508040A6002D5862109010160FFF7AFFE142030493B
S31508040A700860C0480168490701D0FF21416101BDEA
S31508040A809C3F0000124813490860704700100C5038
S31508040A9000000C50842102A80C0002A8FC0302A83A
S31508040AA02448006824490968890F89070CD0234912
S31508040AB00968C90708D5B049802292030A60BB4B66
S31508040AC01A60104000D00A6070470000601102A83E
S31508040AD001200000706201A8100002A8C01002A834
S31508040AE0682102A8501102A8FF03000028C000A824
S31508040AF0043E0000A88001A8EC0002A8B00102A8E0
S31508040B00803E0000B46000A8E82002A8C00002A83D
S31508040B10586001A8585001A8482002A8184001A8FE
S31508040B20481002A8704201A800800080F84F00000F
S31508040B307C3F00004C4001A84C4201A8384301A858
S31508040B40F0B587B005000C0099480068400102D545
S31508040B502000402404439748006805909648C66ACE
S31508040B60FFF751FC0690B00503D594480068FFF7D3
S31508040B70BBFA0020019001227006C00F0290904B28
S31508040B80986800219960B82149008E4E316066083C
S31508040B90B82131401B78F0261E40402E02D10B00A6
S31508040BA0402119430D2D02D103000420184343079D
S31508040BB004D50B001421194310239C43824B1B684C
S31508040BC003936B461A70039BDA0506D580225200F6
S31508040BD07E4B1A600A0001211143029A002A11D198
S31508040BE00C220A40082A0DD00A00734B9B6BDD06BB
S31508040BF001D41025AA439B0601D420239A43B12382
S31508040C00134055D06A461278002A54D0704DAA6B00
S31508040C10AB6D01265207520F921D9640DA04D20C88
S31508040C20B21A92B2082A09D280210622624B1A60A5
S31508040C304A02A34B1A6000226B461A7081220A40A4
S31508040C403CD00822029B002B00D12A62030008200C
S31508040C50184310229443042213059F4E3360D30489
S31508040C60454E33606B461B78002B24D0062A2AD3BC
S31508040C704F4EF36CDB0626D5B36E9BB2DFB22F61FB
S31508040C801B0A2B61994B1B681B0E019373699BB254
S31508040C90964EF66B360603D01E0080235B0133435B
S31508040CA02B611B0A2B61484B1B68DD058CD40AE0B3
S31508040CB00822474B1A620490009131E02FA24B0692
S31508040CC0DB0ED25CCEE7049000913B4B186B874948
S31508040CD009683F4D2E686F463E810600282737402F
S31508040CE01743820CD2013A43000E30401026304096
S31508040CF01043890040221140014302A88170586BB1
S31508040D00000A02A9C870FFF7D5F902A90871019863
S31508040D10487177480068C8800298E8660398E866C8
S31508040D200698FFF779FB600602D508206A498860A9
S31508040D300498C1B20098C0B2FFF759FAFFF7B0FE9B
S31508040D40BC20800069490A6E824207D1059AD203FB
S31508040D5001D4086E0BE0674A674B1A60096E814234
S31508040D6005D10598C00302D5644800688047200069
S31508040D7007B0F0BD0C4000A84C5001A803010706B3
S31508040D80030107060501060605010606030207060A
S31508040D90030207060502060605020606081A03D212
S31508040DA0574909684018401C704700004C6001A860
S31508040DB0084000A8CC3E0000180002A81CC000A8E1
S31508040DC0743F0000B46000A81C0100AA1C2100AAF4
S31508040DD0540000AAF8B54B4F0F2401254A4910269A
S31508040DE04A48806B30401BD0012008704848006888
S31508040DF07969FFF7D3FF47490968401801285DDB7D
S31508040E0001F0AAF944490968090B0C40022C53D18C
S31508040E10A905424A116042490E643C490D604BE0FB
S31508040E202E023A48006CC0001ED53E480068E021F0
S31508040E308905014042D0384D2868210301407001D4
S31508040E4081423BD1FFF7DFFA374A3849096831400E
S31508040E5002D03749096811602968090B214002291B
S31508040E60F3D0FFF7D9FAF1BD32480068002825D037
S31508040E700D7001F05DF8002820D101F06DF92649BE
S31508040E800968090B2140022916D1254A116069020D
S31508040E9039601E490E60204A1168090B214002294F
S31508040EA0FAD01168090B0C40032C02D029041B4AFA
S31508040EB0116000211F4A116001F052F9F1BD0000CA
S31508040EC0141100AA802080041B49086070478020FA
S31508040ED04004194908607047441002A81748016875
S31508040EE0490701D0FF21416170470000184001A855
S31508040EF0448001A808000400482002A8DC3C00003D
S31508040F0038C001A80CC001A8B23E0000100002A80F
S31508040F101CC101A8EC3E0000B00002A81C1002A8DF
S31508040F20082002A84C4001A8800000AA084000A88E
S31508040F30904000A8983E00003C2002A80C4000A857
S31508040F40F0B58020000208217B4A11600A227B4BF7
S31508040F5001210124944004438AA5AD5C25431D6000
S31508040F60F025774E3560744D89A6B65C022737435B
S31508040F702F6004262E60734D2D680D4001D0022083
S31508040F80F0BD1D6C2D03FCD41D6C5E6C6D036D0BDE
S31508040F90AE4200D22000521EDBD50822684C2260DD
S31508040FA018600020F0BDF3B581B00600FFF7F3FB27
S31508040FB06548006800906548006863490860644DA0
S31508040FC03068296847180024012F12DB00F04BFD0E
S31508040FD0C001381A01280CDBFFF7EDFB00F081F895
S31508040FE030682968401800F0A3FF050001D0346072
S31508040FF072E0584F8026B6003E605748006F0728AF
S315080410002CD005210840052806D0534801670C2032
S3150804101000F0A0FF05005FD1504DFF207A306862CA
S315080410200420A862FFF7C7FB02202860E020C0045A
S315080410304B4948603004786002203860012000F08B
S3150804104089FF6E62022000F085FF7000686208203E
S31508041050A862022000F07EFF0220A8626846007A91
S31508041060002805D03C480068C00701D5FFF7F1FA07
S315080410703C4EE02040003060042000F06BFF050081
S3150804108024D10220364908608002B062C001B062E9
S31508041090354F102038600120F06540263348006833
S315080410A0304003D1FFF74CFF050015D10120386005
S315080410B0FC67022000F04EFF2D4C2660B00020602D
S315080410C0022000F047FF8120C002A062274800687A
S315080410D0800101D4FFF778F900981B4908602800B5
S315080410E0FEBD70B5FFF757FBFFF765FB02261E48E2
S315080410F00660204D0820A862C0016862012000F03D
S3150804110029FF34026C622E600620A8621A486862B7
S31508041110E020400016490860114D2E60FFF75DF97E
S3150804112016480078002800D0052015490860FFF7FE
S315080411305DF92C6070BD0000889001A84C8001A858
S3150804114088A001A8140002A8780102A8F80302A836
S31508041150D03F0000981002A8EC0002A85C1102A86F
S31508041160982002A82C9001A80C8001A8500002A877
S315080411702CA001A85C2102A8F96100006C3F0000BC
S315080411805C0102A80000000101020202080810001E
S31508041190505050404030303030202000F8B504001C
S315080411A00F00444DA878FF2801D12E8810E0424844
S315080411B00068800108D4FFF726F9404909684905FB
S315080411C0CE0DFFF729F902E0FE20800106882E805D
S315080411D0E92E01D2E92604E0CC204000864200D953
S315080411E0060020003978814200DA08000121795680
S315080411F002004A430221795E511841430420385EAD
S3150804120008182F49711848438015001901D500207C
S31508041210F2BDE978814200DA0800F2BD38B5040067
S31508041220102028490860FFF7C6FAC020C0002649DE
S315080412300968F822D2010A4001D1244900E0244968
S3150804124008602448C82181640A2101602248802153
S31508041250490301608909C160204801684269E0239D
S315080412601340802B01D1012200E000220723994371
S315080412700A4302601A480068C821C901451820684B
S31508041280854200D30500401B206000212000FFF79B
S315080412908AFE21684919216032BD8020000111495E
S315080412A008600003104908600220104908601049C4
S315080412B008607047F83F0000500002A888400050B4
S315080412C0D6FEFFFF984101A8AC8001A87C1102A8AC
S315080412D07C2102A80C8001A8981002A8740102A80F
S315080412E0983F0000441002A8442002A8F41302A858
S315080412F0685000A8F1B584B0BC4800680190BC48A1
S315080413000069C821C90140180499884204D2081AF8
S3150804131000F00EFE002803D10124C84D6868204059
S3150804132000D0B8E10420C649C8628003C54988626A
S31508041330C5480668A86B8007800F009067040328D1
S3150804134003D01020BE49C86221E08F62E86B80068C
S3150804135001D5012041E0300610D5E86B80070DD48D
S31508041360CE4805220260EA6B10231A40022313436F
S31508041370036000220260AA6B120A02600420C86293
S31508041380E86B002803D5AE48876200200090A86B56
S31508041390400704D5A86BC0002102084003E094481E
S315080413A00068204201D0FFF72BFB264009D0BC4831
S315080413B0009989014018006AC004C00C401EB94946
S315080413C00860C0208000B849486500990902B74AF0
S315080413D01160B54B986551600020296C94229205DA
S315080413E00A40160000D001263043000635D0964838
S315080413F03021405CC0210140402902D1FFF7D3F8CF
S3150804140001E0FFF7DDF820202860360600D142E126
S31508041410B34FB44EA86B40070CD5A003894988621C
S3150804142040028749886234600220386000F03AFA3C
S3150804143000280BD004208249C86240028149886288
S3150804144000037F4988620220306038607E4800784D
S31508041450000600D41FE1E0041BE16868204000D0C0
S3150804146019E17848C762FEF7B8FF8E48406E296CC2
S31508041470090408D4C00606D5FEF7C5FF02219A4A10
S315080414801160FEF7C9FFFEF7B1FF20032860974EE7
S31508041490C02000063063200495490860A86B4007FD
S315080414A0C10F68460170FEF7AEFF92490C60FEF75D
S315080414B0B3FF914F9148B861686B000206D590480E
S315080414C0801C0068E1055E4A916201E04848C06CE8
S315080414D0296CC90209D5202807D900BF74A1019A25
S315080414E0520700D4891DFFF759FE0100844A10707B
S315080414F0002809D041091F221040062904D94000B2
S315080415002043202800D31F204A01024348021043DF
S31508041510306001207B49CA6F7B4B1343CB677466E3
S315080415208022F2620822724B1A66019AD20603D501
S31508041530AA6B920603D403E0019A120700D400208A
S31508041540724A3A60FC223A6100280AD038003C30D4
S315080415500290274A506D136D654DEB66926E2B46C5
S3150804156007E0380040300290214AD06D956DDD665B
S31508041570D26EDA670A68FF239A4310430860A020EC
S31508041580C0003063052000F0E5FC042501982840D6
S3150804159001D0802000E040200299086002203063D0
S315080415A0062000F0D7FC08203063052000F0D2FCA2
S315080415B034632002B864042000F0CCFC640274602E
S315080415C0022000F0C7FC842080003063022000F06B
S315080415D0C1FCFC61062000F0BDFC02988449401851
S315080415E001990D4006D0202105E000BFFC0302A89E
S315080415F0883F000010210160062000F0ABFCB464AB
S315080416000020C0432849086000F02DFA7949401D96
S31508041610C0010A698418784F8020C0017D6F05408F
S315080416209C4A10609C4E0498844210D20969401A58
S3150804163000F07EFC002809D035602CE0100002A8D2
S315080416401C2002A81C1002A8CC3E0000049C012001
S3150804165000F080FC8020400025490860200000F046
S3150804166067FC8E4C68460078002805D138686062A5
S31508041670802000048A490860356068460078002896
S3150804168009D0012000F066FC2078000603D58020E6
S3150804169000039B49086005B0F0BD00BFE40000AA3A
S315080416A00C0000AA204000A8B46000A8085100A8AD
S315080416B0C0350C109E8DAF1B3813460D80B5FEF74A
S315080416C0A2FE904900220A600A22CA61FEF7A4FE15
S315080416D08D488321090401608C49416001BD0000DD
S315080416E0685000A8F41302A824E503503C1102A884
S315080416F0B81002A800500C50242102A8FF0E0000BE
S31508041700FA3F0000280102A8FF3FFF3F3F3F0000C1
S315080417107F48806B800300D47047F8B57D48046819
S315080417207D4D0826E00629D57948806B800627D49E
S31508041730280048300090012000F00CFC0027774868
S3150804174007607748066077480068C00403D476487B
S3150804175000683040FBD0022000F0FCFB84208000A7
S315080417606865022000F0F6FB7001704908600420E1
S3150804177000F0F0FB600706D5202005E03442D7D1F7
S3150804178028004C30D6E7102000990860FEF73BFE87
S315080417900121674A1160FEF73FFE0220686500F0E2
S315080417A0D9FB09206865C02000066865022000F098
S315080417B0D1FB00980E494018610701D5802100E045
S315080417C040210160A020C0006865082000F0C2FB23
S315080417D0B001E8662E60E020286556480760476031
S315080417E0B0024B490860000153490860F1BD000086
S315080417F000F0FFFF883F000020C001A8F8B54F4855
S3150804180000680D2707400424002F00D104274C48FC
S315080418100225102608214B4A4B4B1B6823401268A5
S3150804182018D04260394005D00220FEF74FFD600308
S31508041830464908603C4007D0454800680643444882
S315080418400660280341490860012042490860424865
S31508041850056018E00260394005D00220FEF736FD1F
S31508041860A0023A4908603C4006D0394801680E434C
S3150804187006606802354908603648056036480560DA
S31508041880A8062D490860FFF743FF00210020FEF74C
S31508041890AEFCF1BD94E001A894D001A8CC3E0000AA
S315080418A01C1002A810B580202C490A6802400AD0E8
S315080418B02B4A136806241C4005D1546E294B234031
S315080418C0126D940101D5002010BD096808400DD099
S315080418D02548834203D1100501D5012010BD2348AC
S315080418E00068C107C90F481E8041C00F10BD2048B3
S315080418F003210164A821C163102101607047000017
S315080419001C2002A8D80000AA442002A804000080CB
S31508041910100002A8FC0302A8182102A8B80002A80D
S31508041920106001A8D84001A8104001A86C1102A8AB
S3150804193000600C50A00102A8482002A8B44000A8E0
S31508041940F43E00001CC101A8480002A8441002A8DD
S31508041950743F0000F41302A8685000A8440002A8C3
S3150804196014C001A81F1F0000010C000030C101A803
S31508041970082002A86C4800680121084209D16B4A6C
S3150804198012686B4B000C1840F03291400B40984299
S3150804199001D00220704700207047F8B507000F38B9
S315080419A06A461080604CE0680A0004D16B461B88BE
S315080419B082B29A423AD200226B461A80012502263E
S315080419C03A0013D02268324007D000292ED059484D
S315080419D00088401C5749088000203900216156496F
S315080419E00E6080B2B84201D369460D8053484560FB
S315080419F000E030BF2068304003D1FFF7BBFF002862
S31508041A00F7D04D484560390010D02168314005D0DB
S31508041A1048490A886B461B88D2180A800660002043
S31508041A202061E068B84201D244480660FFF7A2FF85
S31508041A30F2BD38B5040000F08FFB0500012199209A
S31508041A404443A0093E4A12688018123880B2FFF748
S31508041A50A4FF04008020C0013A490860280000F069
S31508041A607FFB200032BD334803883549096802885C
S31508041A709342F9D1100408187047FEB51238070CBA
S31508041A806946088000F068FB0190274C294D288890
S31508041A90B8421ADA01202C490860274E30BF0220C2
S31508041AA02168014006D0306040032649086028882A
S31508041AB0401C2880FFF75EFF002802D12988B94216
S31508041AC0ECDB0121716000280DD12888B8420AD1BF
S31508041AD0E06869460988884205D200216846008874
S31508041AE0FFF75BFF01E0FFF745FF04008020C00114
S31508041AF014490860019800F033FB2000FEBD10B5B8
S31508041B0012490A680E4B1B680C689442FAD0DB012A
S31508041B104033141A02D288692418641C0C480068D5
S31508041B204443181B10BD0000280002A804ED00E079
S31508041B30FF3F0000B03E0000282002A8281002A893
S31508041B40340002A880E200E02C1002A820C001A8F4
S31508041B50A83F0000F0B502E00A601C602E607EC84B
S31508041B604F1C07D05F1C04D06F1CF5D10A601C609B
S31508041B70F0BD0A60F0BD000080B5FEF7A7FB0120A2
S31508041B808249086001BD38B581490D680824814930
S31508041B900C60FFF7F1FF254001D07F48046031BD92
S31508041BA080B5EB2000F001F801BD30B57B490A6821
S31508041BB0104010231A4210D0794A7A4C24682340DC
S31508041BC008D0794B1C682402FF252D02254015638D
S31508041BD000241C6080235B031360086030BDF0B5E5
S31508041BE00024724D00270BE0BC46075D6F43A60030
S31508041BF096597E400F5D6F43374066463743641CEB
S31508041C009C42F1D3380938438108014348080843FC
S31508041C100540E90929430F208A0B0A43024050402C
S31508041C20F0BDF1B584B00E005F4F00203860604DFA
S31508041C30E87A0090A87A02900F2000990140019151
S31508041C40009901420DD0019B5A4A5B490498FFF753
S31508041C50C6FF0299014039609C4841439C480840A4
S31508041C6001D1012400E044010098001116D0320085
S31508041C70009803061B0F29000498019E6D7A7519AE
S31508041C804019FFF7ACFF02990911014038680A01A7
S31508041C9002433A60002901D048004443FC208001ED
S31508041CA00068204001D1042000E0002005B0F0BD02
S31508041CB080B50A0000211180864952888018FFF7EA
S31508041CC0B0FF02BDF0B50F22834B5C7905780F206F
S31508041CD02040C5402009284001259C79C4402C4051
S31508041CE001D10320F0BD2F4C2468254008D07B4D34
S31508041CF09E684700F65B761E2E608026B601EE6067
S31508041D00DD78DE79C640F00711D5E0060FD5002D3B
S31508041D100DD0734848600888488008881C780019DC
S31508041D202A4080185A7880182A09801800E000206A
S31508041D3008800020F0BD80B56A4801686A4A082010
S31508041D40014200D09061C90602D5862109011160B5
S31508041D506649674A1368034005D0664B1B689B0FA0
S31508041D609B0700D008600F480078C023034002D1BF
S31508041D7080204005086010682022104008605E48EC
S31508041D800068C00101D4FFF70BFF01BD2C4000A871
S31508041D904C4000A84C6000A84C5000A87C3F0000AA
S31508041DA01C1002A8CC3E00009C3E00000101010163
S31508041DB04C3F0000043F0000443F0000F8B54F4C78
S31508041DC0606FA66F06404E4830404E4908604E483C
S31508041DD002210022012335041FD50093057E002D18
S31508041DE007D105696560C5684769ED1925600376F5
S31508041DF006E0C568656005694769ED1925600276D8
S31508041E00447E002C00D000924276009C002C04D01C
S31508041E1004243E4D2C603E4C21600C053D4DF702D2
S31508041E202BD50068070605D53B480068A8602B70C3
S31508041E30A98016E0184203D03848A860AB8010E0A1
S31508041E40C10610D52648A860354881780B071B0FAC
S31508041E500078181809094018A880EA80A888002874
S31508041E6009D0264309E0400604D5281D2D490968EA
S31508041E708847F3E7AA80FFF793FE264024D0214E2D
S31508041E8074603460284FA88800280BD039688142CA
S31508041E9008D3291D2548AA6890470100F3D0FFF7FF
S31508041EA06BFEF1BD01000CD0FC218902F1611849D1
S31508041EB002038A6634600C653A68824204D3CC64A9
S31508041EC0F1BDEB20FFF771FEF1BD00001111000012
S31508041ED021840000243F0000543F0000204000A84D
S31508041EE035210000F84F0000502102A8481002A826
S31508041EF0184001A84C4201A8D04000A8404000A8B8
S31508041F00FFFFDFFFB46000A8CC3E0000F41302A86C
S31508041F10685000A8A03E0000EC3C000049210000DF
S31508041F20553F0000E83C0000D44000A8D84000A86B
S31508041F3010B5C409FFF797FD201A312806DAC00040
S31508041F40183801D4C01EFDD5002010BD2000FFF7A7
S31508041F5094FD10BDC32148436F3801D41E38FDD5FE
S31508041F600020704752480121017052490A684260AC
S31508041F70496881605049E02252010A608022920031
S31508041F804E4B1A60FD224A604D49096801614D4964
S31508041F904D4A11608121C9004C4A11604C490968AF
S31508041FA0C16007204B49086002204B490860704706
S31508041FB03F48017800290CD00169414A1160002183
S31508041FC00170C168424A11603A4982684A604068A9
S31508041FD008607047FEB5C020C00440490860404CFC
S31508041FE0404860654048A0651020FFF7B3FF002805
S31508041FF05CD1FF2000053D4908603D483D4908601D
S315080420003D48206080256D03384805603B480768CD
S315080420100820FFF79FFF002848D10826384806609D
S315080420200120FFF797FF3548806801903548066018
S31508042030354820602D4805600820FFF78BFF0028E7
S3150804204034D12F4806600120FFF784FF2B4DA8687A
S3150804205000902C4806602D4820600199009800F0ED
S315080420605FF80004FC26B60306400198C10B0098E5
S31508042070C00B00F055F80106FC20800508403043E3
S315080420802349020C4A40FF239B1CD21811400143E2
S3150804209021602F6080200003144908601D481E49EA
S315080420A001601E494160FFF783FF0020FEBD000062
S315080420B0843E0000AC0102A8AC1102A8B02102A813
S315080420C0F00002A8083E0000F02002A8F01002A8BA
S315080420D0704001A8706001A8705001A820E000A80B
S315080420E04C0102A857140000FF3FFF3FB42002A882
S315080420F00000380EB41002A810103030104101A8A0
S31508042100105101A8106101A8303010102020202099
S315080421103F3F0000A02102A8F703F000FF3F00009C
S3150804212010B54904CA104004C310991A00209A1815
S31508042130D30F9A18521052188B115B0E5B18DB11C9
S31508042140D2182023541A01D422001843CC0F61183C
S3150804215049105B08F6D110BDEFF3108072B67047CC
S31508042160002800D162B6704780B5FEF793F9AE48E9
S31508042170006800030CD4FEF785FCFFF7C9FAFEF7DE
S3150804218013FC0120FFF79AFAFEF7ABFFFFF710FFDF
S3150804219080208005FEF72FF901BD80B5FEF77AF990
S315080421A080204002FEF727F901BDF8B5FEF715F9B8
S315080421B0774D05206865FEF719F9894806680124EC
S315080421C0264201D1FEF7E7FA6003C0218901854A50
S315080421D01268D205D20D012A00D10800824A11607C
S315080421E02860E00591490860FEF754F990480168AB
S315080421F0009140688F490860B005C70F8E4D0020CE
S315080422002860380004D031000098FDF7E3FE0090FA
S315080422102868204005D16846FEF7F8FA00280BD14D
S3150804222007E0002F05D085480068204001D0FEF756
S3150804223010FA0098FEF740FB7C48046002208049A7
S315080422400860C820C004AA4908606004FEF7D3F8E9
S31508042250F1BDF8B57B4C0020E063974D974F0126F6
S31508042260974898490968014081420FD1A1480068F6
S3150804227030400BD0396CA0480660700568649F4AE4
S315080422809063014000D168649D480660206CC005CF
S3150804229006D580200006206000BF00BF40082060E5
S315080422A0FEF7CAFB3868C021090181432960FEF795
S315080422B0F1F83003A86091490860FDF7D6FC0500DB
S315080422C0904891490860B004FEF795F8002D01D0AE
S315080422D080202060A9480670F1BDF8B58B4F386890
S315080422E0A74909680140A7480160FEF7D3F8A6483C
S315080422F000780521014002D0FEF755F901E0FEF702
S315080423005FF9504C012502269F480068304000D0EA
S3150804231025601020C0439D49086000209C49086038
S31508042320FEF75BF89B480068216C090407D400078C
S3150804233005D5FEF768F898490E60FEF76DF8FEF7BE
S3150804234055F8FFF7F8FC9548006805400BD080203F
S31508042350000693490968014005D0B96A084002D1C4
S315080423600D20FFF710FCB004FEF745F8F1BD80B563
S31508042370FEF790F82C480068000303D4FEF714FB14
S31508042380FEF7AFFE80204003FEF735F801BD0000D6
S31508042390081102A838B5FEF77DF82A4C2025FFF760
S315080423A081FA002806D0606B000704D5FFF79FFA68
S315080423B0FEF773FF2560FEF7F7FAFEF792FE7248FA
S315080423C000780C210140042902D1FEF7ECF801E05B
S315080423D0FEF7F6F86804FEF70EF84020206031BDD3
S315080423E0440002A83C8001A8082102A880B5FDF78C
S315080423F0F4FF0520BF490860FDF7F8FFFEF74AF821
S31508042400FFF775FAFF208001006800906846FEF71A
S3150804241005FF002802D10098FEF76CFF80204004CF
S31508042420FDF7E9FF01BD00000C0002A8442002A83C
S31508042430AC3F0000983E0000803E0000EC0002A875
S31508042440305201A8100002A8F8B5FEF723F8AA4CE2
S31508042450A56A5020284002D0FEF7A5F801E0FEF749
S31508042460AFF8A64FFFF71EFA00281BD1B86B400732
S315080424701DD4786BE0214901014018D1A80611D46E
S31508042480FDF7ABFFA56A9E4E354207D0FF20C04331
S315080424902D18A562802000059A490860FDF7A6FF55
S315080424A02E4002D00120386001E000202060802000
S315080424B08004FDF7A0FFF1BD086001A80C4001A83F
S315080424C040000800CC3E000080B5FDF7E3FFBE4897
S315080424D00068C00501D5FEF767FA0120FFF7EEF894
S315080424E0FEF7FFFD8020C004FDF785FF01BD00004F
S315080424F0106001A8884101A8405101A8145001A8F8
S31508042500406101A870012000B46000A8084001A831
S3150804251010B51D480468FDF7BDFF7B490968090322
S3150804252026D40321C00601D5214001E0A0080140B4
S31508042530012902D1FEF737F80BE0200107D50E2052
S31508042540FFF71AFBA1480421016008210160FEF780
S3150804255037F89F4801699F4A11600068002807D028
S315080425604000122802D2FFF7F5FC01E0FFF761FAF2
S3150804257080208003FDF73FFF10BD0000B23E000037
S31508042580943F00000C5001A8FC3E0000482002A815
S315080425909C3E0000844000A824E50350404101A85D
S315080425A0D44101A8F0B585B0012768460770002410
S315080425B00394FDF76FFF0490534D286800036FD406
S315080425C00320A5490864A54800680290A44EA549B5
S315080425D00007000F032804D002980004000F0628F9
S315080425E03AD1A14800684A6803922A6C920701D531
S315080425F089680391FFF783FA0399401801D5019472
S3150804260000E00190A86B0107C80F0323316B19403A
S3150804261002291BD10499C90618D53168CA0513D5E8
S31508042620EF6B924A1740974203D110218A4A1164E4
S315080426300CE089050AD4296C28220A4006D16A4680
S31508042640147030490B6001E06A46147003906846BA
S315080426500778002F02D10EE008680190FFF722F9E7
S31508042660002808D0FFF743F90398002802D0FEF79C
S3150804267014FE00E00027022077490860002F10D0D6
S315080426803020305C0C210140042902D0E86BC006D6
S3150804269002D5FDF788FF01E0FDF792FF2020686068
S315080426A021E0FEF781F9802000061649086000201B
S315080426B0C0436F49086001A8FEF7B0FD002812D18F
S315080426C002980007000F03280AD1A86B800507D5CE
S315080426D0A020400031680140814201D1FDF75EFC2B
S315080426E00198FEF707FE80200004FDF784FE05B076
S315080426F0F0BD00005C1102A8D43E0000100002A838
S3150804270000FFFF00481002A80C0002A8FEB500242A
S315080427100194FDF7BFFE574EF06E574D0007000FA4
S31508042720072807D17068002804D40020FEF7C6FFDE
S31508042730286841E001200321494A73685B070BD4E2
S315080427404E4B1B68034007D01368DF050BD55B05A2
S3150804275002D43368DB0503D40190106B800904E0C6
S315080427601020474B1860106B0009014000910020A7
S31508042770FEF7A4FF0098002805D17068C00602D4A5
S31508042780FDF71EFF01E0FDF70EFF00200199002961
S3150804279003D13C480068FFF7B2F96969401801D5C6
S315080427A0009400E000906846FEF730F8002805D14A
S315080427B00098FEF781F8A869064908608020000594
S315080427C0FDF719FEF7BD0000680102A880E200E0E3
S315080427D0A03F0000983E0000F8B5FDF75BFE002414
S315080427E000252948466B80277F05300606D530071D
S315080427F009D5FFF77CF8FEF750FD29E001251F48A7
S315080428000068284019D00020FEF758FF0220064029
S3150804281002D01E490C60C8611D480468002D03D007
S315080428202000FDF775FC0400FFF761F82000FEF7A9
S3150804283061FD3800FDF7DFFDF1BD16480078C021BB
S315080428400140402902D1FDF7AEFE01E0FDF7B8FECE
S3150804285020200D490860ECE7082002A8B00002A869
S31508042860CC3E0000B43F00000CC101A810000010C3
S31508042870B46000A8440002A8B03F0000B44000A811
S31508042880481002A81CC101A8100002A8180000AA32
S31508042890CC3F0000FC3E000000F03CF80248034927
S315080428A0486000F053F800BFD12D00000000000076
S315080428B080B5EFF305800B2801D23A2100E02921DF
S315080428C092225200002000F037FAFEE710B5C30042
S315080428D018221A40FF249440E3438907090E9140BD
S315080428E0020004D46E4892089200801806E0A14AB1
S315080428F00007000F08388008800010180268134083
S315080429001943016010BD80B574225421002000F0DB
S3150804291013FA01BD10B5FFF71FFC624901220A60CC
S31508042920614B624C2360624C23600323614C236031
S31508042930614C2360614B1A60614B1A60614A9F4B74
S315080429401A6011228A63FFF70BFC10BDFFF704FC1B
S3150804295004000025012168B2FFF7B8FF6D1C0E2D8F
S31508042960F8D301210F20FFF7B1FF01211120FFF74A
S31508042970ADFF01211320FFF7A9FF01211720FFF757
S31508042980A5FF03210120C043FFF7A0FF01211E2054
S31508042990FFF79CFF7848794908600220784908605F
S315080429A00120904908604704764D28693840FCD0D0
S315080429B02868800101D4FDF7F7FC2000FFF7D0FB57
S315080429C0714E0AE000281BD0FDF71DFD18E02869A2
S315080429D03840FCD02000FFF7C3FB286E0004000F24
S315080429E0022801D1FEF7F6F9FFF7B6FB0400FDF756
S315080429F01AFD00287078E5D0002801D1FDF70CFDF2
S31508042A0001203178002906D177490968890601D455
S31508042A105B49086030BF002131700221584A1160B1
S31508042A2070490860D3E771480168406808407049EE
S31508042A3001401E480160880703D5A9480188491C36
S31508042A4001807047F8B56B48016840680840070E6E
S31508042A503F066948046880256D02F8010DD5674864
S31508042A600068BC218900884204D12C4202D06448FB
S31508042A7000688047022063490860634E680207427B
S31508042A800BD070605D480068BC218900884204D177
S31508042A90254002D0A448006880473760F1BD00008D
S31508042AA000E400E0040002A80000FF3F282002A872
S31508042AB02C1002A840E002A844C002A804C001A839
S31508042AC0044001A820006006F8B5864C20686568AD
S31508042AD00540964805608026F6054C48B10C944A8C
S31508042AE01368002B10D10D420ED0924B5F68FF0776
S31508042AF00AD51B68DB0007D580231B06036000BFC5
S31508042B0000BF0660894B19609A4F3B78062B0FDA8B
S31508042B1010688C218901014329401BD0FFF71CFB4F
S31508042B2000902800FDF740F90098FFF719FB11E01B
S31508042B301368406B80050DD5C820C0041843284087
S31508042B4005D0FDF7ADFF2800FDF72EF902E0A8022F
S31508042B5000D5116088480068064009D0A80607D53C
S31508042B60A068000704D53878072801D1FDF7FEF9CF
S31508042B70F1BD00001CED00E0FFFF9B4000E100E012
S31508042B80602002A8500002A8B23E000010B57B4996
S31508042B9008684C6804407A48046080210C4205D0D1
S31508042BA04160784801600020FDF7FEF8600403D50B
S31508042BB0802040057449086010BD0000145001A81F
S31508042BC038B5724908684C680440E00707D5FFF72A
S31508042BD0C3FA0500FDF782F92800FFF7C1FA6C4825
S31508042BE0046031BD601002A8F40302A8280002A8F4
S31508042BF0FFFF00C0B44000A8CC3E0000784001A8FE
S31508042C00E03C00002C4000A8B46000A8100002A80C
S31508042C10FEB5604C206C676C074001252F4216D020
S31508042C202E065D48066020685C490D60002802D0BF
S31508042C300021FDF777FB5A480068A021C90188429C
S31508042C408041C043C00F5749487057480660FDF78E
S31508042C50DAFB0190022007403ED06268D1B2120A1C
S31508042C60524B0824464E4703012924D0022931D160
S31508042C70012A22D14E49C97800914D490978012281
S31508042C808A404C490A604A490978490590225204FF
S31508042C90891803220A4348490A60376047490F607E
S31508042CA01968009A89185965414909788D40444933
S31508042CB00D6044490DE00090DFE7002A0AD1424935
S31508042CC00D600021596577603760C1043F4A116079
S31508042CD03F490C60314908600198FDF79DFBF7BD33
S31508042CE0B03E0000104001A870B5FDF78CFB040047
S31508042CF0FFF732FA30490A68D2070FD52B4A536DC3
S31508042D001568344E3360CB6873604968F181802155
S31508042D10C904214B1960317B69185165FFF720FAFC
S31508042D202000FDF779FB70BDE43C0000106001A8A3
S31508042D30AC3E0000344301A8002800D0704770B5A3
S31508042D400C00FDF760FB0500FFF706FA0600FDF721
S31508042D5074FB214804600121204A1160026C0A4070
S31508042D60FCD1FDF76FFB3000FFF7FAF92800FDF7F1
S31508042D7053FB70BD783E00004C4201A890C001A8E0
S31508042D8090E001A80CC001A804ED00E0C0C000A8AA
S31508042D90C0E000A800C002A8441002A840E002A8A7
S31508042DA0404000A8B23E0000442002A818800A50F9
S31508042DB0C53E000068A00A5060C101A894D001A8C5
S31508042DC068900A50F42302A860E101A880E200E0B2
S31508042DD0F41302A8BC3E0000008009504090095034
S31508042DE000000000B801000068830020FFFFFFFF11
S31508042DF0FFFFFFFFFFFFFFFFFFFFFFFFFFFFFFFFD1
S31508042E00FFFFFFFFFFFFFFFFFFFFFFFF10000000AC
S30908042E1020850020E7
S30D08042E14BC15FD7F0100000056
S31108042E1C282E040820AE0020B601000091
S31508042E287D4601087D460108FFFFFFFFAAAAAAAA4C
S31508042E388346010800000500C0EA2101C0175302A9
S31508042E48006007080080000048120020640000009B
S31508042E586C07000000000000E4B10308280000001D
S31508042E68E800000001000000000002050200000056
S31508042E780000020302000000FF000A000300000025
S31508042E880000000000000000000000000000000028
S31508042E980000000000000000000000000000000018
S31508042EA80000000000000000000000000000000008
S31508042EB800000000000000000000000000000000F8
S31508042EC800000000000000000000000000000000E8
S31508042ED800000000000000000000000000000000D8
S31508042EE800000000000000000000000000000000C8
S31508042EF800000000000000000000000000000000B8
S31508042F0800000000000000000000000000000000A7
S31508042F180000000000000000000000000000000097
S31508042F280000000000000000000000000000000087
S31508042F38FFFFFFFF0000000018B40308A0F5030804
S31508042F480000000000000000000000000000000067
S31508042F580000000000000000000000000000000057
S31508042F680000000000000000000000000000000047
S31508042F780000010000000000000000000000000036
S31508042F880000000000000000000000000000000027
S31508042F980000000000000000000000000000000017
S31508042FA80000000000000000000000000000000007
S31508042FB800000000000000000000000000000000F7
S31508042FC800000000000000000000000000000000E7
S31508042FD800000000000000000000000000000000D7
S31508042FE800000000000000000000000000000000C7
S31508042FF8000000000000000000000000139E0108FD
S3150804300800000000000000000000000000000000A6
S315080430185000010101000000FFFFFFFF01007F00C7
S3150804302800000000C80009000100011000000000A3
S31508043038000080FFFFFFFF7FFFFFFF7F00070007F1
S315080430480000000000000000000000000000000066
S315080430580000000000000000000000000000000056
S315080430680000000000000000000000000000000046
S315080430780000000000000000000000000000000036
S315080430880000000000000000000000000000000026
S315080430980000000000000000000000000000000016
S315080430A80000000000000000000000000000000006
S315080430B800000000000000000000000000000000F6
S315080430C800000000000000000000000000000000E6
S315080430D800000000000000000000000000000000D6
S315080430E800000000000100FFFF00000000000000C7
S315080430F88416002050E40308020000000DE10108C4
S315080431080101020801000003000000000000000095
S3150804311800000000000000000B0C0000300000004E
S31508043128D5880008FF0400000300000031A7010839
S315080431380000000000000000F0BA0308FFFFFFFFC4
S31508043148FFFFFFFF3C0000003CBA03082EFFD2002D
S315080431580A002B006D5A02089F01000103000000AB
S3150804316800000000FFFF0000000000000100000046
S315080431780000000000000000000000000200000033
S31508043188000000000000000000000000FC71002098
S3150804319858040400BC710020FA000000FFFFFFFF72
S315080431A8FFFFFFFFFFFFFFFFFFFFFFFFFFFFFFFF15
S315080431B8FFFFFFFFFFFFFFFFFFFFFFFFFFFFFFFF05
S315080431C8FFFFFFFFFFFFFFFFFFFFFFFFFFFFFFFFF5
S315080431D8FFFFFFFFFFFFFFFFFFFFFFFFFFFFFFFFE5
S315080431E8FFFFFFFFFFFFFFFFFFFFFFFF00000000D1
S315080431F803000000ACA800204300000000000000FB
S3150804320800000000000000000000000000000000A4
S315080432180000000000000000430000000000000051
S315080432280000000000000000000000000000000084
S315080432380000000000000000430000000000000031
S315080432480000000000000000000000000000000064
S315080432580000000000000000430000000000000011
S315080432680000000000000000000000000000000044
S3150804327800000000000000004300000000000000F1
S315080432880000000000000000000000000000000024
S3150804329800000000000000004300000000000000D1
S315080432A80000000000000000000000000000000004
S315080432B800000000000000004300000000000000B1
S315080432C800000000000000000000000000000000E4
S315080432D80000000000000000176C0308396A030898
S315080432E80000000030F1030814EC03081AE4030884
S315080432F81AE403081AE403081AE403081AE4030890
S315080433081AE403081AE403081AE403081AE403087F
S31508043318FFFFFFFFFFFFFFFFFFFFFFFFFFFF0000A1
S315080433280100415343494900000000000000000019
S315080433380000000000000000000000000000000073
S3150804334800004153434949000000000000000000FA
S315080433580000000000000000000000000000000053
S315080433680000000068B3002000000000ACA8002094
S3150804337814A900207CA90020000000000000000011
S315080433880000000000000000000000000000000023
S315080433980000000000000000000000000000000013
S315080433A80000000000000000000000000000000003
S315080433B80000000030F303087970030875700308E1
S315080433C8FFFFFFFFFFFFFFFF7D70030800000000F3
S315080433D800000300F8B300200600000020030000DC
S315080433E880841E000000000006000000DC050000BA
S315080433F880841E0000000000000006005E0100002C
S315080434080000000000000000010006005E0100003C
S315080434180000000000000000020006005E0100002B
S315080434280000000000000000FFFFFFFF2D790308D5
S315080434380040005A0000045000C0035000400050E1
S3150804344800800050DD300308DD270308E920030857
S315080434583D21030845250308592503087527030844
S315080434689128030879280308691F0308C527030848
S3150804347800000000000000008B2D0000000000007A
S3150804348800000000FFFF0000E02D0408297B03085C
S31508043498FFFFFFFF357D030804F8FFFFFF7FB7002A
S315080434A82B05DF002904F8002403160128033E0126
S315080434B83003700134039D012802BB012D02290239
S315080434C83202E20223014903280184032D01A203D7
S315080434D82F01E8033001D0072400B80B3F000D007C
S315080434E800000000FE01FF0DFFF0FF0301000000C5
S30D080434F8AD43010885430108F0
S7050801468922
